<?xml version="1.0" encoding="UTF-8"?>
<kml xmlns="http://www.opengis.net/kml/2.2">
  <Document>
    <name>EAS3010 field trip</name>
    <description/>
    <Style id="icon-1899-0288D1-nodesc-normal">
      <IconStyle>
        <color>ffd18802</color>
        <scale>1</scale>
        <Icon>
          <href>https://www.gstatic.com/mapspro/images/stock/503-wht-blank_maps.png</href>
        </Icon>
        <hotSpot x="32" xunits="pixels" y="64" yunits="insetPixels"/>
      </IconStyle>
      <LabelStyle>
        <scale>0</scale>
      </LabelStyle>
      <BalloonStyle>
        <text><![CDATA[<h3>$[name]</h3>]]></text>
      </BalloonStyle>
    </Style>
    <Style id="icon-1899-0288D1-nodesc-highlight">
      <IconStyle>
        <color>ffd18802</color>
        <scale>1</scale>
        <Icon>
          <href>https://www.gstatic.com/mapspro/images/stock/503-wht-blank_maps.png</href>
        </Icon>
        <hotSpot x="32" xunits="pixels" y="64" yunits="insetPixels"/>
      </IconStyle>
      <LabelStyle>
        <scale>1</scale>
      </LabelStyle>
      <BalloonStyle>
        <text><![CDATA[<h3>$[name]</h3>]]></text>
      </BalloonStyle>
    </Style>
    <StyleMap id="icon-1899-0288D1-nodesc">
      <Pair>
        <key>normal</key>
        <styleUrl>#icon-1899-0288D1-nodesc-normal</styleUrl>
      </Pair>
      <Pair>
        <key>highlight</key>
        <styleUrl>#icon-1899-0288D1-nodesc-highlight</styleUrl>
      </Pair>
    </StyleMap>
    <Style id="icon-1899-DB4436-nodesc-normal">
      <IconStyle>
        <color>ff3644db</color>
        <scale>1</scale>
        <Icon>
          <href>https://www.gstatic.com/mapspro/images/stock/503-wht-blank_maps.png</href>
        </Icon>
        <hotSpot x="32" xunits="pixels" y="64" yunits="insetPixels"/>
      </IconStyle>
      <LabelStyle>
        <scale>0</scale>
      </LabelStyle>
      <BalloonStyle>
        <text><![CDATA[<h3>$[name]</h3>]]></text>
      </BalloonStyle>
    </Style>
    <Style id="icon-1899-DB4436-nodesc-highlight">
      <IconStyle>
        <color>ff3644db</color>
        <scale>1</scale>
        <Icon>
          <href>https://www.gstatic.com/mapspro/images/stock/503-wht-blank_maps.png</href>
        </Icon>
        <hotSpot x="32" xunits="pixels" y="64" yunits="insetPixels"/>
      </IconStyle>
      <LabelStyle>
        <scale>1</scale>
      </LabelStyle>
      <BalloonStyle>
        <text><![CDATA[<h3>$[name]</h3>]]></text>
      </BalloonStyle>
    </Style>
    <StyleMap id="icon-1899-DB4436-nodesc">
      <Pair>
        <key>normal</key>
        <styleUrl>#icon-1899-DB4436-nodesc-normal</styleUrl>
      </Pair>
      <Pair>
        <key>highlight</key>
        <styleUrl>#icon-1899-DB4436-nodesc-highlight</styleUrl>
      </Pair>
    </StyleMap>
    <Style id="line-1267FF-5000-nodesc-normal">
      <LineStyle>
        <color>ffff6712</color>
        <width>5</width>
      </LineStyle>
      <BalloonStyle>
        <text><![CDATA[<h3>$[name]</h3>]]></text>
      </BalloonStyle>
    </Style>
    <Style id="line-1267FF-5000-nodesc-highlight">
      <LineStyle>
        <color>ffff6712</color>
        <width>7.5</width>
      </LineStyle>
      <BalloonStyle>
        <text><![CDATA[<h3>$[name]</h3>]]></text>
      </BalloonStyle>
    </Style>
    <StyleMap id="line-1267FF-5000-nodesc">
      <Pair>
        <key>normal</key>
        <styleUrl>#line-1267FF-5000-nodesc-normal</styleUrl>
      </Pair>
      <Pair>
        <key>highlight</key>
        <styleUrl>#line-1267FF-5000-nodesc-highlight</styleUrl>
      </Pair>
    </StyleMap>
    <Folder>
      <name>Day 1</name>
      <Placemark>
        <name>Day 1</name>
        <styleUrl>#line-1267FF-5000-nodesc</styleUrl>
        <LineString>
          <tessellate>1</tessellate>
          <coordinates>
            -76.48533,42.44372,0
            -76.48534,42.44371,0
            -76.48536,42.44353,0
            -76.48536,42.44351,0
            -76.48531,42.44336,0
            -76.48526,42.44316,0
            -76.48523,42.443,0
            -76.48521,42.44294,0
            -76.48521,42.44289,0
            -76.48522,42.44281,0
            -76.48522,42.44277,0
            -76.48525,42.4427,0
            -76.48526,42.44265,0
            -76.48528,42.44258,0
            -76.48525,42.44161,0
            -76.48524,42.44152,0
            -76.4852,42.44061,0
            -76.4852,42.44051,0
            -76.48519,42.44031,0
            -76.48518,42.44023,0
            -76.48516,42.43962,0
            -76.48514,42.43932,0
            -76.48513,42.43896,0
            -76.4851,42.43842,0
            -76.4851,42.43835,0
            -76.48507,42.43788,0
            -76.48504,42.43764,0
            -76.48585,42.4374,0
            -76.48608,42.43728,0
            -76.48452,42.43623,0
            -76.4845,42.43622,0
            -76.48436,42.43612,0
            -76.48413,42.43598,0
            -76.48395,42.43586,0
            -76.4832,42.4354,0
            -76.48286,42.43518,0
            -76.48269,42.43509,0
            -76.4826,42.43503,0
            -76.48237,42.43491,0
            -76.48234,42.4349,0
            -76.48213,42.43481,0
            -76.48205,42.43477,0
            -76.48162,42.43459,0
            -76.4815,42.43455,0
            -76.48141,42.43451,0
            -76.48134,42.43447,0
            -76.48105,42.43433,0
            -76.48072,42.43415,0
            -76.48067,42.43413,0
            -76.48052,42.43405,0
            -76.48013,42.43382,0
            -76.47992,42.43367,0
            -76.47956,42.43335,0
            -76.47935,42.43322,0
            -76.47931,42.43319,0
            -76.47918,42.43312,0
            -76.47913,42.4331,0
            -76.47898,42.43302,0
            -76.47606,42.43172,0
            -76.47596,42.43167,0
            -76.47595,42.43167,0
            -76.47546,42.43146,0
            -76.47543,42.43144,0
            -76.47525,42.43136,0
            -76.47498,42.43122,0
            -76.47462,42.43101,0
            -76.4745,42.43093,0
            -76.47424,42.43078,0
            -76.47407,42.43066,0
            -76.47326,42.43013,0
            -76.47143,42.42885,0
            -76.47138,42.42882,0
            -76.47094,42.42852,0
            -76.47083,42.42846,0
            -76.47056,42.42829,0
            -76.47034,42.42817,0
            -76.46937,42.42757,0
            -76.46841,42.42694,0
            -76.46561,42.42517,0
            -76.46382,42.42398,0
            -76.46367,42.42387,0
            -76.46365,42.42386,0
            -76.46314,42.4235,0
            -76.46311,42.42349,0
            -76.46309,42.42347,0
            -76.46031,42.42146,0
            -76.45949,42.42091,0
            -76.45784,42.41991,0
            -76.45775,42.41985,0
            -76.45637,42.41902,0
            -76.45625,42.41894,0
            -76.45624,42.41894,0
            -76.45529,42.41838,0
            -76.45512,42.41827,0
            -76.45276,42.41693,0
            -76.45268,42.41688,0
            -76.45092,42.41592,0
            -76.44671,42.41353,0
            -76.44606,42.41318,0
            -76.44412,42.41219,0
            -76.44398,42.41213,0
            -76.44378,42.41203,0
            -76.44314,42.41174,0
            -76.44294,42.41166,0
            -76.44171,42.41108,0
            -76.44161,42.41104,0
            -76.44156,42.41101,0
            -76.4415,42.41099,0
            -76.44108,42.41081,0
            -76.44073,42.41068,0
            -76.43983,42.4104,0
            -76.43953,42.41029,0
            -76.4389,42.41001,0
            -76.43879,42.40995,0
            -76.43737,42.40926,0
            -76.43728,42.40921,0
            -76.43716,42.40916,0
            -76.43707,42.40911,0
            -76.43565,42.40842,0
            -76.43554,42.40836,0
            -76.43456,42.40788,0
            -76.43452,42.40787,0
            -76.43443,42.40782,0
            -76.43208,42.40669,0
            -76.43199,42.40664,0
            -76.43195,42.40663,0
            -76.43041,42.40586,0
            -76.43021,42.40575,0
            -76.42944,42.40536,0
            -76.42751,42.40444,0
            -76.42746,42.40441,0
            -76.42477,42.4031,0
            -76.42456,42.40299,0
            -76.41747,42.39968,0
            -76.41744,42.39966,0
            -76.41565,42.39883,0
            -76.41486,42.39844,0
            -76.41377,42.39786,0
            -76.41358,42.39775,0
            -76.41271,42.39729,0
            -76.41252,42.39718,0
            -76.41243,42.39714,0
            -76.41202,42.39692,0
            -76.4117,42.39676,0
            -76.4113,42.39659,0
            -76.41086,42.39644,0
            -76.41059,42.39637,0
            -76.41054,42.39635,0
            -76.41013,42.39626,0
            -76.41011,42.39626,0
            -76.4099,42.39622,0
            -76.40987,42.39622,0
            -76.40968,42.39619,0
            -76.40963,42.39619,0
            -76.40948,42.39617,0
            -76.40939,42.39617,0
            -76.40919,42.39615,0
            -76.40914,42.39615,0
            -76.4089,42.39613,0
            -76.40844,42.39611,0
            -76.40817,42.39611,0
            -76.40706,42.39607,0
            -76.40698,42.39606,0
            -76.40674,42.39606,0
            -76.40456,42.396,0
            -76.40455,42.39599,0
            -76.40376,42.39596,0
            -76.40372,42.39595,0
            -76.40358,42.39595,0
            -76.40339,42.39593,0
            -76.40327,42.39593,0
            -76.40323,42.39592,0
            -76.40313,42.39592,0
            -76.40309,42.39591,0
            -76.40299,42.3959,0
            -76.40279,42.39589,0
            -76.40273,42.39588,0
            -76.40255,42.39587,0
            -76.40182,42.3958,0
            -76.40151,42.39578,0
            -76.4011,42.39574,0
            -76.40085,42.39573,0
            -76.39988,42.39565,0
            -76.39964,42.39564,0
            -76.39898,42.39558,0
            -76.39849,42.39555,0
            -76.39795,42.3955,0
            -76.39674,42.39542,0
            -76.39669,42.39542,0
            -76.39637,42.39539,0
            -76.39548,42.39534,0
            -76.39527,42.39532,0
            -76.39324,42.3952,0
            -76.39284,42.39519,0
            -76.39269,42.39518,0
            -76.39208,42.39518,0
            -76.39181,42.39519,0
            -76.39175,42.3952,0
            -76.39111,42.39524,0
            -76.39095,42.39526,0
            -76.39086,42.39526,0
            -76.39036,42.39531,0
            -76.38941,42.39538,0
            -76.38903,42.39542,0
            -76.38812,42.39548,0
            -76.38735,42.39551,0
            -76.38636,42.39551,0
            -76.38223,42.39542,0
            -76.38163,42.39538,0
            -76.38084,42.3953,0
            -76.38056,42.39526,0
            -76.38054,42.39526,0
            -76.38044,42.39525,0
            -76.37918,42.39507,0
            -76.37912,42.39507,0
            -76.37901,42.39505,0
            -76.379,42.39505,0
            -76.3781,42.39493,0
            -76.37781,42.39488,0
            -76.3778,42.39488,0
            -76.37762,42.39485,0
            -76.37757,42.39485,0
            -76.37694,42.39474,0
            -76.37597,42.39454,0
            -76.37596,42.39454,0
            -76.37592,42.39453,0
            -76.37591,42.39453,0
            -76.37389,42.39412,0
            -76.37376,42.39411,0
            -76.37344,42.39406,0
            -76.37313,42.39403,0
            -76.36893,42.39375,0
            -76.36887,42.39374,0
            -76.36724,42.39364,0
            -76.36648,42.39364,0
            -76.36554,42.39368,0
            -76.3643,42.39377,0
            -76.36362,42.3938,0
            -76.36336,42.3938,0
            -76.36308,42.39381,0
            -76.36284,42.3938,0
            -76.36235,42.3938,0
            -76.35988,42.39375,0
            -76.35515,42.39382,0
            -76.35501,42.39383,0
            -76.34602,42.39401,0
            -76.34585,42.394,0
            -76.3457,42.39398,0
            -76.34556,42.39397,0
            -76.3454,42.39394,0
            -76.34507,42.39385,0
            -76.34486,42.39377,0
            -76.34481,42.39376,0
            -76.34263,42.39287,0
            -76.34214,42.39272,0
            -76.34191,42.39266,0
            -76.34072,42.39239,0
            -76.34066,42.39237,0
            -76.34029,42.39227,0
            -76.33861,42.39174,0
            -76.33801,42.39158,0
            -76.33785,42.39153,0
            -76.32673,42.38885,0
            -76.32653,42.38879,0
            -76.32647,42.38878,0
            -76.32585,42.38859,0
            -76.32563,42.38851,0
            -76.32541,42.38844,0
            -76.32395,42.38791,0
            -76.32294,42.38752,0
            -76.32188,42.38705,0
            -76.32116,42.38669,0
            -76.32075,42.3865,0
            -76.3207,42.38647,0
            -76.30819,42.38022,0
            -76.30763,42.37996,0
            -76.30726,42.3798,0
            -76.30703,42.37972,0
            -76.30699,42.3797,0
            -76.30682,42.37964,0
            -76.30636,42.3795,0
            -76.30577,42.37937,0
            -76.30518,42.37927,0
            -76.30496,42.37924,0
            -76.30494,42.37924,0
            -76.30277,42.37904,0
            -76.30261,42.37902,0
            -76.30253,42.37902,0
            -76.28717,42.37761,0
            -76.28623,42.37754,0
            -76.28458,42.3775,0
            -76.28161,42.3775,0
            -76.28148,42.37751,0
            -76.28137,42.37751,0
            -76.28122,42.37752,0
            -76.28117,42.37752,0
            -76.28094,42.37754,0
            -76.28021,42.37763,0
            -76.28018,42.37764,0
            -76.27979,42.37771,0
            -76.27911,42.37789,0
            -76.27838,42.37812,0
            -76.27825,42.37815,0
            -76.27681,42.3786,0
            -76.27674,42.37863,0
            -76.27651,42.37869,0
            -76.27628,42.37874,0
            -76.27587,42.37881,0
            -76.27549,42.37886,0
            -76.27239,42.37895,0
            -76.27194,42.37893,0
            -76.27141,42.37888,0
            -76.271,42.3788,0
            -76.27055,42.37869,0
            -76.27017,42.37856,0
            -76.26991,42.37846,0
            -76.2692,42.37816,0
            -76.26918,42.37814,0
            -76.26899,42.37807,0
            -76.26838,42.3778,0
            -76.26815,42.37771,0
            -76.26689,42.37717,0
            -76.26622,42.3769,0
            -76.266,42.37682,0
            -76.26581,42.37674,0
            -76.26492,42.37641,0
            -76.26473,42.37633,0
            -76.2647,42.37633,0
            -76.26429,42.37617,0
            -76.26427,42.37616,0
            -76.26364,42.37593,0
            -76.26362,42.37592,0
            -76.26277,42.3756,0
            -76.26275,42.3756,0
            -76.26255,42.37552,0
            -76.26254,42.37552,0
            -76.26232,42.37543,0
            -76.26212,42.37536,0
            -76.26211,42.37536,0
            -76.26167,42.37519,0
            -76.26103,42.37496,0
            -76.26101,42.37495,0
            -76.26097,42.37494,0
            -76.26041,42.37469,0
            -76.26003,42.37449,0
            -76.26001,42.37447,0
            -76.25962,42.37426,0
            -76.25961,42.37425,0
            -76.25958,42.37424,0
            -76.25943,42.37414,0
            -76.25942,42.37413,0
            -76.25897,42.37386,0
            -76.25814,42.37343,0
            -76.25806,42.3734,0
            -76.25805,42.37339,0
            -76.25766,42.37323,0
            -76.25588,42.37259,0
            -76.25566,42.37252,0
            -76.25522,42.37236,0
            -76.25521,42.37236,0
            -76.255,42.37229,0
            -76.25499,42.37229,0
            -76.25478,42.37221,0
            -76.25478,42.3722,0
            -76.25457,42.37212,0
            -76.25456,42.37212,0
            -76.25448,42.37209,0
            -76.25436,42.37203,0
            -76.25435,42.37203,0
            -76.25377,42.37175,0
            -76.25375,42.37173,0
            -76.25298,42.37131,0
            -76.25296,42.37131,0
            -76.25285,42.37124,0
            -76.25277,42.3712,0
            -76.25219,42.37087,0
            -76.252,42.37075,0
            -76.25144,42.37042,0
            -76.25097,42.37011,0
            -76.25011,42.36948,0
            -76.25002,42.36942,0
            -76.24992,42.36934,0
            -76.2499,42.36933,0
            -76.24958,42.36907,0
            -76.24952,42.36903,0
            -76.24909,42.36868,0
            -76.24902,42.36863,0
            -76.24869,42.36837,0
            -76.24867,42.36835,0
            -76.24825,42.36804,0
            -76.24818,42.36798,0
            -76.24801,42.36786,0
            -76.248,42.36786,0
            -76.24757,42.36753,0
            -76.24721,42.36728,0
            -76.2472,42.36727,0
            -76.24694,42.36711,0
            -76.24683,42.36705,0
            -76.2468,42.36702,0
            -76.24677,42.367,0
            -76.24675,42.367,0
            -76.24665,42.36693,0
            -76.24646,42.36682,0
            -76.24641,42.36678,0
            -76.24581,42.36643,0
            -76.24571,42.36636,0
            -76.24562,42.36631,0
            -76.24544,42.36619,0
            -76.24533,42.36613,0
            -76.24527,42.36609,0
            -76.24525,42.36608,0
            -76.24515,42.36601,0
            -76.24458,42.36567,0
            -76.24452,42.36563,0
            -76.2445,42.36562,0
            -76.24309,42.36475,0
            -76.24302,42.3647,0
            -76.243,42.36469,0
            -76.24254,42.36439,0
            -76.24199,42.36408,0
            -76.24147,42.36384,0
            -76.24104,42.36368,0
            -76.24064,42.36351,0
            -76.24059,42.36348,0
            -76.24028,42.36334,0
            -76.24024,42.36333,0
            -76.24018,42.36329,0
            -76.24008,42.36324,0
            -76.24004,42.36321,0
            -76.2398,42.36306,0
            -76.23972,42.36299,0
            -76.2397,42.36298,0
            -76.23955,42.36286,0
            -76.23931,42.36264,0
            -76.2391,42.36246,0
            -76.23894,42.36234,0
            -76.23873,42.3622,0
            -76.2386,42.36213,0
            -76.23844,42.36206,0
            -76.23832,42.36202,0
            -76.23825,42.36199,0
            -76.23811,42.36195,0
            -76.23771,42.36188,0
            -76.23754,42.36188,0
            -76.23721,42.36185,0
            -76.23693,42.3619,0
            -76.2367,42.36193,0
            -76.23628,42.36207,0
            -76.23612,42.36214,0
            -76.23601,42.3622,0
            -76.23588,42.36228,0
            -76.2338,42.36377,0
            -76.2338,42.36378,0
            -76.23252,42.36471,0
            -76.23223,42.36491,0
            -76.23221,42.36493,0
            -76.23205,42.36503,0
            -76.23194,42.36511,0
            -76.23163,42.36529,0
            -76.23141,42.3654,0
            -76.23123,42.36548,0
            -76.2311,42.36553,0
            -76.23106,42.36555,0
            -76.23063,42.36571,0
            -76.2303,42.3658,0
            -76.23,42.36587,0
            -76.22918,42.36597,0
            -76.22902,42.36598,0
            -76.22826,42.36598,0
            -76.22609,42.36586,0
            -76.22603,42.36585,0
            -76.2245,42.36577,0
            -76.2242,42.36577,0
            -76.22359,42.36582,0
            -76.22339,42.36585,0
            -76.2231,42.36591,0
            -76.22296,42.36593,0
            -76.22263,42.366,0
            -76.22204,42.3661,0
            -76.22191,42.36611,0
            -76.22167,42.36614,0
            -76.22106,42.36619,0
            -76.22033,42.36619,0
            -76.21992,42.36617,0
            -76.21949,42.36612,0
            -76.21945,42.36612,0
            -76.21901,42.36605,0
            -76.21855,42.36595,0
            -76.2182,42.36586,0
            -76.21752,42.36565,0
            -76.21728,42.36555,0
            -76.21722,42.36553,0
            -76.21721,42.36552,0
            -76.21693,42.3654,0
            -76.21686,42.36536,0
            -76.21656,42.36521,0
            -76.21643,42.36513,0
            -76.2164,42.36512,0
            -76.2163,42.36507,0
            -76.21609,42.36494,0
            -76.2156,42.3646,0
            -76.21221,42.36198,0
            -76.21219,42.36196,0
            -76.21213,42.36192,0
            -76.21202,42.36183,0
            -76.212,42.36181,0
            -76.21123,42.36121,0
            -76.21108,42.36108,0
            -76.21104,42.36103,0
            -76.21069,42.3607,0
            -76.2106,42.3606,0
            -76.21035,42.36036,0
            -76.2103,42.36032,0
            -76.21,42.36004,0
            -76.20943,42.35963,0
            -76.20917,42.35947,0
            -76.20831,42.35901,0
            -76.20824,42.35898,0
            -76.20651,42.35809,0
            -76.20649,42.35807,0
            -76.20591,42.35778,0
            -76.20585,42.35774,0
            -76.20583,42.35773,0
            -76.2058,42.35771,0
            -76.2054,42.35752,0
            -76.20521,42.35742,0
            -76.20493,42.35725,0
            -76.2047,42.35707,0
            -76.20463,42.357,0
            -76.20455,42.35691,0
            -76.20454,42.35691,0
            -76.20448,42.35683,0
            -76.20442,42.35676,0
            -76.20433,42.35667,0
            -76.20422,42.35654,0
            -76.20414,42.35646,0
            -76.20408,42.35641,0
            -76.20397,42.35633,0
            -76.20378,42.35621,0
            -76.20336,42.35604,0
            -76.20306,42.35599,0
            -76.20274,42.35596,0
            -76.20265,42.35596,0
            -76.20249,42.35597,0
            -76.20218,42.35602,0
            -76.20216,42.35603,0
            -76.20135,42.35621,0
            -76.20132,42.35622,0
            -76.20123,42.35623,0
            -76.20109,42.35627,0
            -76.20068,42.35635,0
            -76.19855,42.35685,0
            -76.1983,42.3569,0
            -76.19787,42.35701,0
            -76.19742,42.35716,0
            -76.197,42.35733,0
            -76.19675,42.35748,0
            -76.1966,42.35759,0
            -76.19645,42.35769,0
            -76.19637,42.35777,0
            -76.19628,42.35784,0
            -76.19612,42.35799,0
            -76.19596,42.35817,0
            -76.19586,42.3583,0
            -76.19584,42.35832,0
            -76.19564,42.35864,0
            -76.19554,42.35886,0
            -76.19529,42.3595,0
            -76.19527,42.35954,0
            -76.19526,42.35959,0
            -76.19519,42.35979,0
            -76.19516,42.3599,0
            -76.19515,42.35992,0
            -76.19473,42.36112,0
            -76.19469,42.36122,0
            -76.19467,42.36129,0
            -76.19466,42.36131,0
            -76.19447,42.36181,0
            -76.19433,42.3621,0
            -76.19421,42.36231,0
            -76.1942,42.36232,0
            -76.19402,42.3626,0
            -76.19387,42.36279,0
            -76.19365,42.36303,0
            -76.19334,42.36332,0
            -76.19328,42.36336,0
            -76.19312,42.3635,0
            -76.19293,42.36363,0
            -76.19281,42.36372,0
            -76.19247,42.36394,0
            -76.19223,42.36407,0
            -76.1922,42.36408,0
            -76.19219,42.36409,0
            -76.19206,42.36416,0
            -76.19199,42.36419,0
            -76.1919,42.36424,0
            -76.19179,42.36428,0
            -76.19178,42.36429,0
            -76.19174,42.36431,0
            -76.19137,42.36446,0
            -76.19136,42.36446,0
            -76.19128,42.36449,0
            -76.19115,42.36453,0
            -76.19107,42.36456,0
            -76.19091,42.36461,0
            -76.19086,42.36462,0
            -76.1907,42.36467,0
            -76.19068,42.36467,0
            -76.19046,42.36472,0
            -76.19045,42.36472,0
            -76.19032,42.36475,0
            -76.19013,42.36478,0
            -76.18999,42.36481,0
            -76.1897,42.36485,0
            -76.18942,42.36487,0
            -76.18854,42.36489,0
            -76.18811,42.36488,0
            -76.18766,42.36484,0
            -76.18699,42.36472,0
            -76.18681,42.36467,0
            -76.18653,42.36461,0
            -76.18353,42.36388,0
            -76.18352,42.36388,0
            -76.18265,42.36367,0
            -76.18259,42.36366,0
            -76.18074,42.36322,0
            -76.17982,42.36298,0
            -76.17959,42.36293,0
            -76.17941,42.36288,0
            -76.17866,42.36271,0
            -76.17843,42.36265,0
            -76.17837,42.36264,0
            -76.17777,42.36249,0
            -76.17773,42.36249,0
            -76.17744,42.36243,0
            -76.17734,42.3624,0
            -76.17719,42.36237,0
            -76.17703,42.36235,0
            -76.17694,42.36233,0
            -76.17655,42.36227,0
            -76.17605,42.36221,0
            -76.17559,42.36217,0
            -76.17492,42.36214,0
            -76.17431,42.36214,0
            -76.17371,42.36217,0
            -76.17307,42.36223,0
            -76.172,42.36239,0
            -76.17165,42.36246,0
            -76.17151,42.36248,0
            -76.17137,42.36252,0
            -76.17098,42.36261,0
            -76.1709,42.36264,0
            -76.17079,42.36267,0
            -76.16966,42.36306,0
            -76.16935,42.3632,0
            -76.16913,42.36329,0
            -76.16852,42.36359,0
            -76.16825,42.36374,0
            -76.16803,42.36388,0
            -76.16789,42.36396,0
            -76.16745,42.36425,0
            -76.16687,42.36468,0
            -76.16676,42.36477,0
            -76.1667,42.36483,0
            -76.16652,42.36498,0
            -76.16565,42.36577,0
            -76.16535,42.36607,0
            -76.16454,42.36681,0
            -76.1644,42.36693,0
            -76.16392,42.36737,0
            -76.16384,42.36745,0
            -76.16373,42.36754,0
            -76.16352,42.36775,0
            -76.16033,42.37069,0
            -76.16011,42.37087,0
            -76.15986,42.37104,0
            -76.1597,42.37114,0
            -76.15949,42.37126,0
            -76.15928,42.37137,0
            -76.159,42.37149,0
            -76.15894,42.37151,0
            -76.15874,42.37159,0
            -76.15851,42.37166,0
            -76.15826,42.37169,0
            -76.15773,42.37179,0
            -76.15716,42.37185,0
            -76.15691,42.37186,0
            -76.15675,42.37186,0
            -76.15627,42.37184,0
            -76.1561,42.37182,0
            -76.15606,42.37182,0
            -76.15586,42.37179,0
            -76.15584,42.37179,0
            -76.15538,42.37171,0
            -76.15469,42.37153,0
            -76.15436,42.37146,0
            -76.15252,42.37101,0
            -76.15203,42.37094,0
            -76.146,42.36946,0
            -76.14585,42.36943,0
            -76.14253,42.36861,0
            -76.14242,42.36859,0
            -76.14009,42.36802,0
            -76.13999,42.368,0
            -76.13743,42.36737,0
            -76.1372,42.36732,0
            -76.13096,42.36578,0
            -76.13073,42.36573,0
            -76.12446,42.36418,0
            -76.12388,42.36409,0
            -76.12335,42.36405,0
            -76.1233,42.36405,0
            -76.12315,42.36404,0
            -76.11471,42.36424,0
            -76.1143,42.36424,0
            -76.11369,42.36426,0
            -76.11233,42.3642,0
            -76.11159,42.36412,0
            -76.11063,42.36398,0
            -76.10924,42.36375,0
            -76.10921,42.36374,0
            -76.10807,42.36356,0
            -76.10705,42.36347,0
            -76.10683,42.36344,0
            -76.10653,42.36342,0
            -76.10364,42.36338,0
            -76.103,42.36334,0
            -76.1022,42.36325,0
            -76.10025,42.36288,0
            -76.09735,42.36227,0
            -76.09721,42.36223,0
            -76.0969,42.36216,0
            -76.09644,42.36204,0
            -76.09576,42.36182,0
            -76.09505,42.36157,0
            -76.09282,42.3607,0
            -76.09261,42.36061,0
            -76.09188,42.36034,0
            -76.09121,42.36012,0
            -76.09084,42.36001,0
            -76.09004,42.3598,0
            -76.08983,42.35976,0
            -76.08967,42.35972,0
            -76.0896,42.35971,0
            -76.08831,42.35946,0
            -76.08652,42.35916,0
            -76.08632,42.35912,0
            -76.08575,42.35903,0
            -76.08521,42.35893,0
            -76.08088,42.35821,0
            -76.07959,42.35804,0
            -76.07839,42.35794,0
            -76.07787,42.35792,0
            -76.07264,42.35791,0
            -76.07155,42.35793,0
            -76.07113,42.35795,0
            -76.07088,42.35795,0
            -76.07072,42.35796,0
            -76.07064,42.35796,0
            -76.06991,42.358,0
            -76.06978,42.358,0
            -76.06967,42.35801,0
            -76.06772,42.35809,0
            -76.06739,42.35809,0
            -76.06724,42.35808,0
            -76.06651,42.35807,0
            -76.06359,42.35794,0
            -76.06311,42.35793,0
            -76.06278,42.35791,0
            -76.0625,42.35791,0
            -76.06215,42.35793,0
            -76.06205,42.35793,0
            -76.06181,42.35795,0
            -76.06177,42.35795,0
            -76.06133,42.358,0
            -76.06059,42.35814,0
            -76.05891,42.35855,0
            -76.0588,42.35857,0
            -76.05718,42.35896,0
            -76.05709,42.35899,0
            -76.05696,42.35902,0
            -76.05675,42.35908,0
            -76.05659,42.35911,0
            -76.05656,42.35912,0
            -76.05643,42.35914,0
            -76.05629,42.35917,0
            -76.05587,42.35921,0
            -76.05535,42.35923,0
            -76.05491,42.35919,0
            -76.0537,42.35904,0
            -76.05344,42.359,0
            -76.05164,42.35878,0
            -76.05117,42.35871,0
            -76.05102,42.35868,0
            -76.05093,42.35867,0
            -76.05078,42.35863,0
            -76.05059,42.35859,0
            -76.04626,42.35744,0
            -76.04592,42.35734,0
            -76.04417,42.35666,0
            -76.04413,42.35665,0
            -76.04398,42.3566,0
            -76.0436,42.35649,0
            -76.0434,42.35644,0
            -76.04289,42.35634,0
            -76.04252,42.35629,0
            -76.03875,42.35589,0
            -76.03862,42.35587,0
            -76.03708,42.35571,0
            -76.03691,42.3557,0
            -76.03673,42.3557,0
            -76.03653,42.35569,0
            -76.03635,42.3557,0
            -76.03612,42.3557,0
            -76.03524,42.35574,0
            -76.03512,42.35574,0
            -76.03038,42.35592,0
            -76.03013,42.35591,0
            -76.02997,42.35591,0
            -76.02949,42.35587,0
            -76.02876,42.35577,0
            -76.02855,42.35573,0
            -76.02748,42.35557,0
            -76.02746,42.35556,0
            -76.02686,42.35548,0
            -76.02611,42.3554,0
            -76.02578,42.35538,0
            -76.02559,42.35536,0
            -76.02553,42.35536,0
            -76.02489,42.3553,0
            -76.02481,42.3553,0
            -76.02463,42.35528,0
            -76.02457,42.35528,0
            -76.02402,42.35525,0
            -76.02384,42.35525,0
            -76.02149,42.35534,0
            -76.0213,42.35534,0
            -76.02076,42.35531,0
            -76.02059,42.35529,0
            -76.02047,42.35527,0
            -76.02043,42.35527,0
            -76.02018,42.35523,0
            -76.0196,42.3551,0
            -76.01936,42.35503,0
            -76.01919,42.35497,0
            -76.01863,42.35475,0
            -76.01848,42.3547,0
            -76.0157,42.35356,0
            -76.01564,42.35354,0
            -76.01487,42.35322,0
            -76.01474,42.35318,0
            -76.01465,42.35314,0
            -76.01418,42.353,0
            -76.01411,42.35299,0
            -76.01395,42.35295,0
            -76.01381,42.35293,0
            -76.0136,42.35289,0
            -76.01347,42.35288,0
            -76.01333,42.35286,0
            -76.01304,42.35284,0
            -76.01268,42.35284,0
            -76.01219,42.35287,0
            -76.01034,42.35317,0
            -76.01023,42.35318,0
            -76.00999,42.35322,0
            -76.00991,42.35324,0
            -76.00951,42.35328,0
            -76.00945,42.35329,0
            -76.00927,42.3533,0
            -76.00911,42.35332,0
            -76.00864,42.35331,0
            -76.00828,42.35328,0
            -76.00804,42.35325,0
            -76.00781,42.35321,0
            -76.00742,42.35311,0
            -76.00722,42.35305,0
            -76.00689,42.35293,0
            -76.00677,42.35288,0
            -76.00658,42.35279,0
            -76.00356,42.35123,0
            -76.00347,42.35119,0
            -76.00285,42.35087,0
            -76.00282,42.35085,0
            -76.00226,42.35057,0
            -76.00221,42.35054,0
            -76.0017,42.35028,0
            -76.00165,42.35025,0
            -76.00143,42.35014,0
            -76.00117,42.35003,0
            -76.00115,42.35003,0
            -76.00094,42.34996,0
            -75.99985,42.3497,0
            -75.99939,42.34956,0
            -75.99914,42.34947,0
            -75.999,42.34941,0
            -75.99867,42.34925,0
            -75.99819,42.34895,0
            -75.99797,42.3488,0
            -75.99733,42.3483,0
            -75.99695,42.34802,0
            -75.99694,42.34802,0
            -75.9969,42.34798,0
            -75.99685,42.34795,0
            -75.99678,42.34789,0
            -75.99674,42.34787,0
            -75.9966,42.34777,0
            -75.99632,42.34759,0
            -75.99624,42.34753,0
            -75.99615,42.34747,0
            -75.99614,42.34747,0
            -75.99605,42.34742,0
            -75.99586,42.3473,0
            -75.99585,42.3473,0
            -75.99531,42.347,0
            -75.99516,42.34693,0
            -75.99507,42.34688,0
            -75.99496,42.34683,0
            -75.99491,42.3468,0
            -75.99412,42.3464,0
            -75.99407,42.34637,0
            -75.99386,42.34628,0
            -75.99348,42.3461,0
            -75.99345,42.34609,0
            -75.99095,42.34498,0
            -75.99083,42.34492,0
            -75.98949,42.34433,0
            -75.98888,42.34404,0
            -75.98878,42.344,0
            -75.98845,42.34384,0
            -75.98837,42.34381,0
            -75.9877,42.34346,0
            -75.9868,42.34296,0
            -75.9866,42.34286,0
            -75.97906,42.33867,0
            -75.97816,42.33824,0
            -75.97813,42.33822,0
            -75.978,42.33816,0
            -75.97792,42.33813,0
            -75.97751,42.33793,0
            -75.97709,42.33775,0
            -75.97557,42.33705,0
            -75.97531,42.33692,0
            -75.97497,42.33673,0
            -75.97459,42.3365,0
            -75.97442,42.33641,0
            -75.97437,42.33637,0
            -75.97434,42.33636,0
            -75.97432,42.33634,0
            -75.9731,42.33559,0
            -75.97245,42.33513,0
            -75.9724,42.3351,0
            -75.97184,42.33467,0
            -75.9709,42.33387,0
            -75.9706,42.33364,0
            -75.97037,42.33345,0
            -75.9691,42.33227,0
            -75.96896,42.33215,0
            -75.96859,42.33181,0
            -75.96697,42.33024,0
            -75.96575,42.3291,0
            -75.96551,42.32913,0
            -75.96549,42.32914,0
            -75.96544,42.32915,0
            -75.96534,42.32915,0
            -75.96511,42.32918,0
            -75.96495,42.32921,0
            -75.96448,42.32927,0
            -75.96446,42.32927,0
            -75.96434,42.32929,0
            -75.96433,42.3293,0
            -75.96424,42.32931,0
            -75.96422,42.32931,0
            -75.96409,42.32933,0
            -75.96405,42.32933,0
            -75.96348,42.32937,0
            -75.96319,42.32938,0
            -75.96247,42.32937,0
            -75.96225,42.32936,0
            -75.96152,42.32936,0
            -75.9614,42.32937,0
            -75.96061,42.3294,0
            -75.96038,42.32942,0
            -75.95983,42.32945,0
            -75.95979,42.32946,0
            -75.95934,42.32949,0
            -75.9593,42.3295,0
            -75.95669,42.32971,0
            -75.95665,42.32971,0
            -75.95597,42.32977,0
            -75.95576,42.32978,0
            -75.9557,42.32979,0
            -75.95564,42.32979,0
            -75.95495,42.32985,0
            -75.95492,42.32985,0
            -75.95486,42.32986,0
            -75.95448,42.32988,0
            -75.95431,42.32988,0
            -75.95425,42.32989,0
            -75.95422,42.32989,0
            -75.95419,42.32988,0
            -75.95394,42.32988,0
            -75.95385,42.32987,0
            -75.95382,42.32987,0
            -75.95345,42.32982,0
            -75.95313,42.32976,0
            -75.95288,42.3297,0
            -75.95287,42.3297,0
            -75.9528,42.32968,0
            -75.95269,42.32964,0
            -75.95258,42.32961,0
            -75.95243,42.32956,0
            -75.95236,42.32953,0
            -75.95232,42.32952,0
            -75.95225,42.32949,0
            -75.95222,42.32947,0
            -75.95167,42.32924,0
            -75.95159,42.3292,0
            -75.9511,42.32901,0
            -75.9506,42.32887,0
            -75.95033,42.32881,0
            -75.95002,42.32876,0
            -75.94953,42.32872,0
            -75.94915,42.32872,0
            -75.94904,42.32873,0
            -75.94895,42.32873,0
            -75.9488,42.32874,0
            -75.94847,42.32878,0
            -75.94808,42.32885,0
            -75.94803,42.32887,0
            -75.94785,42.32891,0
            -75.9478,42.32893,0
            -75.94741,42.32906,0
            -75.94724,42.32913,0
            -75.94672,42.32938,0
            -75.94645,42.32955,0
            -75.94641,42.32957,0
            -75.94605,42.32981,0
            -75.94589,42.32993,0
            -75.94588,42.32994,0
            -75.94576,42.33003,0
            -75.94539,42.33034,0
            -75.94531,42.33042,0
            -75.94525,42.33049,0
            -75.94519,42.33054,0
            -75.94511,42.33063,0
            -75.9451,42.33063,0
            -75.94499,42.33078,0
            -75.94498,42.33079,0
            -75.94487,42.33095,0
            -75.94477,42.33111,0
            -75.94468,42.33128,0
            -75.94458,42.33144,0
            -75.94457,42.33147,0
            -75.9445,42.33159,0
            -75.94441,42.33172,0
            -75.94421,42.33197,0
            -75.94412,42.33207,0
            -75.94397,42.33222,0
            -75.94367,42.3325,0
            -75.94286,42.33316,0
            -75.9424,42.33356,0
            -75.94235,42.33361,0
            -75.94204,42.33388,0
            -75.94174,42.33417,0
            -75.94173,42.33417,0
            -75.94144,42.33445,0
            -75.94139,42.33449,0
            -75.94131,42.33458,0
            -75.94073,42.33516,0
            -75.94058,42.33532,0
            -75.94029,42.3356,0
            -75.94029,42.33561,0
            -75.93991,42.33597,0
            -75.93984,42.33603,0
            -75.93964,42.33622,0
            -75.93896,42.33682,0
            -75.93891,42.33687,0
            -75.93875,42.337,0
            -75.9378,42.33782,0
            -75.93772,42.3379,0
            -75.93738,42.3382,0
            -75.93734,42.33824,0
            -75.93703,42.33849,0
            -75.93693,42.33858,0
            -75.93667,42.33876,0
            -75.93639,42.33893,0
            -75.9361,42.33907,0
            -75.93575,42.33921,0
            -75.93537,42.33933,0
            -75.9315,42.34026,0
            -75.93149,42.34026,0
            -75.93103,42.34038,0
            -75.93092,42.3404,0
            -75.92715,42.34134,0
            -75.92638,42.34148,0
            -75.92595,42.34154,0
            -75.92565,42.34157,0
            -75.92552,42.34159,0
            -75.92541,42.34159,0
            -75.92492,42.34163,0
            -75.92468,42.34164,0
            -75.92444,42.34164,0
            -75.92434,42.34165,0
            -75.92419,42.34164,0
            -75.92371,42.34164,0
            -75.92329,42.34162,0
            -75.92322,42.34161,0
            -75.92305,42.3416,0
            -75.92298,42.34159,0
            -75.92282,42.34158,0
            -75.9225,42.34154,0
            -75.92247,42.34154,0
            -75.92226,42.34151,0
            -75.92215,42.3415,0
            -75.92138,42.34137,0
            -75.92059,42.34118,0
            -75.92017,42.34106,0
            -75.91994,42.34098,0
            -75.9199,42.34097,0
            -75.91963,42.34088,0
            -75.9193,42.34075,0
            -75.91928,42.34074,0
            -75.91799,42.34024,0
            -75.91797,42.34023,0
            -75.91768,42.34012,0
            -75.91713,42.33995,0
            -75.917,42.33992,0
            -75.91673,42.33987,0
            -75.91644,42.33983,0
            -75.91624,42.33981,0
            -75.91601,42.3398,0
            -75.91552,42.3398,0
            -75.91528,42.33982,0
            -75.91504,42.33985,0
            -75.9148,42.33989,0
            -75.91479,42.33989,0
            -75.91433,42.33998,0
            -75.90896,42.34127,0
            -75.90854,42.34138,0
            -75.90772,42.34157,0
            -75.90719,42.34168,0
            -75.90672,42.34176,0
            -75.90663,42.34178,0
            -75.90601,42.34186,0
            -75.90542,42.34191,0
            -75.90475,42.34193,0
            -75.90391,42.34192,0
            -75.90385,42.34191,0
            -75.90345,42.34189,0
            -75.90309,42.34185,0
            -75.90295,42.34184,0
            -75.90223,42.34174,0
            -75.90183,42.34167,0
            -75.90175,42.34166,0
            -75.89848,42.34097,0
            -75.89841,42.34096,0
            -75.89791,42.34084,0
            -75.89756,42.34074,0
            -75.89686,42.34049,0
            -75.89647,42.34033,0
            -75.89646,42.34032,0
            -75.89612,42.34018,0
            -75.89606,42.34014,0
            -75.8958,42.34001,0
            -75.89567,42.33993,0
            -75.8955,42.33984,0
            -75.8951,42.33959,0
            -75.89472,42.33937,0
            -75.89453,42.33925,0
            -75.89432,42.33913,0
            -75.89393,42.33889,0
            -75.89334,42.33857,0
            -75.89331,42.33855,0
            -75.89319,42.3385,0
            -75.89313,42.33848,0
            -75.89305,42.33844,0
            -75.89293,42.3384,0
            -75.89292,42.3384,0
            -75.8924,42.33824,0
            -75.89193,42.33814,0
            -75.89162,42.3381,0
            -75.89122,42.33808,0
            -75.89093,42.33808,0
            -75.89063,42.3381,0
            -75.88877,42.33836,0
            -75.88876,42.33836,0
            -75.88409,42.3393,0
            -75.88386,42.33934,0
            -75.88285,42.33946,0
            -75.88279,42.33946,0
            -75.88247,42.33949,0
            -75.88234,42.33951,0
            -75.88135,42.33961,0
            -75.88067,42.33973,0
            -75.88053,42.33976,0
            -75.87947,42.34005,0
            -75.87904,42.34018,0
            -75.8786,42.3403,0
            -75.87854,42.34032,0
            -75.87848,42.34033,0
            -75.87762,42.34057,0
            -75.87757,42.34058,0
            -75.87689,42.34077,0
            -75.87688,42.34077,0
            -75.87658,42.34086,0
            -75.87606,42.341,0
            -75.8757,42.34111,0
            -75.87552,42.34115,0
            -75.87549,42.34116,0
            -75.87535,42.34119,0
            -75.87534,42.34119,0
            -75.87529,42.3412,0
            -75.87528,42.3412,0
            -75.87521,42.34121,0
            -75.87508,42.34124,0
            -75.87486,42.34127,0
            -75.8748,42.34127,0
            -75.87456,42.3413,0
            -75.87441,42.34131,0
            -75.87433,42.34132,0
            -75.87413,42.34133,0
            -75.87408,42.34134,0
            -75.87384,42.34136,0
            -75.87375,42.34136,0
            -75.872,42.3415,0
            -75.87166,42.34154,0
            -75.87163,42.34155,0
            -75.87148,42.34157,0
            -75.87145,42.34158,0
            -75.87143,42.34158,0
            -75.87123,42.34161,0
            -75.87096,42.34167,0
            -75.87095,42.34167,0
            -75.87077,42.34171,0
            -75.87077,42.34172,0
            -75.87073,42.34173,0
            -75.87072,42.34173,0
            -75.87049,42.34179,0
            -75.87027,42.34186,0
            -75.87021,42.34187,0
            -75.87005,42.34193,0
            -75.86984,42.34199,0
            -75.86938,42.34215,0
            -75.86921,42.3422,0
            -75.86916,42.34222,0
            -75.8676,42.34273,0
            -75.86739,42.34279,0
            -75.86737,42.3428,0
            -75.86649,42.34306,0
            -75.86606,42.34317,0
            -75.86578,42.34323,0
            -75.86561,42.34328,0
            -75.86541,42.34332,0
            -75.86531,42.34335,0
            -75.86504,42.34341,0
            -75.86372,42.34365,0
            -75.86368,42.34365,0
            -75.86324,42.34372,0
            -75.863,42.34375,0
            -75.86296,42.34375,0
            -75.86252,42.34381,0
            -75.86249,42.34381,0
            -75.86228,42.34384,0
            -75.86224,42.34385,0
            -75.8621,42.34386,0
            -75.86132,42.34397,0
            -75.86128,42.34397,0
            -75.86124,42.34398,0
            -75.86121,42.34398,0
            -75.85989,42.34417,0
            -75.85985,42.34418,0
            -75.85845,42.34435,0
            -75.85841,42.34435,0
            -75.85749,42.34447,0
            -75.85745,42.34447,0
            -75.85581,42.34468,0
            -75.85572,42.3447,0
            -75.85512,42.34479,0
            -75.8551,42.34479,0
            -75.85398,42.34499,0
            -75.85395,42.34499,0
            -75.85387,42.34501,0
            -75.85344,42.34508,0
            -75.85343,42.34508,0
            -75.8534,42.34509,0
            -75.85296,42.34517,0
            -75.85292,42.34518,0
            -75.85273,42.34521,0
            -75.85259,42.34524,0
            -75.85256,42.34524,0
            -75.8521,42.34532,0
            -75.85209,42.34532,0
            -75.85178,42.34537,0
            -75.8517,42.34539,0
            -75.85139,42.34544,0
            -75.85131,42.34546,0
            -75.85127,42.34546,0
            -75.85059,42.34558,0
            -75.85044,42.3456,0
            -75.85043,42.3456,0
            -75.84988,42.34569,0
            -75.84984,42.34569,0
            -75.84972,42.34571,0
            -75.84944,42.34574,0
            -75.8494,42.34575,0
            -75.84924,42.34577,0
            -75.84916,42.34577,0
            -75.84912,42.34578,0
            -75.84868,42.34583,0
            -75.84864,42.34583,0
            -75.84852,42.34584,0
            -75.84847,42.34585,0
            -75.8482,42.34588,0
            -75.84816,42.34589,0
            -75.84772,42.34594,0
            -75.84768,42.34595,0
            -75.84762,42.34596,0
            -75.84756,42.34596,0
            -75.84724,42.34601,0
            -75.84652,42.3461,0
            -75.8445,42.34639,0
            -75.84448,42.34639,0
            -75.844,42.34646,0
            -75.84396,42.34646,0
            -75.84041,42.34695,0
            -75.8404,42.34696,0
            -75.84002,42.34702,0
            -75.83994,42.34704,0
            -75.83993,42.34705,0
            -75.83956,42.34714,0
            -75.83949,42.34717,0
            -75.83929,42.34724,0
            -75.83588,42.34863,0
            -75.83508,42.34892,0
            -75.83474,42.34901,0
            -75.83459,42.34906,0
            -75.83452,42.34907,0
            -75.83382,42.34925,0
            -75.83157,42.34975,0
            -75.8315,42.34977,0
            -75.8313,42.34981,0
            -75.83127,42.34982,0
            -75.83086,42.34989,0
            -75.83057,42.34993,0
            -75.83056,42.34994,0
            -75.83022,42.34998,0
            -75.82986,42.35,0
            -75.82972,42.35,0
            -75.82959,42.35001,0
            -75.82907,42.35,0
            -75.82869,42.34998,0
            -75.82862,42.34997,0
            -75.82855,42.34997,0
            -75.82789,42.34992,0
            -75.82786,42.34991,0
            -75.82765,42.3499,0
            -75.82741,42.34987,0
            -75.82641,42.34978,0
            -75.8262,42.34977,0
            -75.82596,42.34974,0
            -75.82161,42.34937,0
            -75.82155,42.34936,0
            -75.81976,42.34921,0
            -75.81924,42.34919,0
            -75.81898,42.34919,0
            -75.81881,42.34918,0
            -75.8185,42.34918,0
            -75.81823,42.34917,0
            -75.81784,42.34917,0
            -75.8177,42.34918,0
            -75.8169,42.34919,0
            -75.81419,42.34929,0
            -75.81405,42.3493,0
            -75.81391,42.3493,0
            -75.81221,42.34937,0
            -75.812,42.34937,0
            -75.8103,42.34943,0
            -75.80982,42.34946,0
            -75.80914,42.34947,0
            -75.80893,42.34946,0
            -75.80875,42.34946,0
            -75.80857,42.34944,0
            -75.8084,42.34943,0
            -75.80838,42.34942,0
            -75.80825,42.34941,0
            -75.80813,42.34939,0
            -75.80809,42.34939,0
            -75.80767,42.34931,0
            -75.80749,42.34926,0
            -75.80744,42.34925,0
            -75.80742,42.34925,0
            -75.80721,42.34919,0
            -75.80682,42.34906,0
            -75.80656,42.34895,0
            -75.80654,42.34895,0
            -75.80626,42.34882,0
            -75.80593,42.34865,0
            -75.8055,42.34839,0
            -75.80455,42.34776,0
            -75.80447,42.34772,0
            -75.80429,42.3476,0
            -75.80393,42.34738,0
            -75.80392,42.34737,0
            -75.80299,42.34677,0
            -75.80248,42.34647,0
            -75.80203,42.34623,0
            -75.80157,42.34601,0
            -75.80143,42.34595,0
            -75.80141,42.34595,0
            -75.8011,42.34582,0
            -75.80085,42.34573,0
            -75.80077,42.34569,0
            -75.79815,42.3448,0
            -75.79802,42.34475,0
            -75.79794,42.34473,0
            -75.79737,42.34452,0
            -75.79725,42.34447,0
            -75.79717,42.34443,0
            -75.79716,42.34443,0
            -75.79701,42.34436,0
            -75.79695,42.34434,0
            -75.79648,42.34413,0
            -75.79634,42.34406,0
            -75.79633,42.34405,0
            -75.79628,42.34402,0
            -75.79613,42.34395,0
            -75.79586,42.3438,0
            -75.79554,42.3436,0
            -75.79546,42.34354,0
            -75.79535,42.34348,0
            -75.79503,42.34325,0
            -75.79502,42.34325,0
            -75.79485,42.34312,0
            -75.79483,42.34311,0
            -75.7947,42.343,0
            -75.79468,42.34299,0
            -75.79456,42.34289,0
            -75.79452,42.34285,0
            -75.79365,42.3421,0
            -75.79244,42.34101,0
            -75.79199,42.34064,0
            -75.79169,42.34042,0
            -75.79167,42.3404,0
            -75.79158,42.34033,0
            -75.79149,42.34027,0
            -75.79148,42.34027,0
            -75.79134,42.34017,0
            -75.79112,42.34004,0
            -75.79106,42.34,0
            -75.79093,42.33993,0
            -75.79075,42.33982,0
            -75.79074,42.33981,0
            -75.79035,42.3396,0
            -75.79031,42.33959,0
            -75.79015,42.3395,0
            -75.79007,42.33947,0
            -75.78994,42.3394,0
            -75.78981,42.33934,0
            -75.78973,42.33931,0
            -75.78969,42.33929,0
            -75.78956,42.33924,0
            -75.78952,42.33922,0
            -75.78915,42.33907,0
            -75.7887,42.33891,0
            -75.78866,42.3389,0
            -75.78852,42.33885,0
            -75.78799,42.33869,0
            -75.78798,42.33869,0
            -75.78616,42.33818,0
            -75.78594,42.33811,0
            -75.7843,42.33766,0
            -75.78419,42.33764,0
            -75.78382,42.33754,0
            -75.78257,42.33726,0
            -75.78139,42.33703,0
            -75.78001,42.33673,0
            -75.77895,42.33652,0
            -75.77844,42.3364,0
            -75.77805,42.33628,0
            -75.77784,42.3362,0
            -75.7776,42.33609,0
            -75.77736,42.33596,0
            -75.77735,42.33595,0
            -75.77699,42.33572,0
            -75.7767,42.3355,0
            -75.77665,42.33545,0
            -75.77658,42.33539,0
            -75.77641,42.33522,0
            -75.77637,42.33517,0
            -75.7763,42.3351,0
            -75.77621,42.33499,0
            -75.77483,42.33298,0
            -75.77482,42.33297,0
            -75.7748,42.33293,0
            -75.77469,42.33276,0
            -75.77458,42.33261,0
            -75.77413,42.33194,0
            -75.77381,42.33161,0
            -75.77363,42.33147,0
            -75.77326,42.33123,0
            -75.77277,42.33097,0
            -75.77149,42.33025,0
            -75.77147,42.3302,0
            -75.77146,42.33019,0
            -75.77125,42.33003,0
            -75.77119,42.33,0
            -75.77112,42.32995,0
            -75.77102,42.3299,0
            -75.77072,42.32972,0
            -75.76916,42.32885,0
            -75.76891,42.32872,0
            -75.76881,42.32868,0
            -75.76838,42.32855,0
            -75.76826,42.32848,0
            -75.76814,42.32842,0
            -75.76794,42.3283,0
            -75.76681,42.32769,0
            -75.76678,42.32767,0
            -75.76524,42.32684,0
            -75.76521,42.32683,0
            -75.7651,42.32677,0
            -75.76489,42.32668,0
            -75.7646,42.32658,0
            -75.76439,42.32652,0
            -75.76438,42.32652,0
            -75.76415,42.32647,0
            -75.76393,42.32644,0
            -75.7635,42.32641,0
            -75.76334,42.32641,0
            -75.76321,42.32642,0
            -75.76268,42.32644,0
            -75.76219,42.32644,0
            -75.76147,42.32636,0
            -75.7607,42.32625,0
            -75.76068,42.32625,0
            -75.75926,42.32607,0
            -75.75921,42.32607,0
            -75.75686,42.32577,0
            -75.75659,42.32575,0
            -75.75644,42.32573,0
            -75.75589,42.32573,0
            -75.75569,42.32575,0
            -75.75565,42.32576,0
            -75.7556,42.32576,0
            -75.75543,42.32579,0
            -75.75541,42.32579,0
            -75.75526,42.32582,0
            -75.75517,42.32583,0
            -75.75417,42.32603,0
            -75.75402,42.32605,0
            -75.75389,42.32608,0
            -75.75375,42.3261,0
            -75.75371,42.32611,0
            -75.75366,42.32611,0
            -75.75355,42.32613,0
            -75.75344,42.32614,0
            -75.75331,42.32614,0
            -75.7532,42.32615,0
            -75.75298,42.32615,0
            -75.75285,42.32614,0
            -75.75279,42.32614,0
            -75.75257,42.32611,0
            -75.75255,42.32611,0
            -75.75231,42.32607,0
            -75.75211,42.32602,0
            -75.75199,42.32598,0
            -75.75191,42.32596,0
            -75.75173,42.32589,0
            -75.75165,42.32585,0
            -75.75152,42.3258,0
            -75.7514,42.32574,0
            -75.75116,42.3256,0
            -75.75106,42.32553,0
            -75.75104,42.32552,0
            -75.75089,42.3254,0
            -75.75088,42.3254,0
            -75.75084,42.32536,0
            -75.75073,42.32527,0
            -75.75068,42.32522,0
            -75.75055,42.32504,0
            -75.75046,42.32493,0
            -75.75037,42.3248,0
            -75.75031,42.32468,0
            -75.75028,42.3246,0
            -75.75025,42.32454,0
            -75.75023,42.32447,0
            -75.75019,42.32429,0
            -75.75016,42.32411,0
            -75.75014,42.32388,0
            -75.75014,42.32375,0
            -75.75013,42.32357,0
            -75.75013,42.32342,0
            -75.75012,42.32336,0
            -75.75012,42.32329,0
            -75.75011,42.32321,0
            -75.7501,42.32317,0
            -75.75008,42.32303,0
            -75.75001,42.32268,0
            -75.74998,42.32259,0
            -75.74996,42.32251,0
            -75.74994,42.32246,0
            -75.74992,42.32242,0
            -75.74984,42.32223,0
            -75.74978,42.32214,0
            -75.7497,42.322,0
            -75.74959,42.32185,0
            -75.74954,42.32179,0
            -75.74952,42.32176,0
            -75.74946,42.32169,0
            -75.74929,42.32152,0
            -75.74919,42.32144,0
            -75.74901,42.32131,0
            -75.74887,42.32122,0
            -75.74878,42.32117,0
            -75.74874,42.32114,0
            -75.74866,42.32111,0
            -75.74858,42.32106,0
            -75.74845,42.32101,0
            -75.74834,42.32096,0
            -75.7483,42.32095,0
            -75.74814,42.32089,0
            -75.74812,42.32088,0
            -75.7481,42.32088,0
            -75.74797,42.32084,0
            -75.74766,42.32076,0
            -75.7474,42.32071,0
            -75.74728,42.3207,0
            -75.74714,42.32068,0
            -75.74713,42.32068,0
            -75.74682,42.32064,0
            -75.7468,42.32064,0
            -75.74658,42.32061,0
            -75.74617,42.32057,0
            -75.74611,42.32056,0
            -75.74587,42.32054,0
            -75.74539,42.32048,0
            -75.74537,42.32048,0
            -75.74322,42.32025,0
            -75.74321,42.32024,0
            -75.74304,42.32023,0
            -75.74298,42.32022,0
            -75.74087,42.31999,0
            -75.74033,42.31991,0
            -75.74012,42.31987,0
            -75.73971,42.31975,0
            -75.73957,42.3197,0
            -75.73956,42.31969,0
            -75.73926,42.31956,0
            -75.73895,42.31939,0
            -75.73892,42.31937,0
            -75.73876,42.31928,0
            -75.7384,42.31906,0
            -75.73839,42.31905,0
            -75.73807,42.31887,0
            -75.73793,42.3188,0
            -75.73756,42.31864,0
            -75.73721,42.31854,0
            -75.73694,42.31848,0
            -75.73656,42.31842,0
            -75.73632,42.3184,0
            -75.73496,42.31834,0
            -75.73472,42.31834,0
            -75.73451,42.31833,0
            -75.73434,42.31833,0
            -75.73421,42.31832,0
            -75.73335,42.31832,0
            -75.73307,42.31834,0
            -75.73277,42.31835,0
            -75.73258,42.31837,0
            -75.73253,42.31838,0
            -75.7317,42.31847,0
            -75.72536,42.31939,0
            -75.72458,42.31949,0
            -75.72398,42.31954,0
            -75.72392,42.31955,0
            -75.72301,42.3196,0
            -75.72214,42.31961,0
            -75.72189,42.3196,0
            -75.72169,42.3196,0
            -75.72139,42.31958,0
            -75.72107,42.31957,0
            -75.71985,42.31946,0
            -75.71802,42.31926,0
            -75.71781,42.31925,0
            -75.71761,42.31923,0
            -75.71672,42.31919,0
            -75.71599,42.31919,0
            -75.7157,42.3192,0
            -75.71544,42.3192,0
            -75.71429,42.31927,0
            -75.7141,42.31929,0
            -75.71389,42.3193,0
            -75.71386,42.31931,0
            -75.7135,42.31933,0
            -75.71338,42.31935,0
            -75.71323,42.31936,0
            -75.71285,42.3194,0
            -75.71248,42.31946,0
            -75.71244,42.31947,0
            -75.71242,42.31947,0
            -75.71215,42.31952,0
            -75.71089,42.31985,0
            -75.7103,42.31998,0
            -75.71013,42.32001,0
            -75.70962,42.32008,0
            -75.7092,42.32012,0
            -75.70851,42.32015,0
            -75.70759,42.32015,0
            -75.70731,42.32014,0
            -75.70613,42.32014,0
            -75.70598,42.32013,0
            -75.70321,42.32012,0
            -75.70248,42.32015,0
            -75.70181,42.32023,0
            -75.70176,42.32023,0
            -75.70105,42.32034,0
            -75.70052,42.32045,0
            -75.70035,42.3205,0
            -75.70033,42.3205,0
            -75.70013,42.32056,0
            -75.70012,42.32056,0
            -75.6999,42.32062,0
            -75.69989,42.32062,0
            -75.69968,42.32068,0
            -75.69967,42.32069,0
            -75.69914,42.32085,0
            -75.69872,42.32099,0
            -75.6981,42.32118,0
            -75.69785,42.32127,0
            -75.69751,42.32136,0
            -75.69682,42.32152,0
            -75.69679,42.32152,0
            -75.69593,42.32162,0
            -75.69542,42.32164,0
            -75.69514,42.32164,0
            -75.69317,42.32171,0
            -75.69225,42.32177,0
            -75.69135,42.32187,0
            -75.69086,42.32194,0
            -75.68962,42.32216,0
            -75.68583,42.32297,0
            -75.6858,42.32297,0
            -75.68562,42.32301,0
            -75.68542,42.32304,0
            -75.68536,42.32306,0
            -75.68515,42.32309,0
            -75.68512,42.32309,0
            -75.68504,42.32311,0
            -75.68489,42.32312,0
            -75.68488,42.32313,0
            -75.6847,42.32314,0
            -75.68464,42.32315,0
            -75.68444,42.32317,0
            -75.68401,42.32319,0
            -75.68343,42.32319,0
            -75.68286,42.32316,0
            -75.68262,42.32313,0
            -75.68247,42.32312,0
            -75.68222,42.32308,0
            -75.68219,42.32307,0
            -75.68202,42.32305,0
            -75.68152,42.32295,0
            -75.68129,42.32289,0
            -75.68128,42.32289,0
            -75.68109,42.32284,0
            -75.68094,42.32279,0
            -75.68083,42.32276,0
            -75.68074,42.32273,0
            -75.68066,42.32271,0
            -75.68046,42.32263,0
            -75.68039,42.32261,0
            -75.68018,42.32253,0
            -75.67954,42.32226,0
            -75.67948,42.32223,0
            -75.67912,42.32208,0
            -75.67906,42.32205,0
            -75.6787,42.3219,0
            -75.67861,42.32185,0
            -75.67837,42.32175,0
            -75.67799,42.32157,0
            -75.67769,42.32141,0
            -75.67768,42.32141,0
            -75.67751,42.3213,0
            -75.67743,42.32126,0
            -75.67733,42.32119,0
            -75.67723,42.32111,0
            -75.67715,42.32106,0
            -75.67694,42.3209,0
            -75.6768,42.32077,0
            -75.67665,42.32065,0
            -75.67657,42.32057,0
            -75.67608,42.32014,0
            -75.67563,42.31982,0
            -75.67548,42.31974,0
            -75.67545,42.31972,0
            -75.67533,42.31966,0
            -75.67528,42.31963,0
            -75.67518,42.31958,0
            -75.67486,42.31944,0
            -75.67473,42.3194,0
            -75.67465,42.31937,0
            -75.67455,42.31934,0
            -75.67442,42.31929,0
            -75.6744,42.31929,0
            -75.67431,42.31926,0
            -75.67422,42.31924,0
            -75.67379,42.31912,0
            -75.67374,42.31911,0
            -75.67373,42.31911,0
            -75.67368,42.31909,0
            -75.6731,42.31894,0
            -75.67308,42.31894,0
            -75.67299,42.31891,0
            -75.67058,42.31828,0
            -75.67056,42.31828,0
            -75.67012,42.31816,0
            -75.67007,42.31815,0
            -75.66989,42.3181,0
            -75.66984,42.31809,0
            -75.66966,42.31804,0
            -75.66961,42.31803,0
            -75.66943,42.31798,0
            -75.66938,42.31797,0
            -75.6692,42.31792,0
            -75.66915,42.31791,0
            -75.66611,42.31711,0
            -75.66581,42.31704,0
            -75.66575,42.31702,0
            -75.66563,42.317,0
            -75.66545,42.31696,0
            -75.66528,42.31693,0
            -75.66505,42.3169,0
            -75.66462,42.31687,0
            -75.66429,42.31687,0
            -75.66358,42.3169,0
            -75.66334,42.31692,0
            -75.66301,42.31693,0
            -75.65617,42.31729,0
            -75.65606,42.3173,0
            -75.65565,42.31731,0
            -75.65557,42.31732,0
            -75.65456,42.31736,0
            -75.65408,42.31736,0
            -75.65378,42.31737,0
            -75.65245,42.31737,0
            -75.65222,42.31736,0
            -75.65197,42.31736,0
            -75.65193,42.31735,0
            -75.65173,42.31735,0
            -75.65077,42.31732,0
            -75.65065,42.31731,0
            -75.6506,42.31731,0
            -75.65053,42.3173,0
            -75.65039,42.3173,0
            -75.64982,42.31726,0
            -75.64968,42.31726,0
            -75.64943,42.31724,0
            -75.64919,42.31723,0
            -75.6473,42.31707,0
            -75.64708,42.31704,0
            -75.64702,42.31704,0
            -75.64687,42.31702,0
            -75.64664,42.317,0
            -75.64592,42.31691,0
            -75.64568,42.31689,0
            -75.64556,42.31687,0
            -75.64544,42.31686,0
            -75.64496,42.3168,0
            -75.64484,42.31679,0
            -75.64129,42.31636,0
            -75.64113,42.31635,0
            -75.64105,42.31634,0
            -75.64102,42.31633,0
            -75.63984,42.3162,0
            -75.63982,42.31619,0
            -75.6396,42.31617,0
            -75.63956,42.31616,0
            -75.63619,42.31577,0
            -75.63617,42.31577,0
            -75.6355,42.31568,0
            -75.63499,42.31559,0
            -75.63487,42.31556,0
            -75.63465,42.31552,0
            -75.63453,42.31549,0
            -75.63441,42.31547,0
            -75.6343,42.31544,0
            -75.63424,42.31543,0
            -75.63407,42.31539,0
            -75.63406,42.31539,0
            -75.6336,42.31529,0
            -75.63359,42.31528,0
            -75.63256,42.31505,0
            -75.63253,42.31505,0
            -75.63093,42.31469,0
            -75.63071,42.31465,0
            -75.63068,42.31464,0
            -75.63047,42.3146,0
            -75.63044,42.31459,0
            -75.63023,42.31455,0
            -75.63021,42.31455,0
            -75.62997,42.3145,0
            -75.62995,42.3145,0
            -75.6298,42.31447,0
            -75.62976,42.31447,0
            -75.62968,42.31445,0
            -75.62953,42.31443,0
            -75.6295,42.31442,0
            -75.62928,42.31438,0
            -75.62926,42.31438,0
            -75.62918,42.31437,0
            -75.62902,42.31434,0
            -75.62898,42.31434,0
            -75.62875,42.3143,0
            -75.62854,42.31428,0
            -75.62851,42.31427,0
            -75.62833,42.31425,0
            -75.6283,42.31424,0
            -75.62825,42.31424,0
            -75.62689,42.31407,0
            -75.62686,42.31407,0
            -75.62518,42.31387,0
            -75.62513,42.31386,0
            -75.62373,42.3137,0
            -75.62361,42.31368,0
            -75.62285,42.3136,0
            -75.62278,42.3136,0
            -75.62243,42.31357,0
            -75.62218,42.31356,0
            -75.62199,42.31354,0
            -75.62188,42.31354,0
            -75.62157,42.31352,0
            -75.62113,42.31351,0
            -75.61597,42.31353,0
            -75.61576,42.31354,0
            -75.61264,42.31352,0
            -75.61232,42.31353,0
            -75.61184,42.31353,0
            -75.61062,42.31358,0
            -75.61057,42.31359,0
            -75.60941,42.31364,0
            -75.60819,42.31366,0
            -75.60452,42.31363,0
            -75.60442,42.31362,0
            -75.60421,42.31362,0
            -75.60394,42.31361,0
            -75.60371,42.31361,0
            -75.60299,42.31358,0
            -75.60257,42.31358,0
            -75.60251,42.31357,0
            -75.6009,42.31355,0
            -75.60078,42.31354,0
            -75.59946,42.31353,0
            -75.5992,42.31352,0
            -75.59822,42.31352,0
            -75.59752,42.31359,0
            -75.5975,42.31359,0
            -75.59739,42.31361,0
            -75.59737,42.31361,0
            -75.59714,42.31365,0
            -75.59703,42.31368,0
            -75.59679,42.31372,0
            -75.59672,42.31374,0
            -75.59609,42.31386,0
            -75.59608,42.31386,0
            -75.59539,42.31401,0
            -75.59537,42.31401,0
            -75.59421,42.31425,0
            -75.59392,42.3143,0
            -75.59374,42.31434,0
            -75.59372,42.31434,0
            -75.59233,42.3146,0
            -75.59231,42.3146,0
            -75.59068,42.31489,0
            -75.59067,42.31489,0
            -75.58972,42.31506,0
            -75.58971,42.31506,0
            -75.58949,42.3151,0
            -75.58947,42.31511,0
            -75.58773,42.31538,0
            -75.58377,42.31589,0
            -75.58353,42.31593,0
            -75.58349,42.31594,0
            -75.58311,42.316,0
            -75.58242,42.31613,0
            -75.58231,42.31616,0
            -75.58134,42.31637,0
            -75.5812,42.31641,0
            -75.58094,42.3165,0
            -75.58074,42.31659,0
            -75.5805,42.31672,0
            -75.58028,42.31685,0
            -75.57984,42.31714,0
            -75.57975,42.31721,0
            -75.57927,42.31755,0
            -75.57922,42.31758,0
            -75.57894,42.31778,0
            -75.57872,42.31792,0
            -75.57868,42.31795,0
            -75.57858,42.318,0
            -75.57839,42.31812,0
            -75.57826,42.31819,0
            -75.578,42.3183,0
            -75.57765,42.31842,0
            -75.57741,42.31849,0
            -75.5773,42.31851,0
            -75.57719,42.31854,0
            -75.57569,42.31878,0
            -75.57567,42.31879,0
            -75.57474,42.31893,0
            -75.57428,42.31901,0
            -75.57403,42.31904,0
            -75.57368,42.3191,0
            -75.57019,42.31951,0
            -75.56995,42.31953,0
            -75.56851,42.31971,0
            -75.56827,42.31973,0
            -75.56748,42.31983,0
            -75.56706,42.31987,0
            -75.56703,42.31988,0
            -75.56623,42.31995,0
            -75.56569,42.31998,0
            -75.56488,42.31997,0
            -75.56416,42.31992,0
            -75.56409,42.31992,0
            -75.5633,42.31983,0
            -75.56291,42.31975,0
            -75.56274,42.31969,0
            -75.56267,42.31967,0
            -75.56256,42.31963,0
            -75.56252,42.31961,0
            -75.56241,42.31957,0
            -75.56212,42.31942,0
            -75.56211,42.31942,0
            -75.56124,42.31894,0
            -75.5608,42.31875,0
            -75.5607,42.31872,0
            -75.56061,42.3187,0
            -75.56047,42.31865,0
            -75.56003,42.31854,0
            -75.55642,42.31775,0
            -75.55585,42.3176,0
            -75.55548,42.31749,0
            -75.55508,42.31734,0
            -75.55464,42.31714,0
            -75.55423,42.31693,0
            -75.5541,42.31685,0
            -75.55379,42.31663,0
            -75.55371,42.31658,0
            -75.55151,42.31489,0
            -75.55125,42.31471,0
            -75.55124,42.3147,0
            -75.55113,42.31464,0
            -75.55105,42.31459,0
            -75.55102,42.31458,0
            -75.55082,42.31448,0
            -75.55053,42.31436,0
            -75.55027,42.31427,0
            -75.5502,42.31424,0
            -75.54948,42.31401,0
            -75.54907,42.3139,0
            -75.54906,42.3139,0
            -75.5488,42.31384,0
            -75.54864,42.31382,0
            -75.5486,42.31382,0
            -75.54848,42.3138,0
            -75.54836,42.31379,0
            -75.54821,42.31379,0
            -75.54797,42.31378,0
            -75.54754,42.31378,0
            -75.54739,42.31379,0
            -75.54415,42.31383,0
            -75.54325,42.31382,0
            -75.54117,42.31374,0
            -75.53971,42.31371,0
            -75.53736,42.31373,0
            -75.53703,42.31372,0
            -75.53695,42.31371,0
            -75.53678,42.3137,0
            -75.53663,42.31368,0
            -75.53655,42.31366,0
            -75.53648,42.31365,0
            -75.53594,42.31352,0
            -75.53583,42.31348,0
            -75.5357,42.31344,0
            -75.53558,42.31339,0
            -75.53543,42.31334,0
            -75.53512,42.31319,0
            -75.53503,42.31314,0
            -75.53501,42.31312,0
            -75.5349,42.31306,0
            -75.53482,42.31301,0
            -75.53457,42.31282,0
            -75.53432,42.31259,0
            -75.53419,42.31246,0
            -75.53414,42.31242,0
            -75.53385,42.3121,0
            -75.53337,42.31149,0
            -75.53288,42.31074,0
            -75.53282,42.31066,0
            -75.53235,42.30993,0
            -75.53223,42.30976,0
            -75.53214,42.30965,0
            -75.53191,42.30942,0
            -75.53148,42.30907,0
            -75.5309,42.30883,0
            -75.53058,42.30874,0
            -75.53034,42.30869,0
            -75.52994,42.30865,0
            -75.52931,42.30866,0
            -75.52777,42.30878,0
            -75.52688,42.30882,0
            -75.52599,42.3088,0
            -75.5253,42.30876,0
            -75.5251,42.30873,0
            -75.52462,42.30868,0
            -75.51823,42.30775,0
            -75.51682,42.30758,0
            -75.51651,42.30753,0
            -75.5161,42.30748,0
            -75.51608,42.30747,0
            -75.51592,42.30744,0
            -75.51575,42.3074,0
            -75.51559,42.30735,0
            -75.51557,42.30735,0
            -75.51514,42.30719,0
            -75.51472,42.30697,0
            -75.51424,42.30667,0
            -75.51415,42.3066,0
            -75.51308,42.30586,0
            -75.51255,42.30555,0
            -75.51229,42.30542,0
            -75.51193,42.30528,0
            -75.5116,42.30518,0
            -75.51132,42.30512,0
            -75.51123,42.30511,0
            -75.51088,42.30505,0
            -75.50916,42.30493,0
            -75.50891,42.30489,0
            -75.50863,42.30483,0
            -75.50837,42.30474,0
            -75.50816,42.30465,0
            -75.50781,42.30447,0
            -75.50747,42.30424,0
            -75.50678,42.3037,0
            -75.50651,42.3035,0
            -75.50635,42.30337,0
            -75.5061,42.30322,0
            -75.50586,42.30311,0
            -75.50566,42.30303,0
            -75.50547,42.30297,0
            -75.50521,42.3029,0
            -75.50506,42.30287,0
            -75.50462,42.30282,0
            -75.50458,42.30281,0
            -75.50341,42.30277,0
            -75.50296,42.30273,0
            -75.50265,42.30268,0
            -75.5022,42.30259,0
            -75.50032,42.30215,0
            -75.49916,42.3019,0
            -75.49892,42.30186,0
            -75.49741,42.30155,0
            -75.49706,42.30145,0
            -75.49701,42.30144,0
            -75.4965,42.30124,0
            -75.49613,42.30107,0
            -75.49599,42.30102,0
            -75.49587,42.30096,0
            -75.49578,42.30093,0
            -75.49566,42.30088,0
            -75.49513,42.30072,0
            -75.49487,42.30068,0
            -75.49469,42.30064,0
            -75.49464,42.30064,0
            -75.49399,42.30057,0
            -75.49331,42.30053,0
            -75.49326,42.30052,0
            -75.49312,42.30051,0
            -75.49302,42.30051,0
            -75.49229,42.30045,0
            -75.49221,42.30045,0
            -75.49193,42.30042,0
            -75.49163,42.30037,0
            -75.49132,42.3003,0
            -75.49107,42.30022,0
            -75.49102,42.3002,0
            -75.49098,42.30018,0
            -75.49075,42.30009,0
            -75.49036,42.29988,0
            -75.49036,42.29987,0
            -75.4903,42.29984,0
            -75.4902,42.29977,0
            -75.49004,42.29967,0
            -75.48947,42.29926,0
            -75.48809,42.29822,0
            -75.48706,42.29747,0
            -75.4868,42.29732,0
            -75.48676,42.29729,0
            -75.48467,42.29628,0
            -75.48462,42.29626,0
            -75.48457,42.29623,0
            -75.48436,42.29614,0
            -75.48423,42.29607,0
            -75.48397,42.29596,0
            -75.48342,42.2957,0
            -75.48312,42.29557,0
            -75.48247,42.29525,0
            -75.48037,42.29415,0
            -75.47986,42.2939,0
            -75.47948,42.29369,0
            -75.47942,42.29364,0
            -75.47936,42.29357,0
            -75.47933,42.2935,0
            -75.47929,42.29345,0
            -75.47783,42.29257,0
            -75.47556,42.29127,0
            -75.47505,42.29096,0
            -75.47503,42.29093,0
            -75.47497,42.29087,0
            -75.4749,42.29079,0
            -75.47486,42.29076,0
            -75.47486,42.29069,0
            -75.47485,42.29068,0
            -75.47485,42.29067,0
            -75.47481,42.29063,0
            -75.47481,42.29062,0
            -75.47479,42.29061,0
            -75.47478,42.29061,0
            -75.47476,42.29059,0
            -75.47475,42.29059,0
            -75.47473,42.29058,0
            -75.47471,42.29058,0
            -75.47469,42.29057,0
            -75.47463,42.29057,0
            -75.47459,42.29056,0
            -75.47449,42.29052,0
            -75.47443,42.29048,0
            -75.47437,42.29046,0
            -75.47433,42.29044,0
            -75.47429,42.29044,0
            -75.47429,42.29043,0
            -75.47307,42.2896,0
            -75.47302,42.28956,0
            -75.47207,42.2889,0
            -75.47206,42.2889,0
            -75.472,42.28885,0
            -75.47132,42.28836,0
            -75.47087,42.28871,0
            -75.47071,42.28885,0
            -75.47065,42.28889,0
            -75.47054,42.28898,0
            -75.47029,42.28924,0
            -75.47015,42.28944,0
            -75.47007,42.28958,0
            -75.46951,42.29073,0
            -75.46947,42.29078,0
            -75.46939,42.2909,0
            -75.46926,42.29112,0
            -75.46913,42.29129,0
            -75.46902,42.29142,0
            -75.46871,42.29176,0
            -75.46836,42.29208,0
            -75.46817,42.29222,0
            -75.46812,42.29227,0
            -75.46797,42.29237,0
            -75.4678,42.2925,0
            -75.46768,42.29257,0
            -75.46762,42.29261,0
            -75.46701,42.29293,0
            -75.46674,42.29305,0
            -75.46674,42.29306,0
            -75.46666,42.29315,0
            -75.46625,42.29331,0
            -75.46611,42.29335,0
            -75.46568,42.2935,0
            -75.46473,42.29376,0
            -75.4647,42.29376,0
            -75.46464,42.29378,0
            -75.46442,42.29383,0
            -75.46428,42.29385,0
            -75.46417,42.29388,0
            -75.46357,42.29399,0
            -75.46269,42.29411,0
            -75.4624,42.29413,0
            -75.46225,42.29415,0
            -75.46182,42.29418,0
            -75.46166,42.29418,0
            -75.46153,42.29419,0
            -75.46139,42.29419,0
            -75.46124,42.2942,0
            -75.46063,42.2942,0
            -75.46048,42.29419,0
            -75.46033,42.29419,0
            -75.46018,42.29418,0
            -75.46003,42.29418,0
            -75.45946,42.29414,0
            -75.45931,42.29412,0
            -75.45917,42.29411,0
            -75.4586,42.29403,0
            -75.45854,42.29403,0
            -75.45788,42.29391,0
            -75.45704,42.29373,0
            -75.45689,42.29369,0
            -75.45675,42.29366,0
            -75.45674,42.29365,0
            -75.4562,42.29352,0
            -75.45606,42.29348,0
            -75.45549,42.29334,0
            -75.45535,42.2933,0
            -75.45508,42.29324,0
            -75.4548,42.29316,0
            -75.45425,42.29303,0
            -75.45397,42.29295,0
            -75.45383,42.29292,0
            -75.45368,42.29288,0
            -75.45354,42.29285,0
            -75.45341,42.29281,0
            -75.45313,42.29274,0
            -75.45298,42.29271,0
            -75.45143,42.29233,0
            -75.4513,42.29229,0
            -75.45116,42.29226,0
            -75.45087,42.29218,0
            -75.45073,42.29215,0
            -75.45059,42.29211,0
            -75.45056,42.29211,0
            -75.45019,42.29201,0
            -75.45004,42.29198,0
            -75.44976,42.2919,0
            -75.44921,42.29177,0
            -75.44907,42.29173,0
            -75.44889,42.29169,0
            -75.44879,42.29166,0
            -75.44865,42.29163,0
            -75.44823,42.29152,0
            -75.44809,42.29149,0
            -75.44795,42.29145,0
            -75.44781,42.29142,0
            -75.44767,42.29138,0
            -75.44753,42.29135,0
            -75.44711,42.29124,0
            -75.44696,42.29121,0
            -75.44682,42.29117,0
            -75.44669,42.29114,0
            -75.44668,42.29114,0
            -75.44654,42.2911,0
            -75.44611,42.291,0
            -75.44598,42.29096,0
            -75.44571,42.2909,0
            -75.44542,42.29082,0
            -75.44473,42.29066,0
            -75.4446,42.29062,0
            -75.44444,42.29059,0
            -75.4443,42.29055,0
            -75.44416,42.29052,0
            -75.44414,42.29051,0
            -75.44404,42.29049,0
            -75.44389,42.29045,0
            -75.44375,42.29042,0
            -75.44332,42.29031,0
            -75.44278,42.29019,0
            -75.44276,42.29019,0
            -75.44219,42.29007,0
            -75.44175,42.29,0
            -75.44161,42.28997,0
            -75.44133,42.28993,0
            -75.44117,42.2899,0
            -75.44044,42.2898,0
            -75.4403,42.28979,0
            -75.44001,42.28975,0
            -75.43986,42.28974,0
            -75.43971,42.28972,0
            -75.43837,42.28962,0
            -75.43824,42.28962,0
            -75.43794,42.2896,0
            -75.43779,42.2896,0
            -75.43764,42.28959,0
            -75.43735,42.28959,0
            -75.43722,42.28958,0
            -75.43676,42.28958,0
            -75.43661,42.28959,0
            -75.43617,42.28959,0
            -75.43588,42.28961,0
            -75.43573,42.28961,0
            -75.43484,42.28966,0
            -75.43471,42.28968,0
            -75.43449,42.28969,0
            -75.43425,42.28972,0
            -75.4341,42.28973,0
            -75.43395,42.28975,0
            -75.43382,42.28976,0
            -75.4325,42.28994,0
            -75.43236,42.28997,0
            -75.43221,42.28999,0
            -75.43208,42.29002,0
            -75.43193,42.29004,0
            -75.43179,42.29007,0
            -75.43165,42.29009,0
            -75.43121,42.29018,0
            -75.43107,42.2902,0
            -75.43094,42.29023,0
            -75.4308,42.29025,0
            -75.43073,42.29027,0
            -75.43049,42.29031,0
            -75.43035,42.29034,0
            -75.43021,42.29036,0
            -75.43008,42.29039,0
            -75.42994,42.29041,0
            -75.42907,42.29058,0
            -75.42893,42.2906,0
            -75.42864,42.29066,0
            -75.4285,42.29068,0
            -75.42806,42.29077,0
            -75.42792,42.29079,0
            -75.42778,42.29082,0
            -75.42764,42.29084,0
            -75.42715,42.29094,0
            -75.42707,42.29095,0
            -75.42649,42.29106,0
            -75.42634,42.29108,0
            -75.42605,42.29114,0
            -75.42591,42.29116,0
            -75.42562,42.29122,0
            -75.42548,42.29124,0
            -75.4252,42.2913,0
            -75.42449,42.29143,0
            -75.42441,42.29144,0
            -75.42434,42.29146,0
            -75.42419,42.29149,0
            -75.42405,42.29151,0
            -75.42351,42.29161,0
            -75.42348,42.29162,0
            -75.42334,42.29165,0
            -75.42319,42.29167,0
            -75.42234,42.29184,0
            -75.42176,42.29194,0
            -75.42149,42.292,0
            -75.42139,42.29201,0
            -75.42118,42.29205,0
            -75.42116,42.29206,0
            -75.42077,42.29213,0
            -75.42062,42.29215,0
            -75.42018,42.29224,0
            -75.42004,42.29226,0
            -75.41991,42.29229,0
            -75.41977,42.29231,0
            -75.41919,42.29243,0
            -75.41903,42.29245,0
            -75.41892,42.29248,0
            -75.41877,42.2925,0
            -75.41848,42.29256,0
            -75.41833,42.29258,0
            -75.41819,42.29261,0
            -75.4176,42.29271,0
            -75.41746,42.29274,0
            -75.41703,42.2928,0
            -75.41699,42.29281,0
            -75.41689,42.29282,0
            -75.41674,42.29285,0
            -75.41529,42.29305,0
            -75.41515,42.29306,0
            -75.41485,42.2931,0
            -75.41472,42.29311,0
            -75.41427,42.29317,0
            -75.4139,42.2932,0
            -75.41375,42.29322,0
            -75.41318,42.29327,0
            -75.41303,42.29329,0
            -75.41156,42.2934,0
            -75.41153,42.2934,0
            -75.41141,42.29341,0
            -75.41126,42.29341,0
            -75.41053,42.29345,0
            -75.4103,42.29345,0
            -75.41027,42.29346,0
            -75.40847,42.29351,0
            -75.40788,42.29351,0
            -75.40775,42.2935,0
            -75.40715,42.2935,0
            -75.40699,42.29349,0
            -75.40665,42.29349,0
            -75.40655,42.29348,0
            -75.40627,42.29348,0
            -75.40604,42.29347,0
            -75.40597,42.29346,0
            -75.40553,42.29344,0
            -75.40539,42.29344,0
            -75.40464,42.29339,0
            -75.4045,42.29339,0
            -75.40435,42.29338,0
            -75.40419,42.29336,0
            -75.40406,42.29336,0
            -75.40058,42.29313,0
            -75.40049,42.29313,0
            -75.39996,42.29309,0
            -75.39991,42.29309,0
            -75.39875,42.29301,0
            -75.39868,42.29301,0
            -75.39861,42.293,0
            -75.39849,42.293,0
            -75.39774,42.29295,0
            -75.39758,42.29295,0
            -75.39744,42.29294,0
            -75.3972,42.29294,0
            -75.39714,42.29293,0
            -75.3961,42.29293,0
            -75.39598,42.29294,0
            -75.39581,42.29294,0
            -75.39568,42.29295,0
            -75.39553,42.29295,0
            -75.3951,42.29298,0
            -75.39504,42.29298,0
            -75.39479,42.293,0
            -75.39463,42.29302,0
            -75.39435,42.29304,0
            -75.3939,42.2931,0
            -75.39377,42.29311,0
            -75.39334,42.29317,0
            -75.39329,42.29318,0
            -75.39318,42.29319,0
            -75.39304,42.29322,0
            -75.3929,42.29324,0
            -75.39275,42.29327,0
            -75.3926,42.29329,0
            -75.39247,42.29332,0
            -75.39235,42.29334,0
            -75.39233,42.29335,0
            -75.39147,42.29353,0
            -75.39118,42.2936,0
            -75.39112,42.29362,0
            -75.39092,42.29367,0
            -75.39089,42.29368,0
            -75.39076,42.29371,0
            -75.39036,42.29383,0
            -75.39024,42.29386,0
            -75.38954,42.29409,0
            -75.38913,42.29424,0
            -75.389,42.29428,0
            -75.38869,42.2944,0
            -75.38784,42.29476,0
            -75.38762,42.29487,0
            -75.3875,42.29492,0
            -75.3872,42.29507,0
            -75.38713,42.2951,0
            -75.38701,42.29517,0
            -75.38677,42.29529,0
            -75.38665,42.29536,0
            -75.38642,42.29548,0
            -75.38641,42.29549,0
            -75.38583,42.29583,0
            -75.38516,42.29627,0
            -75.3851,42.29632,0
            -75.38505,42.29635,0
            -75.38463,42.29665,0
            -75.38402,42.29713,0
            -75.38399,42.29716,0
            -75.38383,42.2973,0
            -75.38373,42.29738,0
            -75.38335,42.29772,0
            -75.38325,42.29782,0
            -75.38317,42.29789,0
            -75.3829,42.29816,0
            -75.38289,42.29818,0
            -75.38282,42.29824,0
            -75.38273,42.29834,0
            -75.38264,42.29843,0
            -75.38256,42.29852,0
            -75.38247,42.29861,0
            -75.38239,42.2987,0
            -75.3823,42.29878,0
            -75.38222,42.29887,0
            -75.38213,42.29896,0
            -75.38204,42.29906,0
            -75.38196,42.29914,0
            -75.38188,42.29923,0
            -75.38162,42.29949,0
            -75.38162,42.2995,0
            -75.38153,42.29959,0
            -75.38145,42.29968,0
            -75.38136,42.29977,0
            -75.38128,42.29986,0
            -75.38119,42.29995,0
            -75.38111,42.30004,0
            -75.38085,42.3003,0
            -75.38068,42.30049,0
            -75.38059,42.30057,0
            -75.38051,42.30066,0
            -75.38033,42.30084,0
            -75.38016,42.30103,0
            -75.38008,42.30111,0
            -75.38,42.3012,0
            -75.37982,42.30138,0
            -75.37966,42.30156,0
            -75.37954,42.30168,0
            -75.37946,42.30175,0
            -75.37898,42.30226,0
            -75.37897,42.30228,0
            -75.37888,42.30236,0
            -75.37871,42.30255,0
            -75.37863,42.30263,0
            -75.37854,42.30273,0
            -75.37837,42.3029,0
            -75.37829,42.30299,0
            -75.37811,42.30317,0
            -75.37795,42.30335,0
            -75.3776,42.3037,0
            -75.37751,42.3038,0
            -75.37731,42.30398,0
            -75.37724,42.30406,0
            -75.37674,42.30453,0
            -75.37669,42.30457,0
            -75.37622,42.30499,0
            -75.37612,42.30507,0
            -75.37602,42.30516,0
            -75.37543,42.30563,0
            -75.37542,42.30563,0
            -75.37521,42.3058,0
            -75.37511,42.30587,0
            -75.37501,42.30595,0
            -75.37405,42.30663,0
            -75.37383,42.30677,0
            -75.37372,42.30685,0
            -75.37304,42.30728,0
            -75.37293,42.30734,0
            -75.37292,42.30735,0
            -75.37259,42.30754,0
            -75.37247,42.30762,0
            -75.37224,42.30774,0
            -75.37215,42.3078,0
            -75.37195,42.3079,0
            -75.37187,42.30795,0
            -75.37176,42.30801,0
            -75.37175,42.30801,0
            -75.37152,42.30813,0
            -75.3714,42.3082,0
            -75.37129,42.30825,0
            -75.37089,42.30846,0
            -75.37066,42.30856,0
            -75.37029,42.30874,0
            -75.37017,42.30879,0
            -75.37005,42.30885,0
            -75.37004,42.30886,0
            -75.36991,42.30891,0
            -75.36979,42.30897,0
            -75.36928,42.30919,0
            -75.36921,42.30921,0
            -75.36916,42.30924,0
            -75.36902,42.30929,0
            -75.3689,42.30934,0
            -75.36878,42.30938,0
            -75.36849,42.3095,0
            -75.36837,42.30954,0
            -75.36798,42.30969,0
            -75.36692,42.31005,0
            -75.36683,42.31007,0
            -75.36678,42.31009,0
            -75.36648,42.31018,0
            -75.36637,42.31022,0
            -75.36545,42.31048,0
            -75.36452,42.31071,0
            -75.36415,42.31079,0
            -75.36387,42.31086,0
            -75.36318,42.31099,0
            -75.36286,42.31106,0
            -75.36224,42.31117,0
            -75.36042,42.31142,0
            -75.36027,42.31143,0
            -75.36012,42.31145,0
            -75.35986,42.31147,0
            -75.35969,42.31149,0
            -75.35941,42.31151,0
            -75.35926,42.31153,0
            -75.35913,42.31154,0
            -75.35909,42.31154,0
            -75.35851,42.31158,0
            -75.35835,42.31158,0
            -75.35807,42.3116,0
            -75.35792,42.3116,0
            -75.35777,42.31161,0
            -75.35763,42.31161,0
            -75.35748,42.31162,0
            -75.35734,42.31162,0
            -75.3572,42.31163,0
            -75.35585,42.31163,0
            -75.3557,42.31162,0
            -75.35542,42.31162,0
            -75.35526,42.31161,0
            -75.35512,42.31161,0
            -75.35496,42.3116,0
            -75.35487,42.3116,0
            -75.35482,42.31159,0
            -75.35468,42.31159,0
            -75.35336,42.3115,0
            -75.35247,42.3114,0
            -75.35232,42.31139,0
            -75.35222,42.31137,0
            -75.35218,42.31137,0
            -75.35161,42.31129,0
            -75.3516,42.31129,0
            -75.35112,42.31122,0
            -75.35102,42.3112,0
            -75.35074,42.31116,0
            -75.35059,42.31113,0
            -75.35045,42.31111,0
            -75.35017,42.31105,0
            -75.35003,42.31103,0
            -75.34973,42.31097,0
            -75.3496,42.31095,0
            -75.34931,42.31089,0
            -75.34917,42.31087,0
            -75.34816,42.31068,0
            -75.34815,42.31067,0
            -75.34731,42.31052,0
            -75.34672,42.3104,0
            -75.34588,42.31025,0
            -75.34559,42.31019,0
            -75.34544,42.31017,0
            -75.34531,42.31014,0
            -75.34515,42.31012,0
            -75.34501,42.31009,0
            -75.34487,42.31007,0
            -75.34473,42.31004,0
            -75.34343,42.30986,0
            -75.34329,42.30985,0
            -75.34298,42.30981,0
            -75.34284,42.3098,0
            -75.3427,42.30978,0
            -75.34182,42.30971,0
            -75.34167,42.30969,0
            -75.34106,42.30965,0
            -75.33992,42.3096,0
            -75.33855,42.30958,0
            -75.33826,42.30959,0
            -75.33781,42.30959,0
            -75.33751,42.3096,0
            -75.33742,42.30961,0
            -75.33708,42.30962,0
            -75.33679,42.30964,0
            -75.3365,42.30965,0
            -75.33563,42.30971,0
            -75.33525,42.30975,0
            -75.33521,42.30975,0
            -75.33489,42.30978,0
            -75.33394,42.3099,0
            -75.33392,42.3099,0
            -75.33345,42.30996,0
            -75.33281,42.31006,0
            -75.33261,42.3101,0
            -75.33245,42.31012,0
            -75.33187,42.31023,0
            -75.33172,42.31025,0
            -75.33062,42.31048,0
            -75.32971,42.3107,0
            -75.32942,42.31078,0
            -75.32912,42.31085,0
            -75.32814,42.31113,0
            -75.32669,42.3116,0
            -75.32582,42.31192,0
            -75.32448,42.31247,0
            -75.3234,42.31297,0
            -75.32233,42.31351,0
            -75.32221,42.31358,0
            -75.32184,42.31377,0
            -75.32175,42.31383,0
            -75.32163,42.31389,0
            -75.32157,42.31393,0
            -75.32137,42.31404,0
            -75.32079,42.31439,0
            -75.32067,42.31447,0
            -75.32054,42.31454,0
            -75.32031,42.31469,0
            -75.3203,42.3147,0
            -75.32026,42.31472,0
            -75.32023,42.31475,0
            -75.3202,42.31476,0
            -75.31998,42.3149,0
            -75.31909,42.31552,0
            -75.31903,42.31557,0
            -75.31899,42.31559,0
            -75.31856,42.31591,0
            -75.31814,42.31624,0
            -75.31787,42.31644,0
            -75.31783,42.31648,0
            -75.31763,42.31663,0
            -75.31761,42.31665,0
            -75.31749,42.31675,0
            -75.31741,42.31681,0
            -75.3174,42.31682,0
            -75.31689,42.31721,0
            -75.31686,42.31724,0
            -75.31673,42.31734,0
            -75.31658,42.31747,0
            -75.31657,42.31747,0
            -75.31627,42.31771,0
            -75.31616,42.31779,0
            -75.31606,42.31788,0
            -75.31521,42.31852,0
            -75.31509,42.31859,0
            -75.31488,42.31874,0
            -75.31453,42.31897,0
            -75.31441,42.31904,0
            -75.3143,42.31912,0
            -75.31395,42.31933,0
            -75.31383,42.31939,0
            -75.31371,42.31947,0
            -75.31346,42.3196,0
            -75.31322,42.31974,0
            -75.31309,42.3198,0
            -75.31259,42.32006,0
            -75.31194,42.32036,0
            -75.31181,42.32041,0
            -75.31129,42.32064,0
            -75.31062,42.3209,0
            -75.3102,42.32104,0
            -75.30993,42.32114,0
            -75.30965,42.32123,0
            -75.3095,42.32127,0
            -75.30923,42.32136,0
            -75.30909,42.3214,0
            -75.30906,42.3214,0
            -75.3085,42.32156,0
            -75.30836,42.32159,0
            -75.30823,42.32163,0
            -75.30721,42.32186,0
            -75.30718,42.32187,0
            -75.30365,42.32267,0
            -75.3036,42.32269,0
            -75.30316,42.32278,0
            -75.30086,42.32331,0
            -75.3008,42.32332,0
            -75.29975,42.32356,0
            -75.29953,42.32362,0
            -75.29943,42.32364,0
            -75.2977,42.32409,0
            -75.29747,42.32416,0
            -75.29702,42.32428,0
            -75.29503,42.32489,0
            -75.29489,42.32494,0
            -75.29475,42.32498,0
            -75.29461,42.32503,0
            -75.29457,42.32504,0
            -75.29447,42.32508,0
            -75.29436,42.32511,0
            -75.29339,42.32544,0
            -75.29327,42.32549,0
            -75.29259,42.32573,0
            -75.29185,42.32601,0
            -75.29179,42.32604,0
            -75.29125,42.32624,0
            -75.29112,42.3263,0
            -75.29101,42.32634,0
            -75.28901,42.32718,0
            -75.28876,42.3273,0
            -75.28837,42.32747,0
            -75.28712,42.32806,0
            -75.28684,42.32821,0
            -75.28671,42.32827,0
            -75.28664,42.32831,0
            -75.2865,42.32837,0
            -75.28588,42.32869,0
            -75.2857,42.32877,0
            -75.284,42.3297,0
            -75.28334,42.33008,0
            -75.28328,42.33012,0
            -75.28315,42.33019,0
            -75.28246,42.33061,0
            -75.28234,42.33069,0
            -75.28215,42.3308,0
            -75.2813,42.33135,0
            -75.28107,42.33149,0
            -75.28074,42.33171,0
            -75.28072,42.33173,0
            -75.28028,42.33202,0
            -75.27867,42.33316,0
            -75.27795,42.33371,0
            -75.27774,42.33388,0
            -75.27746,42.33409,0
            -75.27641,42.33494,0
            -75.27638,42.33496,0
            -75.27588,42.33538,0
            -75.27562,42.33562,0
            -75.27537,42.33583,0
            -75.27493,42.33623,0
            -75.27427,42.33686,0
            -75.27407,42.33704,0
            -75.27331,42.3378,0
            -75.27189,42.33935,0
            -75.27181,42.33945,0
            -75.27115,42.3402,0
            -75.27109,42.34028,0
            -75.2706,42.34084,0
            -75.27056,42.3409,0
            -75.26799,42.34392,0
            -75.26795,42.34396,0
            -75.266,42.34625,0
            -75.26575,42.34653,0
            -75.2656,42.34672,0
            -75.26556,42.34676,0
            -75.26512,42.34727,0
            -75.26497,42.34746,0
            -75.2641,42.34848,0
            -75.26407,42.34851,0
            -75.26391,42.3487,0
            -75.26387,42.34874,0
            -75.26372,42.34893,0
            -75.26094,42.35221,0
            -75.26083,42.35235,0
            -75.26013,42.35317,0
            -75.26009,42.35321,0
            -75.25994,42.3534,0
            -75.25971,42.35367,0
            -75.25966,42.35372,0
            -75.25813,42.3555,0
            -75.25806,42.35559,0
            -75.25742,42.35634,0
            -75.25709,42.3567,0
            -75.25665,42.35714,0
            -75.25628,42.35747,0
            -75.25619,42.35756,0
            -75.25569,42.35797,0
            -75.25565,42.35801,0
            -75.25559,42.35805,0
            -75.25519,42.35836,0
            -75.25431,42.35896,0
            -75.25414,42.35906,0
            -75.25402,42.35914,0
            -75.25391,42.3592,0
            -75.25385,42.35924,0
            -75.25327,42.35957,0
            -75.25246,42.35998,0
            -75.25141,42.36045,0
            -75.25101,42.3606,0
            -75.25099,42.36061,0
            -75.25022,42.36089,0
            -75.24994,42.36097,0
            -75.24944,42.36113,0
            -75.24871,42.36133,0
            -75.24773,42.36155,0
            -75.24759,42.36157,0
            -75.2473,42.36163,0
            -75.24716,42.36165,0
            -75.24701,42.36168,0
            -75.24673,42.36172,0
            -75.24658,42.36175,0
            -75.24644,42.36177,0
            -75.2463,42.36178,0
            -75.24571,42.36186,0
            -75.24564,42.36186,0
            -75.24542,42.36189,0
            -75.24424,42.36197,0
            -75.2441,42.36197,0
            -75.24388,42.36198,0
            -75.24353,42.36198,0
            -75.24339,42.36199,0
            -75.24325,42.36199,0
            -75.24312,42.36198,0
            -75.2427,42.36198,0
            -75.2349,42.36182,0
            -75.23474,42.36181,0
            -75.23445,42.36181,0
            -75.23339,42.36178,0
            -75.23311,42.36178,0
            -75.23245,42.36176,0
            -75.23215,42.36176,0
            -75.232,42.36175,0
            -75.23156,42.36175,0
            -75.23141,42.36174,0
            -75.23123,42.36174,0
            -75.23098,42.36173,0
            -75.23072,42.36173,0
            -75.23052,42.36172,0
            -75.22971,42.36171,0
            -75.22952,42.3617,0
            -75.22908,42.3617,0
            -75.22847,42.36168,0
            -75.22713,42.36168,0
            -75.22684,42.36169,0
            -75.22654,42.36169,0
            -75.22639,42.3617,0
            -75.22566,42.36172,0
            -75.22535,42.36174,0
            -75.22521,42.36174,0
            -75.22456,42.36178,0
            -75.22449,42.36179,0
            -75.2244,42.36179,0
            -75.22421,42.36181,0
            -75.22403,42.36182,0
            -75.22387,42.36184,0
            -75.22346,42.36187,0
            -75.22242,42.36198,0
            -75.22112,42.36215,0
            -75.22097,42.36218,0
            -75.22053,42.36224,0
            -75.22039,42.36227,0
            -75.22004,42.36232,0
            -75.21954,42.36241,0
            -75.21946,42.36243,0
            -75.21911,42.36249,0
            -75.21889,42.36254,0
            -75.21882,42.36255,0
            -75.21747,42.36284,0
            -75.21713,42.36293,0
            -75.21698,42.36296,0
            -75.21629,42.36314,0
            -75.2158,42.36328,0
            -75.21559,42.36333,0
            -75.21507,42.36349,0
            -75.21491,42.36353,0
            -75.21302,42.36415,0
            -75.21183,42.3646,0
            -75.21177,42.36463,0
            -75.21104,42.36492,0
            -75.21049,42.36516,0
            -75.21041,42.36519,0
            -75.21015,42.36531,0
            -75.21007,42.36534,0
            -75.20971,42.36551,0
            -75.20966,42.36553,0
            -75.20964,42.36553,0
            -75.20946,42.36562,0
            -75.20941,42.36564,0
            -75.20853,42.36607,0
            -75.20829,42.3662,0
            -75.20816,42.36626,0
            -75.20804,42.36633,0
            -75.20774,42.36648,0
            -75.20768,42.36652,0
            -75.20752,42.36661,0
            -75.20745,42.36664,0
            -75.20739,42.36668,0
            -75.20736,42.36669,0
            -75.20732,42.36671,0
            -75.20721,42.36678,0
            -75.20709,42.36684,0
            -75.20674,42.36705,0
            -75.20662,42.36711,0
            -75.20623,42.36735,0
            -75.20605,42.36745,0
            -75.20559,42.36774,0
            -75.20549,42.36781,0
            -75.20529,42.36793,0
            -75.20521,42.36799,0
            -75.20493,42.36817,0
            -75.20477,42.36829,0
            -75.20412,42.36873,0
            -75.20406,42.36878,0
            -75.20363,42.36908,0
            -75.20352,42.36915,0
            -75.20251,42.36987,0
            -75.20234,42.36998,0
            -75.20213,42.37013,0
            -75.20211,42.37014,0
            -75.20206,42.37018,0
            -75.20191,42.37028,0
            -75.20175,42.3704,0
            -75.2003,42.37142,0
            -75.20019,42.37149,0
            -75.19986,42.37172,0
            -75.19976,42.3718,0
            -75.19965,42.37187,0
            -75.19922,42.37217,0
            -75.19912,42.37225,0
            -75.19901,42.37232,0
            -75.19697,42.37375,0
            -75.19695,42.37377,0
            -75.19622,42.37428,0
            -75.19611,42.37435,0
            -75.1959,42.37451,0
            -75.19576,42.3746,0
            -75.19536,42.37488,0
            -75.19526,42.37496,0
            -75.19467,42.37537,0
            -75.19462,42.3754,0
            -75.19331,42.37632,0
            -75.19323,42.37637,0
            -75.19321,42.37639,0
            -75.19289,42.37662,0
            -75.19256,42.37684,0
            -75.19245,42.37693,0
            -75.19234,42.377,0
            -75.19074,42.37813,0
            -75.19041,42.37835,0
            -75.19031,42.37843,0
            -75.18998,42.37865,0
            -75.18988,42.37873,0
            -75.18902,42.37933,0
            -75.18891,42.3794,0
            -75.18848,42.37971,0
            -75.18837,42.37978,0
            -75.18828,42.37985,0
            -75.1874,42.38046,0
            -75.18734,42.38051,0
            -75.18729,42.38054,0
            -75.18536,42.38189,0
            -75.18526,42.38197,0
            -75.18515,42.38204,0
            -75.18504,42.38212,0
            -75.18482,42.38226,0
            -75.18477,42.3823,0
            -75.18472,42.38233,0
            -75.18461,42.38241,0
            -75.18449,42.38248,0
            -75.18416,42.3827,0
            -75.18404,42.38277,0
            -75.18394,42.38284,0
            -75.18371,42.38298,0
            -75.18359,42.38306,0
            -75.18348,42.38312,0
            -75.18291,42.38347,0
            -75.18209,42.38394,0
            -75.18172,42.38414,0
            -75.18162,42.3842,0
            -75.1815,42.38426,0
            -75.18138,42.38433,0
            -75.18041,42.38482,0
            -75.18029,42.38489,0
            -75.18017,42.38494,0
            -75.17982,42.38512,0
            -75.17969,42.38517,0
            -75.17942,42.38531,0
            -75.17846,42.38574,0
            -75.1784,42.38576,0
            -75.17814,42.38588,0
            -75.17687,42.3864,0
            -75.17674,42.38646,0
            -75.17653,42.38654,0
            -75.17649,42.38656,0
            -75.17588,42.38679,0
            -75.17582,42.38682,0
            -75.17546,42.38695,0
            -75.17537,42.38699,0
            -75.17341,42.38769,0
            -75.1733,42.38772,0
            -75.17318,42.38777,0
            -75.17182,42.38821,0
            -75.17174,42.38823,0
            -75.17163,42.38827,0
            -75.17155,42.38829,0
            -75.17143,42.38833,0
            -75.17131,42.38836,0
            -75.171,42.38846,0
            -75.17043,42.38862,0
            -75.17029,42.38867,0
            -75.17005,42.38873,0
            -75.16979,42.38881,0
            -75.16961,42.38885,0
            -75.16946,42.3889,0
            -75.16852,42.38915,0
            -75.16698,42.38953,0
            -75.16674,42.38958,0
            -75.1662,42.38971,0
            -75.164,42.39017,0
            -75.16343,42.39027,0
            -75.16329,42.3903,0
            -75.16244,42.39045,0
            -75.16222,42.39048,0
            -75.162,42.39052,0
            -75.16171,42.39056,0
            -75.16143,42.39061,0
            -75.16086,42.39069,0
            -75.16057,42.39074,0
            -75.15904,42.39094,0
            -75.15891,42.39095,0
            -75.15869,42.39098,0
            -75.15867,42.39098,0
            -75.15824,42.39104,0
            -75.15784,42.39108,0
            -75.15713,42.39117,0
            -75.15708,42.39118,0
            -75.15678,42.39121,0
            -75.15658,42.39124,0
            -75.15598,42.39131,0
            -75.15593,42.39131,0
            -75.15571,42.39134,0
            -75.15569,42.39134,0
            -75.15535,42.39139,0
            -75.15521,42.3914,0
            -75.15445,42.3915,0
            -75.15429,42.39151,0
            -75.15399,42.39155,0
            -75.15387,42.39156,0
            -75.15375,42.39158,0
            -75.15372,42.39158,0
            -75.15344,42.39162,0
            -75.15328,42.39163,0
            -75.15299,42.39167,0
            -75.15288,42.39168,0
            -75.15285,42.39169,0
            -75.15254,42.39173,0
            -75.15238,42.39174,0
            -75.15226,42.39176,0
            -75.15224,42.39176,0
            -75.14705,42.39239,0
            -75.14701,42.39239,0
            -75.14687,42.39241,0
            -75.14684,42.39242,0
            -75.14674,42.39243,0
            -75.14668,42.39244,0
            -75.14646,42.39246,0
            -75.14598,42.39254,0
            -75.14582,42.39256,0
            -75.14554,42.39262,0
            -75.14539,42.39264,0
            -75.1449,42.39275,0
            -75.14483,42.39277,0
            -75.14412,42.39293,0
            -75.14398,42.39297,0
            -75.1436,42.3931,0
            -75.14344,42.39314,0
            -75.14329,42.39319,0
            -75.14328,42.3932,0
            -75.14296,42.39331,0
            -75.14173,42.39379,0
            -75.14164,42.39384,0
            -75.14151,42.39389,0
            -75.14136,42.39396,0
            -75.14101,42.39414,0
            -75.1409,42.39419,0
            -75.14077,42.39427,0
            -75.14064,42.39433,0
            -75.14028,42.39453,0
            -75.13998,42.39471,0
            -75.13994,42.39473,0
            -75.13984,42.3948,0
            -75.13972,42.39487,0
            -75.1395,42.39502,0
            -75.13943,42.39506,0
            -75.13908,42.39531,0
            -75.13906,42.39533,0
            -75.13865,42.39563,0
            -75.13854,42.39573,0
            -75.13845,42.39579,0
            -75.13797,42.39621,0
            -75.13788,42.3963,0
            -75.13778,42.39639,0
            -75.13754,42.39663,0
            -75.13752,42.39664,0
            -75.13743,42.39674,0
            -75.13735,42.39682,0
            -75.13702,42.39719,0
            -75.13679,42.39748,0
            -75.13671,42.39757,0
            -75.1365,42.39785,0
            -75.13629,42.39815,0
            -75.13628,42.39817,0
            -75.13611,42.39844,0
            -75.13604,42.39854,0
            -75.13587,42.39884,0
            -75.13565,42.39926,0
            -75.13561,42.39936,0
            -75.13551,42.39957,0
            -75.13533,42.4,0
            -75.13523,42.4003,0
            -75.1352,42.40037,0
            -75.13505,42.4009,0
            -75.13503,42.40101,0
            -75.13498,42.40122,0
            -75.1349,42.40166,0
            -75.13489,42.40177,0
            -75.13487,42.40189,0
            -75.13484,42.40222,0
            -75.13483,42.40254,0
            -75.13482,42.40261,0
            -75.13482,42.40309,0
            -75.13484,42.4033,0
            -75.13484,42.40342,0
            -75.13486,42.40364,0
            -75.13488,42.40375,0
            -75.1349,42.40395,0
            -75.135,42.40449,0
            -75.13501,42.40451,0
            -75.13503,42.40461,0
            -75.13506,42.40472,0
            -75.13508,42.40483,0
            -75.13511,42.40494,0
            -75.13525,42.40536,0
            -75.13528,42.40547,0
            -75.13532,42.40557,0
            -75.13535,42.40566,0
            -75.13536,42.40568,0
            -75.13552,42.4061,0
            -75.13566,42.40642,0
            -75.13591,42.40705,0
            -75.13596,42.40716,0
            -75.13608,42.40747,0
            -75.13613,42.40758,0
            -75.1368,42.40925,0
            -75.13685,42.40936,0
            -75.13689,42.40947,0
            -75.13698,42.40968,0
            -75.13731,42.41052,0
            -75.13745,42.41092,0
            -75.13748,42.41103,0
            -75.13755,42.41123,0
            -75.13773,42.41189,0
            -75.13775,42.412,0
            -75.13778,42.41211,0
            -75.13782,42.41233,0
            -75.13786,42.4125,0
            -75.13786,42.41251,0
            -75.13787,42.41254,0
            -75.13789,42.41265,0
            -75.13789,42.41269,0
            -75.13791,42.41276,0
            -75.13792,42.41286,0
            -75.13796,42.41308,0
            -75.13798,42.41329,0
            -75.138,42.41341,0
            -75.13803,42.41375,0
            -75.13807,42.41448,0
            -75.13807,42.41493,0
            -75.13806,42.41504,0
            -75.13806,42.41515,0
            -75.13805,42.41526,0
            -75.13805,42.41537,0
            -75.13802,42.4157,0
            -75.13802,42.41581,0
            -75.13801,42.41592,0
            -75.13799,42.41603,0
            -75.13798,42.41613,0
            -75.13798,42.41616,0
            -75.13797,42.41625,0
            -75.13795,42.41636,0
            -75.13794,42.41647,0
            -75.13781,42.41716,0
            -75.13779,42.41723,0
            -75.13777,42.41733,0
            -75.13771,42.41755,0
            -75.13768,42.4177,0
            -75.13754,42.41819,0
            -75.13747,42.4184,0
            -75.13747,42.41841,0
            -75.13743,42.41851,0
            -75.1374,42.41862,0
            -75.13729,42.41892,0
            -75.13728,42.41893,0
            -75.13722,42.4191,0
            -75.13707,42.41946,0
            -75.13683,42.41998,0
            -75.13652,42.42059,0
            -75.1364,42.42079,0
            -75.13635,42.42089,0
            -75.13623,42.42109,0
            -75.13616,42.42119,0
            -75.13611,42.42129,0
            -75.13585,42.42168,0
            -75.13579,42.42178,0
            -75.13537,42.42236,0
            -75.13529,42.42245,0
            -75.13522,42.42255,0
            -75.13514,42.42264,0
            -75.13507,42.42274,0
            -75.13499,42.42282,0
            -75.13491,42.42292,0
            -75.13467,42.42319,0
            -75.13458,42.42328,0
            -75.13442,42.42346,0
            -75.13432,42.42355,0
            -75.13424,42.42364,0
            -75.13415,42.42373,0
            -75.13412,42.42375,0
            -75.13405,42.42383,0
            -75.13388,42.42398,0
            -75.13379,42.42407,0
            -75.13369,42.42415,0
            -75.1336,42.42424,0
            -75.1335,42.42432,0
            -75.13341,42.4244,0
            -75.13311,42.42464,0
            -75.13301,42.42473,0
            -75.1329,42.42481,0
            -75.13285,42.42484,0
            -75.13268,42.42497,0
            -75.1326,42.42504,0
            -75.13238,42.4252,0
            -75.13206,42.42541,0
            -75.13195,42.42549,0
            -75.13185,42.42555,0
            -75.13184,42.42556,0
            -75.13172,42.42564,0
            -75.13103,42.42605,0
            -75.13032,42.42643,0
            -75.12999,42.42659,0
            -75.12994,42.42662,0
            -75.12971,42.42673,0
            -75.12958,42.42678,0
            -75.12907,42.42701,0
            -75.12841,42.42727,0
            -75.12814,42.42736,0
            -75.12788,42.42746,0
            -75.12774,42.4275,0
            -75.12761,42.42755,0
            -75.12734,42.42763,0
            -75.1272,42.42768,0
            -75.12664,42.42784,0
            -75.12651,42.42787,0
            -75.12622,42.42795,0
            -75.12595,42.42801,0
            -75.1258,42.42805,0
            -75.12553,42.42811,0
            -75.1254,42.42813,0
            -75.12485,42.42824,0
            -75.12308,42.42855,0
            -75.12285,42.4286,0
            -75.12281,42.4286,0
            -75.12267,42.42863,0
            -75.12252,42.42865,0
            -75.12224,42.42871,0
            -75.12209,42.42873,0
            -75.12147,42.42884,0
            -75.12123,42.42889,0
            -75.12109,42.42891,0
            -75.12094,42.42894,0
            -75.1208,42.42896,0
            -75.11922,42.42925,0
            -75.11907,42.42927,0
            -75.11894,42.4293,0
            -75.11879,42.42932,0
            -75.1185,42.42938,0
            -75.11835,42.4294,0
            -75.11664,42.42972,0
            -75.11636,42.42979,0
            -75.11621,42.42982,0
            -75.11608,42.42986,0
            -75.11594,42.42989,0
            -75.11582,42.42993,0
            -75.11566,42.42997,0
            -75.11511,42.43013,0
            -75.11457,42.43031,0
            -75.11391,42.43056,0
            -75.1129,42.43101,0
            -75.1123,42.43132,0
            -75.11222,42.43137,0
            -75.11217,42.43139,0
            -75.11171,42.43166,0
            -75.11137,42.43188,0
            -75.11125,42.43195,0
            -75.11114,42.43203,0
            -75.11103,42.4321,0
            -75.11083,42.43224,0
            -75.11081,42.43226,0
            -75.11072,42.43232,0
            -75.11009,42.43281,0
            -75.10962,42.43322,0
            -75.10953,42.43331,0
            -75.10943,42.4334,0
            -75.10909,42.43374,0
            -75.10868,42.4342,0
            -75.10775,42.43534,0
            -75.10767,42.43543,0
            -75.10752,42.43562,0
            -75.10746,42.43568,0
            -75.10745,42.4357,0
            -75.10737,42.43581,0
            -75.10721,42.43599,0
            -75.10714,42.43609,0
            -75.10698,42.43627,0
            -75.10691,42.43636,0
            -75.10683,42.43645,0
            -75.1066,42.43674,0
            -75.10652,42.43683,0
            -75.10645,42.43693,0
            -75.10629,42.43711,0
            -75.10612,42.43733,0
            -75.10598,42.43749,0
            -75.10578,42.43774,0
            -75.10575,42.43777,0
            -75.10569,42.43785,0
            -75.10561,42.43794,0
            -75.10472,42.43903,0
            -75.10464,42.43912,0
            -75.10432,42.43952,0
            -75.10424,42.43961,0
            -75.10416,42.43972,0
            -75.10407,42.43981,0
            -75.10393,42.43999,0
            -75.10392,42.44001,0
            -75.10383,42.44011,0
            -75.10376,42.4402,0
            -75.10368,42.44029,0
            -75.10351,42.44051,0
            -75.10348,42.44054,0
            -75.10345,42.44058,0
            -75.10329,42.44076,0
            -75.10322,42.44086,0
            -75.10307,42.44103,0
            -75.10302,42.4411,0
            -75.10299,42.44113,0
            -75.10291,42.44123,0
            -75.10275,42.44141,0
            -75.10249,42.44167,0
            -75.10224,42.44189,0
            -75.1022,42.44192,0
            -75.10209,42.44202,0
            -75.102,42.44208,0
            -75.1018,42.44224,0
            -75.10135,42.44253,0
            -75.10091,42.44277,0
            -75.10076,42.44284,0
            -75.10068,42.44289,0
            -75.10036,42.44303,0
            -75.09997,42.44318,0
            -75.09971,42.44326,0
            -75.09963,42.44328,0
            -75.09955,42.44331,0
            -75.09927,42.44339,0
            -75.09899,42.44346,0
            -75.09884,42.44349,0
            -75.0987,42.44351,0
            -75.09861,42.44353,0
            -75.0984,42.44356,0
            -75.09826,42.44359,0
            -75.09816,42.4436,0
            -75.09811,42.44361,0
            -75.098,42.44362,0
            -75.09796,42.44362,0
            -75.09785,42.44364,0
            -75.09752,42.44366,0
            -75.09746,42.44367,0
            -75.09737,42.44367,0
            -75.09722,42.44368,0
            -75.09666,42.44368,0
            -75.09662,42.44367,0
            -75.09606,42.44364,0
            -75.09588,42.44362,0
            -75.09573,42.44361,0
            -75.0956,42.44359,0
            -75.09549,42.44358,0
            -75.0953,42.44355,0
            -75.09516,42.44354,0
            -75.09453,42.44346,0
            -75.09441,42.44345,0
            -75.09368,42.44335,0
            -75.09353,42.44334,0
            -75.09294,42.44326,0
            -75.0928,42.44325,0
            -75.09236,42.44319,0
            -75.09231,42.44319,0
            -75.09221,42.44317,0
            -75.09206,42.44316,0
            -75.09177,42.44312,0
            -75.09165,42.44311,0
            -75.09163,42.4431,0
            -75.09159,42.4431,0
            -75.09153,42.44309,0
            -75.09149,42.44309,0
            -75.09089,42.44301,0
            -75.09074,42.443,0
            -75.09,42.4429,0
            -75.08985,42.44289,0
            -75.08942,42.44283,0
            -75.08927,42.44282,0
            -75.08867,42.44274,0
            -75.08853,42.44273,0
            -75.08827,42.44269,0
            -75.08793,42.44265,0
            -75.08779,42.44264,0
            -75.08736,42.44258,0
            -75.08721,42.44257,0
            -75.08575,42.44238,0
            -75.0856,42.44237,0
            -75.08533,42.44233,0
            -75.08502,42.4423,0
            -75.08448,42.44223,0
            -75.08443,42.44222,0
            -75.0843,42.44221,0
            -75.08385,42.44215,0
            -75.08371,42.44214,0
            -75.08311,42.44206,0
            -75.08282,42.44203,0
            -75.08239,42.44197,0
            -75.08224,42.44196,0
            -75.0821,42.44194,0
            -75.08208,42.44194,0
            -75.08092,42.44179,0
            -75.08077,42.44178,0
            -75.08018,42.4417,0
            -75.08003,42.44169,0
            -75.0793,42.4416,0
            -75.07928,42.44159,0
            -75.07915,42.44158,0
            -75.07855,42.4415,0
            -75.07841,42.44149,0
            -75.07766,42.44139,0
            -75.07752,42.44138,0
            -75.07693,42.4413,0
            -75.07679,42.44129,0
            -75.07633,42.44123,0
            -75.07575,42.44117,0
            -75.07531,42.44114,0
            -75.07502,42.44114,0
            -75.07487,42.44113,0
            -75.07472,42.44113,0
            -75.07457,42.44114,0
            -75.07442,42.44114,0
            -75.07383,42.44118,0
            -75.07368,42.4412,0
            -75.07355,42.44121,0
            -75.07354,42.44122,0
            -75.0731,42.44128,0
            -75.0728,42.44134,0
            -75.07267,42.44136,0
            -75.07252,42.4414,0
            -75.07238,42.44143,0
            -75.07169,42.44163,0
            -75.07142,42.44172,0
            -75.07089,42.44193,0
            -75.07014,42.4423,0
            -75.07005,42.44235,0
            -75.06958,42.44265,0
            -75.06926,42.44288,0
            -75.06892,42.44311,0
            -75.06882,42.44319,0
            -75.0687,42.44326,0
            -75.06868,42.44328,0
            -75.0686,42.44334,0
            -75.06849,42.44341,0
            -75.06827,42.44357,0
            -75.06816,42.44364,0
            -75.06806,42.44372,0
            -75.06682,42.44457,0
            -75.06673,42.44462,0
            -75.06652,42.44476,0
            -75.06632,42.44488,0
            -75.0662,42.44496,0
            -75.06539,42.44542,0
            -75.06489,42.44568,0
            -75.06486,42.4457,0
            -75.06433,42.44596,0
            -75.06426,42.44599,0
            -75.06415,42.44605,0
            -75.06338,42.44639,0
            -75.06247,42.44675,0
            -75.0624,42.44677,0
            -75.06206,42.4469,0
            -75.06133,42.44715,0
            -75.06068,42.44734,0
            -75.06047,42.44741,0
            -75.05985,42.44758,0
            -75.0597,42.44761,0
            -75.05966,42.44763,0
            -75.05897,42.4478,0
            -75.05719,42.44829,0
            -75.05626,42.44862,0
            -75.05469,42.4493,0
            -75.05449,42.4494,0
            -75.05389,42.44966,0
            -75.05383,42.44968,0
            -75.05329,42.4499,0
            -75.05263,42.45014,0
            -75.0523,42.45025,0
            -75.05214,42.45029,0
            -75.05145,42.45049,0
            -75.05101,42.45059,0
            -75.05087,42.45063,0
            -75.05084,42.45063,0
            -75.05083,42.45064,0
            -75.05013,42.45078,0
            -75.04898,42.45096,0
            -75.04662,42.45126,0
            -75.04661,42.45126,0
            -75.03449,42.45282,0
            -75.0337,42.45296,0
            -75.03337,42.45304,0
            -75.0333,42.45305,0
            -75.03298,42.45313,0
            -75.03287,42.45317,0
            -75.03281,42.45318,0
            -75.03247,42.45328,0
            -75.03196,42.45345,0
            -75.03159,42.45359,0
            -75.0314,42.45367,0
            -75.03139,42.45367,0
            -75.03118,42.45375,0
            -75.03118,42.45376,0
            -75.02907,42.45461,0
            -75.02895,42.45465,0
            -75.02858,42.4548,0
            -75.02855,42.45482,0
            -75.02838,42.45488,0
            -75.028,42.45503,0
            -75.02798,42.45504,0
            -75.02762,42.45517,0
            -75.02716,42.45532,0
            -75.02697,42.45539,0
            -75.02671,42.45546,0
            -75.02667,42.45548,0
            -75.02649,42.45553,0
            -75.02634,42.45556,0
            -75.02625,42.45559,0
            -75.02572,42.45572,0
            -75.02569,42.45573,0
            -75.02486,42.4559,0
            -75.02482,42.4559,0
            -75.0247,42.45593,0
            -75.02423,42.456,0
            -75.02365,42.45607,0
            -75.02353,42.45609,0
            -75.02223,42.4562,0
            -75.0222,42.4562,0
            -75.02102,42.45631,0
            -75.02047,42.45635,0
            -75.01947,42.45645,0
            -75.01904,42.45651,0
            -75.01836,42.45663,0
            -75.01779,42.45676,0
            -75.0177,42.45679,0
            -75.01757,42.45682,0
            -75.01756,42.45682,0
            -75.01755,42.45683,0
            -75.01749,42.45684,0
            -75.01714,42.45694,0
            -75.01713,42.45695,0
            -75.01701,42.45699,0
            -75.01696,42.457,0
            -75.01628,42.45724,0
            -75.01614,42.4573,0
            -75.01603,42.45734,0
            -75.0159,42.4574,0
            -75.01579,42.45744,0
            -75.01525,42.4577,0
            -75.01506,42.4578,0
            -75.01503,42.45782,0
            -75.0149,42.45788,0
            -75.01477,42.45796,0
            -75.01465,42.45802,0
            -75.01441,42.45817,0
            -75.01437,42.45819,0
            -75.0143,42.45824,0
            -75.0142,42.4583,0
            -75.01409,42.45838,0
            -75.01393,42.45848,0
            -75.01385,42.45854,0
            -75.01376,42.4586,0
            -75.01357,42.45874,0
            -75.0121,42.45976,0
            -75.0119,42.45991,0
            -75.01115,42.46043,0
            -75.01106,42.4605,0
            -75.01099,42.46054,0
            -75.01093,42.46059,0
            -75.01063,42.4608,0
            -75.01062,42.4608,0
            -75.00945,42.46162,0
            -75.00943,42.46164,0
            -75.00935,42.4617,0
            -75.00914,42.46184,0
            -75.00904,42.46192,0
            -75.00887,42.46204,0
            -75.00853,42.4623,0
            -75.00852,42.46231,0
            -75.00831,42.46246,0
            -75.00801,42.46269,0
            -75.00791,42.46278,0
            -75.00781,42.46285,0
            -75.00761,42.46301,0
            -75.00759,42.46302,0
            -75.00692,42.46357,0
            -75.00673,42.46374,0
            -75.00663,42.46382,0
            -75.00659,42.46386,0
            -75.00644,42.46398,0
            -75.00635,42.46407,0
            -75.00624,42.46416,0
            -75.00579,42.46457,0
            -75.00578,42.46457,0
            -75.0057,42.46465,0
            -75.00542,42.4649,0
            -75.00533,42.46499,0
            -75.00514,42.46515,0
            -75.00496,42.46533,0
            -75.00487,42.4654,0
            -75.00477,42.46549,0
            -75.00468,42.46558,0
            -75.0045,42.46574,0
            -75.00442,42.46582,0
            -75.0044,42.46583,0
            -75.00422,42.466,0
            -75.00412,42.46608,0
            -75.00403,42.46616,0
            -75.00394,42.46625,0
            -75.0038,42.46637,0
            -75.00375,42.46642,0
            -75.00318,42.46693,0
            -75.00308,42.46703,0
            -75.00291,42.46718,0
            -75.00268,42.4674,0
            -75.00235,42.46769,0
            -75.00222,42.46782,0
            -75.00107,42.46885,0
            -75.00098,42.46894,0
            -74.99968,42.47011,0
            -74.99962,42.47017,0
            -74.99958,42.4702,0
            -74.99897,42.47075,0
            -74.99874,42.47097,0
            -74.99841,42.47126,0
            -74.99839,42.47129,0
            -74.99765,42.47196,0
            -74.99763,42.47197,0
            -74.99719,42.47237,0
            -74.99709,42.47247,0
            -74.99666,42.47285,0
            -74.99655,42.47296,0
            -74.99635,42.47313,0
            -74.99613,42.47334,0
            -74.99598,42.47346,0
            -74.99588,42.47355,0
            -74.99586,42.47356,0
            -74.99575,42.47366,0
            -74.99559,42.47378,0
            -74.99556,42.47381,0
            -74.99548,42.47386,0
            -74.99547,42.47387,0
            -74.99545,42.47388,0
            -74.9954,42.47392,0
            -74.99538,42.47394,0
            -74.99536,42.47395,0
            -74.99525,42.47403,0
            -74.9952,42.47406,0
            -74.99514,42.47411,0
            -74.99505,42.47417,0
            -74.99504,42.47418,0
            -74.99492,42.47425,0
            -74.99488,42.47428,0
            -74.99449,42.47452,0
            -74.99439,42.47459,0
            -74.99427,42.47465,0
            -74.99426,42.47466,0
            -74.99414,42.47473,0
            -74.99378,42.47492,0
            -74.99377,42.47492,0
            -74.99369,42.47496,0
            -74.99366,42.47498,0
            -74.99332,42.47514,0
            -74.99331,42.47515,0
            -74.99303,42.47528,0
            -74.9929,42.47533,0
            -74.99279,42.47538,0
            -74.99277,42.47538,0
            -74.99264,42.47543,0
            -74.99254,42.47548,0
            -74.99176,42.47576,0
            -74.99165,42.47579,0
            -74.99122,42.47593,0
            -74.9911,42.47596,0
            -74.99083,42.47604,0
            -74.99069,42.47607,0
            -74.98972,42.47634,0
            -74.98954,42.47638,0
            -74.98887,42.47657,0
            -74.98885,42.47657,0
            -74.98765,42.4769,0
            -74.98751,42.47693,0
            -74.98717,42.47703,0
            -74.9871,42.47704,0
            -74.98662,42.47718,0
            -74.98661,42.47718,0
            -74.98655,42.4772,0
            -74.98634,42.47725,0
            -74.98607,42.47733,0
            -74.986,42.47734,0
            -74.98558,42.47746,0
            -74.98544,42.47749,0
            -74.98525,42.47755,0
            -74.98518,42.47756,0
            -74.98491,42.47764,0
            -74.98475,42.47768,0
            -74.98474,42.47769,0
            -74.98469,42.4777,0
            -74.98463,42.47772,0
            -74.98449,42.47775,0
            -74.98407,42.47787,0
            -74.98393,42.4779,0
            -74.98312,42.47813,0
            -74.98304,42.47814,0
            -74.98271,42.47824,0
            -74.98257,42.47827,0
            -74.98215,42.47839,0
            -74.98202,42.47842,0
            -74.98178,42.47849,0
            -74.9816,42.47853,0
            -74.98118,42.47865,0
            -74.98112,42.47866,0
            -74.98078,42.47876,0
            -74.98056,42.47881,0
            -74.98051,42.47883,0
            -74.98038,42.47886,0
            -74.9803,42.47889,0
            -74.98023,42.47891,0
            -74.98008,42.47894,0
            -74.97982,42.47902,0
            -74.97939,42.47913,0
            -74.97926,42.47917,0
            -74.97913,42.4792,0
            -74.97893,42.47926,0
            -74.97846,42.47938,0
            -74.97837,42.47941,0
            -74.97802,42.4795,0
            -74.9779,42.47954,0
            -74.97783,42.47955,0
            -74.97776,42.47957,0
            -74.97775,42.47958,0
            -74.97747,42.47965,0
            -74.97734,42.47969,0
            -74.97728,42.4797,0
            -74.97706,42.47977,0
            -74.977,42.47978,0
            -74.9768,42.47984,0
            -74.97665,42.47987,0
            -74.97652,42.47991,0
            -74.97624,42.47998,0
            -74.97608,42.48003,0
            -74.97541,42.48021,0
            -74.97536,42.48022,0
            -74.97486,42.48036,0
            -74.9748,42.48037,0
            -74.97404,42.48058,0
            -74.97398,42.48059,0
            -74.97391,42.48062,0
            -74.97377,42.48065,0
            -74.97294,42.48088,0
            -74.97288,42.48089,0
            -74.97254,42.48099,0
            -74.9724,42.48102,0
            -74.97214,42.4811,0
            -74.97162,42.48123,0
            -74.97157,42.48125,0
            -74.9715,42.48126,0
            -74.97101,42.4814,0
            -74.97088,42.48143,0
            -74.97073,42.48148,0
            -74.97021,42.48161,0
            -74.97013,42.48164,0
            -74.97006,42.48165,0
            -74.96993,42.48169,0
            -74.96976,42.48173,0
            -74.96924,42.48188,0
            -74.9691,42.48191,0
            -74.96853,42.48207,0
            -74.96851,42.48207,0
            -74.96802,42.48221,0
            -74.9677,42.48229,0
            -74.96757,42.48233,0
            -74.96744,42.48236,0
            -74.96692,42.48251,0
            -74.96681,42.48253,0
            -74.96651,42.48262,0
            -74.96637,42.48265,0
            -74.96513,42.48299,0
            -74.965,42.48302,0
            -74.96459,42.48314,0
            -74.96445,42.48317,0
            -74.96403,42.48329,0
            -74.96389,42.48332,0
            -74.96322,42.48351,0
            -74.96308,42.48354,0
            -74.96251,42.4837,0
            -74.96238,42.48373,0
            -74.95974,42.48445,0
            -74.95953,42.4845,0
            -74.95936,42.48455,0
            -74.95934,42.48455,0
            -74.95923,42.48459,0
            -74.95854,42.48477,0
            -74.95853,42.48478,0
            -74.95716,42.48514,0
            -74.95688,42.4852,0
            -74.95674,42.48524,0
            -74.95604,42.48539,0
            -74.9559,42.48541,0
            -74.95548,42.4855,0
            -74.95533,42.48552,0
            -74.95519,42.48555,0
            -74.95476,42.48561,0
            -74.95462,42.48564,0
            -74.95419,42.4857,0
            -74.9539,42.48573,0
            -74.95387,42.48574,0
            -74.95381,42.48574,0
            -74.95376,42.48575,0
            -74.95303,42.48583,0
            -74.95274,42.48585,0
            -74.95267,42.48586,0
            -74.95259,42.48586,0
            -74.95231,42.48588,0
            -74.95216,42.4859,0
            -74.95143,42.48595,0
            -74.95128,42.48597,0
            -74.95056,42.48602,0
            -74.95027,42.48605,0
            -74.9494,42.48611,0
            -74.94838,42.4862,0
            -74.94824,42.48622,0
            -74.94819,42.48622,0
            -74.94693,42.48635,0
            -74.94664,42.48639,0
            -74.94635,42.48642,0
            -74.94434,42.48671,0
            -74.94424,42.48672,0
            -74.94292,42.48695,0
            -74.9414,42.48725,0
            -74.94023,42.4875,0
            -74.9394,42.48771,0
            -74.93912,42.48777,0
            -74.93884,42.48784,0
            -74.93871,42.48788,0
            -74.93861,42.4879,0
            -74.93774,42.48813,0
            -74.93597,42.48865,0
            -74.93516,42.48891,0
            -74.93476,42.48905,0
            -74.9345,42.48913,0
            -74.93305,42.48965,0
            -74.93174,42.49015,0
            -74.93149,42.49026,0
            -74.93123,42.49036,0
            -74.93059,42.49063,0
            -74.92895,42.49136,0
            -74.92835,42.49166,0
            -74.92815,42.49175,0
            -74.92798,42.49184,0
            -74.92795,42.49185,0
            -74.92725,42.4922,0
            -74.92583,42.49296,0
            -74.92442,42.49378,0
            -74.92433,42.49384,0
            -74.92424,42.49389,0
            -74.92344,42.49439,0
            -74.92331,42.49448,0
            -74.9231,42.4946,0
            -74.92254,42.49497,0
            -74.92092,42.49611,0
            -74.9209,42.49613,0
            -74.92032,42.49656,0
            -74.91991,42.49688,0
            -74.91989,42.4969,0
            -74.91981,42.49696,0
            -74.91972,42.49704,0
            -74.91951,42.49719,0
            -74.91941,42.49728,0
            -74.91931,42.49735,0
            -74.91912,42.49752,0
            -74.91872,42.49784,0
            -74.91844,42.49809,0
            -74.91834,42.49817,0
            -74.91741,42.499,0
            -74.91732,42.49909,0
            -74.91722,42.49917,0
            -74.91714,42.49926,0
            -74.91695,42.49943,0
            -74.91678,42.4996,0
            -74.91668,42.49969,0
            -74.9166,42.49977,0
            -74.9165,42.49986,0
            -74.91642,42.49995,0
            -74.91625,42.50012,0
            -74.91615,42.50021,0
            -74.91608,42.50029,0
            -74.91581,42.50056,0
            -74.91573,42.50065,0
            -74.91565,42.50073,0
            -74.91556,42.50083,0
            -74.91545,42.50094,0
            -74.9148,42.50165,0
            -74.91437,42.50214,0
            -74.91407,42.5025,0
            -74.91398,42.50259,0
            -74.91396,42.50262,0
            -74.91352,42.50317,0
            -74.9133,42.50346,0
            -74.91323,42.50354,0
            -74.9128,42.50412,0
            -74.91267,42.50428,0
            -74.91197,42.50529,0
            -74.91065,42.50735,0
            -74.91056,42.50748,0
            -74.90894,42.51007,0
            -74.90871,42.51042,0
            -74.90842,42.51089,0
            -74.9084,42.51091,0
            -74.90786,42.51176,0
            -74.90734,42.51254,0
            -74.907,42.51302,0
            -74.90643,42.51379,0
            -74.90576,42.51464,0
            -74.90465,42.51591,0
            -74.90405,42.51656,0
            -74.90323,42.51739,0
            -74.90262,42.51798,0
            -74.90155,42.51895,0
            -74.90122,42.51923,0
            -74.90116,42.51927,0
            -74.90071,42.51966,0
            -74.90002,42.52022,0
            -74.89909,42.52093,0
            -74.89843,42.52141,0
            -74.89748,42.52206,0
            -74.89597,42.52304,0
            -74.89474,42.52377,0
            -74.89408,42.52414,0
            -74.89232,42.52506,0
            -74.89227,42.52508,0
            -74.89196,42.52524,0
            -74.89134,42.52553,0
            -74.89125,42.52558,0
            -74.89042,42.52596,0
            -74.8888,42.52665,0
            -74.88786,42.52702,0
            -74.88648,42.52753,0
            -74.88582,42.52776,0
            -74.88568,42.5278,0
            -74.88515,42.52798,0
            -74.88373,42.52842,0
            -74.88258,42.52875,0
            -74.88214,42.52886,0
            -74.88201,42.5289,0
            -74.88191,42.52892,0
            -74.88118,42.52911,0
            -74.87881,42.52964,0
            -74.87075,42.53118,0
            -74.87056,42.53121,0
            -74.86417,42.53243,0
            -74.86414,42.53244,0
            -74.85793,42.53362,0
            -74.85785,42.53363,0
            -74.85652,42.53389,0
            -74.85622,42.53394,0
            -74.85595,42.534,0
            -74.85566,42.53405,0
            -74.85538,42.53411,0
            -74.85487,42.5342,0
            -74.8548,42.53422,0
            -74.85424,42.53432,0
            -74.8538,42.53441,0
            -74.85366,42.53443,0
            -74.8531,42.53454,0
            -74.85309,42.53454,0
            -74.85285,42.53459,0
            -74.85282,42.53459,0
            -74.85254,42.53465,0
            -74.85114,42.53491,0
            -74.85086,42.53497,0
            -74.85072,42.53499,0
            -74.84982,42.53517,0
            -74.84958,42.53521,0
            -74.84935,42.53526,0
            -74.84508,42.53607,0
            -74.8449,42.53611,0
            -74.84421,42.53623,0
            -74.84414,42.53625,0
            -74.84291,42.53649,0
            -74.84287,42.53649,0
            -74.84059,42.53692,0
            -74.84051,42.53694,0
            -74.83659,42.53768,0
            -74.83648,42.53771,0
            -74.83602,42.53779,0
            -74.83601,42.5378,0
            -74.83588,42.53782,0
            -74.83586,42.53782,0
            -74.83493,42.538,0
            -74.8349,42.53801,0
            -74.8347,42.53804,0
            -74.83234,42.5385,0
            -74.83231,42.5385,0
            -74.83223,42.53852,0
            -74.8321,42.53854,0
            -74.8296,42.53902,0
            -74.82784,42.53941,0
            -74.8277,42.53945,0
            -74.82659,42.53972,0
            -74.82632,42.5398,0
            -74.82604,42.53987,0
            -74.82494,42.54019,0
            -74.82479,42.54024,0
            -74.82456,42.5403,0
            -74.82279,42.54088,0
            -74.82161,42.54131,0
            -74.82155,42.54134,0
            -74.8207,42.54166,0
            -74.82062,42.5417,0
            -74.81967,42.54209,0
            -74.81889,42.54243,0
            -74.81842,42.54265,0
            -74.81816,42.54276,0
            -74.81633,42.54365,0
            -74.81563,42.54397,0
            -74.81534,42.54412,0
            -74.81387,42.54483,0
            -74.8132,42.54517,0
            -74.81159,42.54595,0
            -74.81152,42.54598,0
            -74.8099,42.54678,0
            -74.80836,42.54751,0
            -74.80817,42.54761,0
            -74.80527,42.54899,0
            -74.80392,42.54959,0
            -74.8001,42.55121,0
            -74.79967,42.55137,0
            -74.79834,42.5519,0
            -74.79823,42.55195,0
            -74.79797,42.55205,0
            -74.79771,42.55214,0
            -74.79679,42.55249,0
            -74.79653,42.55258,0
            -74.79574,42.55288,0
            -74.79468,42.55325,0
            -74.79442,42.55335,0
            -74.79388,42.55353,0
            -74.79365,42.55362,0
            -74.79363,42.55362,0
            -74.79353,42.55366,0
            -74.79296,42.55385,0
            -74.7927,42.55395,0
            -74.7922,42.55412,0
            -74.79216,42.55413,0
            -74.79111,42.5545,0
            -74.7911,42.5545,0
            -74.791,42.55454,0
            -74.79084,42.55459,0
            -74.79082,42.5546,0
            -74.79031,42.55477,0
            -74.79005,42.55487,0
            -74.78951,42.55505,0
            -74.78821,42.55553,0
            -74.78714,42.55595,0
            -74.78564,42.55659,0
            -74.78539,42.55671,0
            -74.78489,42.55693,0
            -74.78365,42.55752,0
            -74.78244,42.55815,0
            -74.78233,42.5582,0
            -74.78081,42.55905,0
            -74.78058,42.55919,0
            -74.78053,42.55921,0
            -74.78,42.55954,0
            -74.77988,42.5596,0
            -74.77977,42.55968,0
            -74.77971,42.55971,0
            -74.77966,42.55974,0
            -74.77953,42.55983,0
            -74.77944,42.55988,0
            -74.77888,42.56023,0
            -74.77769,42.56103,0
            -74.77767,42.56104,0
            -74.77758,42.56111,0
            -74.77747,42.56118,0
            -74.77737,42.56126,0
            -74.77726,42.56133,0
            -74.77696,42.56155,0
            -74.77684,42.56163,0
            -74.7759,42.56233,0
            -74.77562,42.56256,0
            -74.77532,42.56279,0
            -74.7752,42.56289,0
            -74.77503,42.56302,0
            -74.77491,42.56313,0
            -74.77451,42.56346,0
            -74.77434,42.56362,0
            -74.77416,42.56377,0
            -74.77377,42.56413,0
            -74.77361,42.56429,0
            -74.77343,42.56445,0
            -74.77288,42.56499,0
            -74.7728,42.56508,0
            -74.77246,42.56542,0
            -74.77163,42.56633,0
            -74.77108,42.56698,0
            -74.77078,42.56736,0
            -74.77071,42.56744,0
            -74.77042,42.56783,0
            -74.77037,42.56789,0
            -74.77,42.56841,0
            -74.76989,42.56855,0
            -74.76985,42.56862,0
            -74.76947,42.56918,0
            -74.76916,42.56968,0
            -74.76909,42.56978,0
            -74.76893,42.57006,0
            -74.76868,42.57047,0
            -74.76863,42.57057,0
            -74.76859,42.57063,0
            -74.76841,42.57097,0
            -74.76835,42.57107,0
            -74.76805,42.57168,0
            -74.76799,42.57179,0
            -74.76781,42.57217,0
            -74.76776,42.57229,0
            -74.76771,42.57238,0
            -74.76758,42.57266,0
            -74.76757,42.57269,0
            -74.76742,42.573,0
            -74.76733,42.57321,0
            -74.76694,42.57403,0
            -74.7669,42.57413,0
            -74.76632,42.57536,0
            -74.76628,42.57546,0
            -74.76622,42.57557,0
            -74.76608,42.57588,0
            -74.76488,42.57837,0
            -74.76464,42.5788,0
            -74.7643,42.57932,0
            -74.7639,42.57987,0
            -74.76377,42.58002,0
            -74.76366,42.58016,0
            -74.76327,42.58061,0
            -74.76309,42.58079,0
            -74.76283,42.58107,0
            -74.7626,42.58129,0
            -74.76256,42.58132,0
            -74.76248,42.5814,0
            -74.76211,42.58173,0
            -74.76203,42.58181,0
            -74.7616,42.58216,0
            -74.76155,42.58219,0
            -74.76141,42.58231,0
            -74.76137,42.58233,0
            -74.76112,42.58252,0
            -74.761,42.5826,0
            -74.76089,42.58269,0
            -74.76079,42.58275,0
            -74.76077,42.58277,0
            -74.76067,42.58283,0
            -74.76005,42.58324,0
            -74.75997,42.58328,0
            -74.75992,42.58332,0
            -74.75982,42.58337,0
            -74.75927,42.58369,0
            -74.7592,42.58372,0
            -74.7591,42.58378,0
            -74.75893,42.58386,0
            -74.75879,42.58394,0
            -74.75824,42.58421,0
            -74.75797,42.58433,0
            -74.75784,42.58438,0
            -74.75765,42.58447,0
            -74.75746,42.58455,0
            -74.75737,42.58458,0
            -74.75698,42.58474,0
            -74.75672,42.58483,0
            -74.7566,42.58488,0
            -74.75576,42.58516,0
            -74.7554,42.58527,0
            -74.75457,42.58549,0
            -74.75379,42.58567,0
            -74.75366,42.58569,0
            -74.75342,42.58574,0
            -74.75282,42.58584,0
            -74.75269,42.58587,0
            -74.75159,42.58601,0
            -74.75035,42.58613,0
            -74.75029,42.58614,0
            -74.75023,42.58614,0
            -74.74587,42.58658,0
            -74.74585,42.58658,0
            -74.74447,42.58671,0
            -74.74386,42.58678,0
            -74.74367,42.58679,0
            -74.74275,42.58689,0
            -74.74226,42.58693,0
            -74.74174,42.58699,0
            -74.74171,42.587,0
            -74.7415,42.58703,0
            -74.74148,42.58703,0
            -74.74126,42.58706,0
            -74.74059,42.58718,0
            -74.73996,42.58731,0
            -74.73879,42.58763,0
            -74.73804,42.58787,0
            -74.73747,42.58809,0
            -74.73699,42.58829,0
            -74.73319,42.58996,0
            -74.73287,42.59013,0
            -74.73104,42.59094,0
            -74.73083,42.59104,0
            -74.73075,42.59107,0
            -74.72782,42.59238,0
            -74.72755,42.59249,0
            -74.72696,42.59276,0
            -74.72671,42.59286,0
            -74.72632,42.59304,0
            -74.72619,42.59309,0
            -74.72608,42.59314,0
            -74.72598,42.59317,0
            -74.72593,42.5932,0
            -74.72528,42.59343,0
            -74.72461,42.59363,0
            -74.72447,42.59366,0
            -74.72433,42.5937,0
            -74.72418,42.59373,0
            -74.72404,42.59377,0
            -74.72349,42.59388,0
            -74.72335,42.5939,0
            -74.7232,42.59393,0
            -74.72261,42.59401,0
            -74.72233,42.59403,0
            -74.72218,42.59405,0
            -74.72174,42.59408,0
            -74.7213,42.59409,0
            -74.72115,42.5941,0
            -74.72086,42.5941,0
            -74.72072,42.59409,0
            -74.72005,42.59409,0
            -74.71979,42.59408,0
            -74.71935,42.59408,0
            -74.7192,42.59407,0
            -74.71001,42.59395,0
            -74.70926,42.59399,0
            -74.70916,42.59399,0
            -74.70912,42.594,0
            -74.709,42.59401,0
            -74.70897,42.59401,0
            -74.70838,42.59407,0
            -74.70771,42.59418,0
            -74.7077,42.59418,0
            -74.70758,42.5942,0
            -74.70747,42.59423,0
            -74.7074,42.59424,0
            -74.70696,42.59433,0
            -74.70642,42.59448,0
            -74.70632,42.5945,0
            -74.7063,42.59451,0
            -74.7059,42.59464,0
            -74.70522,42.59489,0
            -74.70491,42.59502,0
            -74.70488,42.59503,0
            -74.70467,42.59512,0
            -74.70412,42.59539,0
            -74.70375,42.59559,0
            -74.70353,42.59573,0
            -74.70348,42.59575,0
            -74.70334,42.59584,0
            -74.7033,42.59587,0
            -74.70308,42.59601,0
            -74.70244,42.59647,0
            -74.70214,42.59673,0
            -74.7021,42.59677,0
            -74.70206,42.5968,0
            -74.70168,42.59714,0
            -74.70123,42.59763,0
            -74.70096,42.59796,0
            -74.70061,42.59846,0
            -74.70021,42.59912,0
            -74.70008,42.59937,0
            -74.70005,42.59941,0
            -74.69966,42.60012,0
            -74.69958,42.60029,0
            -74.69953,42.60037,0
            -74.69915,42.60105,0
            -74.69888,42.60156,0
            -74.69867,42.6019,0
            -74.69857,42.60208,0
            -74.69843,42.60228,0
            -74.69842,42.6023,0
            -74.69826,42.60251,0
            -74.69817,42.60264,0
            -74.69768,42.60318,0
            -74.69722,42.60361,0
            -74.69673,42.60402,0
            -74.69606,42.60446,0
            -74.69536,42.60485,0
            -74.69486,42.60508,0
            -74.69473,42.60513,0
            -74.6946,42.60519,0
            -74.69408,42.60539,0
            -74.69341,42.6056,0
            -74.69327,42.60563,0
            -74.69307,42.60569,0
            -74.693,42.6057,0
            -74.69272,42.60577,0
            -74.69243,42.60583,0
            -74.69215,42.6059,0
            -74.69131,42.60608,0
            -74.69116,42.60612,0
            -74.69046,42.60627,0
            -74.69018,42.60634,0
            -74.68862,42.60668,0
            -74.68793,42.60685,0
            -74.68724,42.60705,0
            -74.68671,42.60723,0
            -74.68658,42.60728,0
            -74.68631,42.60737,0
            -74.68605,42.60747,0
            -74.68516,42.60786,0
            -74.68455,42.60816,0
            -74.68395,42.60849,0
            -74.68361,42.60869,0
            -74.68328,42.6089,0
            -74.68307,42.60905,0
            -74.68295,42.60912,0
            -74.68231,42.60958,0
            -74.6822,42.60965,0
            -74.68116,42.61039,0
            -74.68114,42.61041,0
            -74.68093,42.61055,0
            -74.67891,42.61198,0
            -74.6788,42.61205,0
            -74.67869,42.61213,0
            -74.67867,42.61214,0
            -74.67859,42.6122,0
            -74.67857,42.61221,0
            -74.67839,42.61233,0
            -74.67837,42.61234,0
            -74.67793,42.61263,0
            -74.67726,42.61305,0
            -74.67623,42.61367,0
            -74.67576,42.61393,0
            -74.67575,42.61394,0
            -74.67528,42.6142,0
            -74.67518,42.61425,0
            -74.67506,42.61432,0
            -74.67397,42.61489,0
            -74.67387,42.61495,0
            -74.67339,42.6152,0
            -74.67326,42.61526,0
            -74.67171,42.61608,0
            -74.67158,42.61614,0
            -74.67147,42.61621,0
            -74.67135,42.61627,0
            -74.67132,42.61628,0
            -74.67123,42.61634,0
            -74.67053,42.61673,0
            -74.66972,42.61722,0
            -74.66885,42.61779,0
            -74.66826,42.61821,0
            -74.66801,42.6184,0
            -74.6679,42.61847,0
            -74.66741,42.61885,0
            -74.66739,42.61887,0
            -74.6667,42.61943,0
            -74.66623,42.61985,0
            -74.66613,42.61993,0
            -74.66523,42.62079,0
            -74.66515,42.62088,0
            -74.66497,42.62106,0
            -74.66489,42.62115,0
            -74.6648,42.62124,0
            -74.66431,42.62178,0
            -74.66423,42.62188,0
            -74.66418,42.62193,0
            -74.66343,42.62285,0
            -74.6634,42.6229,0
            -74.66332,42.62299,0
            -74.66284,42.62366,0
            -74.66271,42.62386,0
            -74.66264,42.62395,0
            -74.66252,42.62415,0
            -74.66242,42.62429,0
            -74.66239,42.62435,0
            -74.66233,42.62444,0
            -74.6618,42.62534,0
            -74.66175,42.62545,0
            -74.66159,42.62575,0
            -74.66124,42.62646,0
            -74.66031,42.62859,0
            -74.66026,42.62869,0
            -74.66024,42.62875,0
            -74.66021,42.62882,0
            -74.66016,42.62892,0
            -74.6601,42.62907,0
            -74.66002,42.62924,0
            -74.65998,42.62934,0
            -74.65993,42.62944,0
            -74.6598,42.62975,0
            -74.65951,42.63035,0
            -74.6595,42.63036,0
            -74.65945,42.63046,0
            -74.65921,42.63086,0
            -74.65915,42.63097,0
            -74.65889,42.63135,0
            -74.65882,42.63144,0
            -74.65875,42.63155,0
            -74.65868,42.63163,0
            -74.65861,42.63173,0
            -74.65846,42.63192,0
            -74.65838,42.63201,0
            -74.65823,42.6322,0
            -74.65815,42.63228,0
            -74.65799,42.63247,0
            -74.6548,42.63599,0
            -74.65446,42.63635,0
            -74.6539,42.63698,0
            -74.65381,42.63707,0
            -74.65333,42.63761,0
            -74.65299,42.63797,0
            -74.6521,42.63897,0
            -74.65206,42.63901,0
            -74.65202,42.63906,0
            -74.65193,42.63915,0
            -74.65177,42.63933,0
            -74.65168,42.63942,0
            -74.65103,42.64014,0
            -74.65086,42.64031,0
            -74.6507,42.64049,0
            -74.65038,42.64082,0
            -74.65005,42.64114,0
            -74.64975,42.64145,0
            -74.64947,42.64171,0
            -74.64935,42.64183,0
            -74.64864,42.64247,0
            -74.64858,42.64253,0
            -74.64845,42.64264,0
            -74.64842,42.64266,0
            -74.64798,42.64304,0
            -74.64794,42.64307,0
            -74.64778,42.64321,0
            -74.64761,42.64334,0
            -74.64758,42.64337,0
            -74.6466,42.64412,0
            -74.64656,42.64414,0
            -74.64581,42.64467,0
            -74.64566,42.64476,0
            -74.6456,42.64481,0
            -74.64558,42.64481,0
            -74.64538,42.64495,0
            -74.64447,42.64551,0
            -74.64377,42.64591,0
            -74.64306,42.64629,0
            -74.64303,42.6463,0
            -74.64257,42.64654,0
            -74.64158,42.64701,0
            -74.64082,42.64734,0
            -74.63965,42.64781,0
            -74.63899,42.64805,0
            -74.63859,42.64818,0
            -74.63832,42.64828,0
            -74.63805,42.64836,0
            -74.63778,42.64845,0
            -74.63655,42.64881,0
            -74.63578,42.64901,0
            -74.63572,42.64902,0
            -74.63555,42.64907,0
            -74.63544,42.64909,0
            -74.6353,42.64913,0
            -74.63513,42.64916,0
            -74.63445,42.64931,0
            -74.63331,42.64951,0
            -74.63239,42.64964,0
            -74.63233,42.64964,0
            -74.63185,42.6497,0
            -74.63171,42.64971,0
            -74.63156,42.64973,0
            -74.63054,42.6498,0
            -74.62966,42.64984,0
            -74.62936,42.64984,0
            -74.62907,42.64985,0
            -74.62862,42.64985,0
            -74.62847,42.64984,0
            -74.62818,42.64984,0
            -74.62774,42.64982,0
            -74.6276,42.64982,0
            -74.62656,42.64975,0
            -74.62584,42.64968,0
            -74.62569,42.64966,0
            -74.62555,42.64965,0
            -74.62453,42.64951,0
            -74.62438,42.64948,0
            -74.62395,42.64942,0
            -74.6239,42.64941,0
            -74.62372,42.64939,0
            -74.62304,42.64929,0
            -74.62289,42.64926,0
            -74.62218,42.64916,0
            -74.62189,42.64911,0
            -74.61852,42.64863,0
            -74.61808,42.64859,0
            -74.61793,42.64857,0
            -74.61631,42.64847,0
            -74.61602,42.64847,0
            -74.61573,42.64846,0
            -74.61484,42.64846,0
            -74.61351,42.64851,0
            -74.6119,42.64862,0
            -74.6118,42.64862,0
            -74.60886,42.6488,0
            -74.60881,42.64881,0
            -74.60837,42.64883,0
            -74.6075,42.64889,0
            -74.6072,42.6489,0
            -74.60691,42.64892,0
            -74.60667,42.64892,0
            -74.60662,42.64893,0
            -74.60632,42.64893,0
            -74.60618,42.64894,0
            -74.60543,42.64894,0
            -74.60529,42.64893,0
            -74.60491,42.64893,0
            -74.60485,42.64892,0
            -74.60411,42.64889,0
            -74.60382,42.64887,0
            -74.60374,42.64887,0
            -74.60369,42.64886,0
            -74.60324,42.64883,0
            -74.60222,42.64872,0
            -74.60149,42.64862,0
            -74.60034,42.64842,0
            -74.59949,42.64824,0
            -74.59852,42.648,0
            -74.59742,42.64768,0
            -74.59729,42.64763,0
            -74.59715,42.64759,0
            -74.59702,42.64754,0
            -74.59675,42.64746,0
            -74.59122,42.64539,0
            -74.59096,42.6453,0
            -74.58758,42.64403,0
            -74.58732,42.64394,0
            -74.58575,42.64334,0
            -74.58548,42.64325,0
            -74.58364,42.64255,0
            -74.58338,42.64246,0
            -74.58217,42.642,0
            -74.5818,42.64187,0
            -74.58048,42.64137,0
            -74.58022,42.64128,0
            -74.57995,42.64117,0
            -74.57983,42.64113,0
            -74.57747,42.64024,0
            -74.57721,42.64015,0
            -74.5755,42.6395,0
            -74.5751,42.63936,0
            -74.57509,42.63935,0
            -74.57365,42.63881,0
            -74.5735,42.63876,0
            -74.57312,42.63861,0
            -74.5723,42.63831,0
            -74.57205,42.63823,0
            -74.57191,42.63817,0
            -74.57124,42.63796,0
            -74.57058,42.63777,0
            -74.56994,42.63761,0
            -74.56977,42.63758,0
            -74.56967,42.63755,0
            -74.56911,42.63743,0
            -74.56903,42.63742,0
            -74.56826,42.63728,0
            -74.56713,42.63711,0
            -74.56566,42.63697,0
            -74.56479,42.63692,0
            -74.56399,42.63691,0
            -74.56381,42.6369,0
            -74.56357,42.6369,0
            -74.56345,42.63691,0
            -74.56281,42.63692,0
            -74.56186,42.63696,0
            -74.56118,42.63701,0
            -74.56114,42.63702,0
            -74.56043,42.63708,0
            -74.55931,42.63722,0
            -74.55896,42.63728,0
            -74.55879,42.6373,0
            -74.55752,42.63753,0
            -74.55663,42.63772,0
            -74.55582,42.63792,0
            -74.55461,42.63826,0
            -74.55453,42.63829,0
            -74.55425,42.63837,0
            -74.55257,42.63894,0
            -74.55242,42.639,0
            -74.5522,42.63907,0
            -74.55133,42.63938,0
            -74.55124,42.6394,0
            -74.5484,42.6404,0
            -74.54799,42.64053,0
            -74.54644,42.64107,0
            -74.54632,42.64112,0
            -74.54618,42.64116,0
            -74.54577,42.64131,0
            -74.54552,42.64139,0
            -74.54445,42.64177,0
            -74.54405,42.6419,0
            -74.54378,42.642,0
            -74.54374,42.64201,0
            -74.54126,42.64287,0
            -74.54125,42.64288,0
            -74.54099,42.64296,0
            -74.5409,42.643,0
            -74.53967,42.64343,0
            -74.53953,42.64347,0
            -74.53856,42.64381,0
            -74.53846,42.64384,0
            -74.5382,42.64394,0
            -74.53713,42.6443,0
            -74.53687,42.6444,0
            -74.53657,42.6445,0
            -74.53647,42.64454,0
            -74.53341,42.6456,0
            -74.53321,42.64566,0
            -74.53289,42.64578,0
            -74.53288,42.64578,0
            -74.53042,42.64663,0
            -74.53035,42.64666,0
            -74.53007,42.64675,0
            -74.52981,42.64685,0
            -74.52875,42.64721,0
            -74.52848,42.64731,0
            -74.52843,42.64732,0
            -74.52822,42.6474,0
            -74.52821,42.6474,0
            -74.52776,42.64755,0
            -74.52741,42.64768,0
            -74.52556,42.64832,0
            -74.52555,42.64832,0
            -74.52528,42.64841,0
            -74.52502,42.64851,0
            -74.52448,42.64869,0
            -74.52422,42.64879,0
            -74.52315,42.64915,0
            -74.52208,42.64953,0
            -74.5218,42.64962,0
            -74.52154,42.64972,0
            -74.52089,42.64994,0
            -74.52076,42.64999,0
            -74.51794,42.65096,0
            -74.51742,42.65115,0
            -74.51688,42.65133,0
            -74.51542,42.65186,0
            -74.51517,42.65196,0
            -74.51516,42.65196,0
            -74.51488,42.65207,0
            -74.51476,42.65211,0
            -74.51308,42.65278,0
            -74.51283,42.65289,0
            -74.51243,42.65305,0
            -74.51218,42.65316,0
            -74.51205,42.65321,0
            -74.51193,42.65327,0
            -74.51166,42.65338,0
            -74.51082,42.65375,0
            -74.51079,42.65376,0
            -74.50834,42.6549,0
            -74.50712,42.65551,0
            -74.50622,42.65598,0
            -74.50587,42.65618,0
            -74.5058,42.65621,0
            -74.50557,42.65634,0
            -74.50545,42.6564,0
            -74.50521,42.65654,0
            -74.50509,42.6566,0
            -74.50497,42.65667,0
            -74.50485,42.65673,0
            -74.50442,42.65698,0
            -74.50434,42.65702,0
            -74.50414,42.65714,0
            -74.50412,42.65714,0
            -74.50408,42.65717,0
            -74.50403,42.6572,0
            -74.50391,42.65726,0
            -74.50359,42.65745,0
            -74.50358,42.65745,0
            -74.50356,42.65747,0
            -74.50345,42.65754,0
            -74.5034,42.65756,0
            -74.50281,42.65791,0
            -74.50276,42.65793,0
            -74.50198,42.65841,0
            -74.50174,42.65857,0
            -74.50128,42.65885,0
            -74.50117,42.65893,0
            -74.50061,42.65928,0
            -74.5005,42.65936,0
            -74.50039,42.65943,0
            -74.50037,42.65944,0
            -74.49994,42.65972,0
            -74.49983,42.6598,0
            -74.49947,42.66004,0
            -74.49946,42.66005,0
            -74.49906,42.66033,0
            -74.49884,42.66047,0
            -74.49863,42.66063,0
            -74.49756,42.66139,0
            -74.49735,42.66155,0
            -74.49724,42.66162,0
            -74.49704,42.66178,0
            -74.49685,42.66192,0
            -74.49683,42.66194,0
            -74.49641,42.66225,0
            -74.49617,42.66244,0
            -74.49547,42.66296,0
            -74.49486,42.66344,0
            -74.49465,42.66359,0
            -74.49216,42.66551,0
            -74.49195,42.66566,0
            -74.4907,42.66661,0
            -74.48939,42.66751,0
            -74.48927,42.66758,0
            -74.48863,42.66799,0
            -74.4882,42.66825,0
            -74.48726,42.66879,0
            -74.48604,42.66943,0
            -74.48479,42.67002,0
            -74.48453,42.67013,0
            -74.48428,42.67025,0
            -74.48363,42.67053,0
            -74.48232,42.67104,0
            -74.48148,42.67134,0
            -74.48123,42.67142,0
            -74.48099,42.67151,0
            -74.48068,42.6716,0
            -74.48055,42.67165,0
            -74.48014,42.67177,0
            -74.48,42.67182,0
            -74.47833,42.6723,0
            -74.47817,42.67234,0
            -74.47802,42.67237,0
            -74.47798,42.67239,0
            -74.4779,42.6724,0
            -74.47784,42.67242,0
            -74.47762,42.67247,0
            -74.4772,42.67258,0
            -74.47677,42.67267,0
            -74.47663,42.67271,0
            -74.4764,42.67275,0
            -74.47577,42.67289,0
            -74.4752,42.673,0
            -74.4736,42.67327,0
            -74.47243,42.67343,0
            -74.47184,42.67349,0
            -74.47155,42.67353,0
            -74.47126,42.67356,0
            -74.47096,42.67358,0
            -74.47067,42.67361,0
            -74.46949,42.67369,0
            -74.46919,42.6737,0
            -74.4689,42.67372,0
            -74.4677,42.67376,0
            -74.4674,42.67376,0
            -74.4671,42.67377,0
            -74.46652,42.67377,0
            -74.46622,42.67376,0
            -74.46593,42.67376,0
            -74.46564,42.67375,0
            -74.46534,42.67375,0
            -74.46445,42.67371,0
            -74.46325,42.67363,0
            -74.46163,42.67347,0
            -74.45987,42.67326,0
            -74.45976,42.67324,0
            -74.45914,42.67316,0
            -74.45884,42.67313,0
            -74.45855,42.67309,0
            -74.45825,42.67306,0
            -74.45807,42.67303,0
            -74.45783,42.67301,0
            -74.45679,42.67288,0
            -74.45545,42.67274,0
            -74.4546,42.67268,0
            -74.45307,42.67262,0
            -74.45189,42.67262,0
            -74.45174,42.67263,0
            -74.45159,42.67263,0
            -74.45144,42.67264,0
            -74.45129,42.67264,0
            -74.45114,42.67265,0
            -74.45099,42.67265,0
            -74.44966,42.67274,0
            -74.44862,42.67285,0
            -74.44746,42.67301,0
            -74.4463,42.67321,0
            -74.44429,42.6736,0
            -74.44428,42.6736,0
            -74.43745,42.67493,0
            -74.43728,42.67497,0
            -74.43704,42.67501,0
            -74.43688,42.67505,0
            -74.43659,42.6751,0
            -74.4361,42.6752,0
            -74.43601,42.67521,0
            -74.43544,42.67533,0
            -74.43515,42.67538,0
            -74.43487,42.67544,0
            -74.43468,42.67547,0
            -74.43228,42.67594,0
            -74.43214,42.67596,0
            -74.43101,42.67618,0
            -74.43084,42.67622,0
            -74.42968,42.67644,0
            -74.42912,42.67656,0
            -74.42694,42.67698,0
            -74.42638,42.6771,0
            -74.42625,42.67712,0
            -74.42508,42.67735,0
            -74.42494,42.67737,0
            -74.4245,42.67746,0
            -74.42437,42.67748,0
            -74.42408,42.67754,0
            -74.42393,42.67756,0
            -74.42381,42.67759,0
            -74.42377,42.67759,0
            -74.42365,42.67762,0
            -74.42336,42.67767,0
            -74.42334,42.67768,0
            -74.42325,42.67769,0
            -74.42307,42.67773,0
            -74.42293,42.67775,0
            -74.42204,42.67792,0
            -74.4219,42.67794,0
            -74.4206,42.67821,0
            -74.42045,42.67823,0
            -74.42003,42.67832,0
            -74.41989,42.67834,0
            -74.41733,42.67884,0
            -74.41718,42.67886,0
            -74.41603,42.67909,0
            -74.41589,42.67911,0
            -74.41561,42.67917,0
            -74.41547,42.67919,0
            -74.41474,42.67934,0
            -74.4146,42.67936,0
            -74.41357,42.67956,0
            -74.41349,42.67958,0
            -74.41199,42.67987,0
            -74.41172,42.67991,0
            -74.41157,42.67994,0
            -74.41098,42.68002,0
            -74.41084,42.68003,0
            -74.41081,42.68004,0
            -74.40996,42.6801,0
            -74.4098,42.6801,0
            -74.40966,42.68011,0
            -74.40905,42.68011,0
            -74.40876,42.6801,0
            -74.40831,42.6801,0
            -74.40816,42.68009,0
            -74.40785,42.68009,0
            -74.40771,42.68008,0
            -74.40742,42.68008,0
            -74.40727,42.68007,0
            -74.40637,42.68006,0
            -74.40621,42.68005,0
            -74.40577,42.68005,0
            -74.40565,42.68004,0
            -74.40395,42.68002,0
            -74.40378,42.68001,0
            -74.40348,42.68001,0
            -74.40333,42.68,0
            -74.40289,42.68,0
            -74.40276,42.67999,0
            -74.4023,42.67999,0
            -74.40216,42.67998,0
            -74.40172,42.67998,0
            -74.40157,42.67997,0
            -74.40127,42.67997,0
            -74.40113,42.67996,0
            -74.40069,42.67996,0
            -74.40053,42.67995,0
            -74.40023,42.67995,0
            -74.4001,42.67994,0
            -74.39964,42.67994,0
            -74.3995,42.67993,0
            -74.39861,42.67992,0
            -74.39847,42.67991,0
            -74.39801,42.67991,0
            -74.39787,42.6799,0
            -74.39757,42.6799,0
            -74.39744,42.67989,0
            -74.39698,42.67989,0
            -74.39684,42.67988,0
            -74.3964,42.67988,0
            -74.39625,42.67987,0
            -74.39595,42.67987,0
            -74.3958,42.67986,0
            -74.39536,42.67986,0
            -74.39522,42.67985,0
            -74.39491,42.67985,0
            -74.39462,42.67984,0
            -74.39432,42.67984,0
            -74.39417,42.67983,0
            -74.39374,42.67983,0
            -74.39359,42.67982,0
            -74.39329,42.67982,0
            -74.39314,42.67981,0
            -74.3927,42.67981,0
            -74.39255,42.6798,0
            -74.39211,42.6798,0
            -74.39196,42.67979,0
            -74.39166,42.67979,0
            -74.39152,42.67978,0
            -74.39107,42.67978,0
            -74.39094,42.67977,0
            -74.39062,42.67977,0
            -74.39049,42.67976,0
            -74.39004,42.67976,0
            -74.38989,42.67975,0
            -74.38945,42.67975,0
            -74.3893,42.67974,0
            -74.38898,42.67974,0
            -74.38886,42.67973,0
            -74.38783,42.67972,0
            -74.38768,42.67971,0
            -74.38736,42.67971,0
            -74.38722,42.6797,0
            -74.3868,42.6797,0
            -74.38665,42.67969,0
            -74.3862,42.67969,0
            -74.38605,42.67968,0
            -74.38576,42.67968,0
            -74.38565,42.67967,0
            -74.38518,42.67967,0
            -74.38503,42.67966,0
            -74.38369,42.67966,0
            -74.38355,42.67967,0
            -74.38325,42.67967,0
            -74.38311,42.67968,0
            -74.38296,42.67968,0
            -74.38283,42.67969,0
            -74.38267,42.67969,0
            -74.38253,42.6797,0
            -74.38238,42.6797,0
            -74.38207,42.67972,0
            -74.38193,42.67972,0
            -74.38046,42.67982,0
            -74.38031,42.67984,0
            -74.38001,42.67986,0
            -74.37988,42.67988,0
            -74.37972,42.67989,0
            -74.37958,42.67991,0
            -74.37944,42.67992,0
            -74.3793,42.67994,0
            -74.37914,42.67995,0
            -74.37871,42.68001,0
            -74.37857,42.68002,0
            -74.37845,42.68004,0
            -74.37842,42.68004,0
            -74.37699,42.68025,0
            -74.37684,42.68028,0
            -74.37655,42.68032,0
            -74.37626,42.68038,0
            -74.37611,42.6804,0
            -74.37597,42.68043,0
            -74.37583,42.68045,0
            -74.37498,42.68063,0
            -74.3747,42.68068,0
            -74.37456,42.68072,0
            -74.374,42.68084,0
            -74.37385,42.68088,0
            -74.37358,42.68094,0
            -74.37343,42.68098,0
            -74.37329,42.68101,0
            -74.37315,42.68105,0
            -74.37302,42.68108,0
            -74.3726,42.6812,0
            -74.37246,42.68123,0
            -74.37116,42.68161,0
            -74.37105,42.68165,0
            -74.37093,42.68168,0
            -74.37083,42.68172,0
            -74.37074,42.68174,0
            -74.37069,42.68176,0
            -74.37015,42.68194,0
            -74.37014,42.68194,0
            -74.37001,42.68198,0
            -74.36975,42.68208,0
            -74.36961,42.68212,0
            -74.36817,42.68266,0
            -74.36761,42.68289,0
            -74.36753,42.68293,0
            -74.36727,42.68303,0
            -74.36689,42.6832,0
            -74.36676,42.68325,0
            -74.36651,42.68337,0
            -74.36639,42.68342,0
            -74.36601,42.6836,0
            -74.36589,42.68365,0
            -74.36492,42.68413,0
            -74.36491,42.68413,0
            -74.36479,42.6842,0
            -74.36443,42.68439,0
            -74.36432,42.68444,0
            -74.36431,42.68445,0
            -74.36412,42.68455,0
            -74.36408,42.68458,0
            -74.36396,42.68464,0
            -74.36393,42.68466,0
            -74.36373,42.68477,0
            -74.36372,42.68477,0
            -74.36326,42.68504,0
            -74.36314,42.6851,0
            -74.36269,42.68538,0
            -74.36258,42.68544,0
            -74.36257,42.68545,0
            -74.36246,42.68551,0
            -74.36146,42.68615,0
            -74.36135,42.68623,0
            -74.36131,42.68625,0
            -74.36114,42.68637,0
            -74.36103,42.68644,0
            -74.36091,42.68653,0
            -74.3607,42.68667,0
            -74.3606,42.68675,0
            -74.36049,42.68682,0
            -74.36028,42.68697,0
            -74.36017,42.68704,0
            -74.36007,42.68712,0
            -74.35921,42.68773,0
            -74.3591,42.6878,0
            -74.359,42.68788,0
            -74.35889,42.68795,0
            -74.35879,42.68803,0
            -74.35875,42.68805,0
            -74.35762,42.68885,0
            -74.35759,42.68888,0
            -74.35472,42.69091,0
            -74.35471,42.69091,0
            -74.35453,42.69104,0
            -74.35452,42.69105,0
            -74.35437,42.69115,0
            -74.35314,42.69203,0
            -74.35312,42.69204,0
            -74.35283,42.69225,0
            -74.35272,42.69232,0
            -74.35251,42.69248,0
            -74.3524,42.69255,0
            -74.35187,42.69293,0
            -74.35176,42.693,0
            -74.35145,42.69323,0
            -74.35133,42.6933,0
            -74.35131,42.69332,0
            -74.35113,42.69345,0
            -74.35112,42.69346,0
            -74.35101,42.69353,0
            -74.35091,42.69361,0
            -74.3508,42.69368,0
            -74.35027,42.69406,0
            -74.35016,42.69413,0
            -74.35006,42.69421,0
            -74.34995,42.69428,0
            -74.34952,42.69459,0
            -74.34941,42.69466,0
            -74.34931,42.69474,0
            -74.34824,42.6955,0
            -74.34813,42.69557,0
            -74.34803,42.69565,0
            -74.34781,42.6958,0
            -74.34779,42.69582,0
            -74.34752,42.696,0
            -74.34742,42.69608,0
            -74.34731,42.69615,0
            -74.34721,42.69623,0
            -74.34666,42.69662,0
            -74.34655,42.69669,0
            -74.34645,42.69677,0
            -74.34634,42.69684,0
            -74.34602,42.69708,0
            -74.34591,42.69715,0
            -74.3458,42.69723,0
            -74.34569,42.6973,0
            -74.34504,42.69776,0
            -74.34483,42.69792,0
            -74.34472,42.69799,0
            -74.3444,42.69822,0
            -74.34435,42.69825,0
            -74.34418,42.69838,0
            -74.34407,42.69845,0
            -74.34385,42.69861,0
            -74.34341,42.6989,0
            -74.3433,42.69898,0
            -74.34319,42.69905,0
            -74.34308,42.69913,0
            -74.34262,42.69941,0
            -74.34239,42.69956,0
            -74.34235,42.69958,0
            -74.34228,42.69963,0
            -74.34216,42.6997,0
            -74.34204,42.69976,0
            -74.34193,42.69984,0
            -74.34181,42.6999,0
            -74.34133,42.70018,0
            -74.34121,42.70024,0
            -74.3412,42.70025,0
            -74.34061,42.70057,0
            -74.3406,42.70057,0
            -74.34048,42.70063,0
            -74.34036,42.7007,0
            -74.33975,42.70101,0
            -74.33836,42.70165,0
            -74.33835,42.70166,0
            -74.33822,42.70171,0
            -74.33783,42.70188,0
            -74.33772,42.70192,0
            -74.33757,42.70199,0
            -74.33717,42.70214,0
            -74.33691,42.70225,0
            -74.33686,42.70226,0
            -74.33665,42.70235,0
            -74.33611,42.70255,0
            -74.33529,42.70283,0
            -74.33515,42.70287,0
            -74.33493,42.70295,0
            -74.33488,42.70296,0
            -74.33461,42.70305,0
            -74.33419,42.70317,0
            -74.33405,42.70322,0
            -74.3335,42.70338,0
            -74.33335,42.70341,0
            -74.33293,42.70353,0
            -74.33291,42.70353,0
            -74.3325,42.70364,0
            -74.33236,42.70367,0
            -74.33223,42.70371,0
            -74.33222,42.70371,0
            -74.33194,42.70377,0
            -74.3318,42.70381,0
            -74.33152,42.70387,0
            -74.33151,42.70387,0
            -74.33137,42.70391,0
            -74.33111,42.70396,0
            -74.33108,42.70397,0
            -74.33105,42.70397,0
            -74.33099,42.70399,0
            -74.3305,42.70409,0
            -74.33036,42.70411,0
            -74.33008,42.70417,0
            -74.32993,42.70419,0
            -74.32964,42.70425,0
            -74.32935,42.70429,0
            -74.3292,42.70432,0
            -74.32905,42.70434,0
            -74.32891,42.70437,0
            -74.32875,42.70439,0
            -74.32861,42.70442,0
            -74.32847,42.70444,0
            -74.32833,42.70447,0
            -74.32804,42.70451,0
            -74.32701,42.70469,0
            -74.32672,42.70473,0
            -74.32657,42.70476,0
            -74.32643,42.70478,0
            -74.32628,42.70481,0
            -74.32599,42.70485,0
            -74.32526,42.70498,0
            -74.32511,42.705,0
            -74.32497,42.70503,0
            -74.32438,42.70512,0
            -74.32424,42.70515,0
            -74.32423,42.70515,0
            -74.32409,42.70517,0
            -74.32395,42.7052,0
            -74.32365,42.70524,0
            -74.3234,42.70529,0
            -74.32325,42.70531,0
            -74.3231,42.70534,0
            -74.32282,42.70538,0
            -74.32267,42.70541,0
            -74.32239,42.70545,0
            -74.32224,42.70548,0
            -74.3221,42.7055,0
            -74.32195,42.70553,0
            -74.32181,42.70555,0
            -74.32166,42.70558,0
            -74.32138,42.70562,0
            -74.32135,42.70563,0
            -74.32121,42.70565,0
            -74.32118,42.70566,0
            -74.32028,42.70581,0
            -74.32025,42.70581,0
            -74.32014,42.70578,0
            -74.32012,42.70578,0
            -74.31998,42.7058,0
            -74.3199,42.7058,0
            -74.31964,42.70583,0
            -74.3191,42.70587,0
            -74.31905,42.70587,0
            -74.31812,42.70593,0
            -74.3169,42.70595,0
            -74.31643,42.70597,0
            -74.31577,42.70598,0
            -74.3153,42.706,0
            -74.31513,42.706,0
            -74.31488,42.70602,0
            -74.31467,42.70605,0
            -74.31462,42.70605,0
            -74.31456,42.70606,0
            -74.31455,42.70606,0
            -74.31446,42.70608,0
            -74.31433,42.7061,0
            -74.31432,42.7061,0
            -74.31421,42.70613,0
            -74.3141,42.70615,0
            -74.31409,42.70615,0
            -74.31385,42.7062,0
            -74.31379,42.70622,0
            -74.31362,42.70626,0
            -74.31348,42.7063,0
            -74.31327,42.70597,0
            -74.31316,42.70581,0
            -74.31316,42.7058,0
            -74.31309,42.70571,0
            -74.31286,42.70545,0
            -74.31273,42.70532,0
            -74.31269,42.70527,0
            -74.31244,42.70504,0
            -74.31243,42.70504,0
            -74.31234,42.70495,0
            -74.3122,42.70483,0
            -74.31195,42.70464,0
            -74.31194,42.70464,0
            -74.3119,42.7046,0
            -74.31187,42.70459,0
            -74.31177,42.70452,0
            -74.31176,42.70451,0
            -74.31158,42.70439,0
            -74.31115,42.70414,0
            -74.31075,42.70394,0
            -74.31029,42.70373,0
            -74.3091,42.70323,0
            -74.30872,42.70306,0
            -74.30859,42.70301,0
            -74.30683,42.70223,0
            -74.30682,42.70223,0
            -74.30593,42.70181,0
            -74.30517,42.70143,0
            -74.30474,42.70123,0
            -74.30432,42.70107,0
            -74.30397,42.70096,0
            -74.30354,42.70086,0
            -74.30348,42.70084,0
            -74.303,42.70072,0
            -74.30247,42.70057,0
            -74.30219,42.70047,0
            -74.30214,42.70046,0
            -74.30199,42.7004,0
            -74.30176,42.70032,0
            -74.3015,42.70018,0
            -74.30141,42.70014,0
            -74.30119,42.70001,0
            -74.30109,42.69996,0
            -74.30087,42.69981,0
            -74.30073,42.6997,0
            -74.30068,42.69965,0
            -74.30057,42.69956,0
            -74.30051,42.69949,0
            -74.30036,42.69936,0
            -74.30021,42.69921,0
            -74.29993,42.6989,0
            -74.2998,42.69873,0
            -74.29978,42.69869,0
            -74.29965,42.6985,0
            -74.29954,42.6983,0
            -74.29951,42.69823,0
            -74.29946,42.69814,0
            -74.2994,42.698,0
            -74.29939,42.69799,0
            -74.29938,42.69796,0
            -74.29905,42.69721,0
            -74.29887,42.69683,0
            -74.29886,42.6968,0
            -74.29885,42.69679,0
            -74.2988,42.69668,0
            -74.2988,42.69667,0
            -74.29853,42.69613,0
            -74.29818,42.69548,0
            -74.29816,42.69546,0
            -74.29816,42.69545,0
            -74.29738,42.694,0
            -74.29736,42.69398,0
            -74.29736,42.69396,0
            -74.29735,42.69395,0
            -74.29735,42.69394,0
            -74.29727,42.69377,0
            -74.29722,42.69363,0
            -74.29719,42.69356,0
            -74.29718,42.69348,0
            -74.29717,42.69346,0
            -74.29716,42.69343,0
            -74.29716,42.69342,0
            -74.29714,42.69331,0
            -74.29714,42.69325,0
            -74.29713,42.69318,0
            -74.29713,42.69312,0
            -74.29712,42.69303,0
            -74.29713,42.69294,0
            -74.29713,42.69286,0
            -74.29718,42.69205,0
            -74.2972,42.69187,0
            -74.2972,42.69176,0
            -74.29721,42.69169,0
            -74.2973,42.69023,0
            -74.29729,42.69019,0
            -74.29729,42.68987,0
            -74.29725,42.68947,0
            -74.29723,42.68933,0
            -74.29723,42.6893,0
            -74.29719,42.68899,0
            -74.29719,42.68894,0
            -74.29718,42.68893,0
            -74.29715,42.68863,0
            -74.29715,42.68859,0
            -74.29714,42.68857,0
            -74.29709,42.6881,0
            -74.29709,42.68807,0
            -74.29708,42.68805,0
            -74.29708,42.68803,0
            -74.29705,42.68774,0
            -74.29705,42.68771,0
            -74.29704,42.68769,0
            -74.29704,42.68766,0
            -74.29702,42.68743,0
            -74.29701,42.68738,0
            -74.29701,42.68736,0
            -74.297,42.68735,0
            -74.297,42.68732,0
            -74.29696,42.68708,0
            -74.29692,42.68695,0
            -74.29688,42.68678,0
            -74.29684,42.68667,0
            -74.29684,42.68665,0
            -74.29683,42.68662,0
            -74.29683,42.68661,0
            -74.29679,42.68649,0
            -74.29679,42.68647,0
            -74.29673,42.68629,0
            -74.29671,42.6862,0
            -74.29666,42.68587,0
            -74.29666,42.68572,0
            -74.29667,42.6856,0
            -74.29667,42.68553,0
            -74.29668,42.68548,0
            -74.29668,42.68541,0
            -74.2967,42.68535,0
            -74.29671,42.68528,0
            -74.29676,42.68509,0
            -74.29679,42.68502,0
            -74.29681,42.68495,0
            -74.29685,42.68486,0
            -74.29692,42.68473,0
            -74.29695,42.68466,0
            -74.29696,42.68465,0
            -74.297,42.68458,0
            -74.29714,42.68437,0
            -74.29732,42.68413,0
            -74.29754,42.68388,0
            -74.29765,42.68374,0
            -74.2979,42.68348,0
            -74.29795,42.68342,0
            -74.29803,42.68334,0
            -74.29809,42.68329,0
            -74.2983,42.68309,0
            -74.29844,42.68298,0
            -74.29858,42.68286,0
            -74.29872,42.68275,0
            -74.29913,42.68246,0
            -74.29926,42.68239,0
            -74.29948,42.68223,0
            -74.30096,42.68123,0
            -74.30089,42.68119,0
            -74.30045,42.68097,0
            -74.30014,42.68084,0
            -74.30005,42.68081,0
            -74.30002,42.68079,0
            -74.29998,42.68078,0
            -74.29989,42.68075,0
            -74.2998,42.68073,0
            -74.29979,42.68073,0
            -74.29971,42.6807,0
            -74.29956,42.68067,0
            -74.29954,42.68067,0
            -74.29946,42.68065,0
            -74.29923,42.68061,0
            -74.29842,42.68053,0
            -74.29837,42.68053,0
            -74.29832,42.68052,0
            -74.29799,42.68049,0
            -74.29732,42.6804,0
            -74.29669,42.6803,0
            -74.29668,42.68029,0
            -74.29626,42.68022,0
            -74.29618,42.6802,0
            -74.29573,42.68012,0
            -74.2956,42.68009,0
            -74.29511,42.68,0
            -74.29502,42.67999,0
            -74.29384,42.67979,0
            -74.29374,42.67978,0
            -74.2936,42.67975,0
            -74.29355,42.67975,0
            -74.29336,42.67972,0
            -74.29334,42.67972,0
            -74.29191,42.67952,0
            -74.2919,42.67952,0
            -74.29047,42.67931,0
            -74.29046,42.67931,0
            -74.28744,42.67887,0
            -74.28733,42.67886,0
            -74.28696,42.6788,0
            -74.28672,42.67877,0
            -74.2867,42.67877,0
            -74.28275,42.6783,0
            -74.28261,42.67829,0
            -74.28201,42.67822,0
            -74.28165,42.67819,0
            -74.2814,42.67816,0
            -74.28062,42.67811,0
            -74.27872,42.67805,0
            -74.27823,42.67805,0
            -74.27799,42.67807,0
            -74.27777,42.67808,0
            -74.27677,42.6782,0
            -74.27653,42.67822,0
            -74.27629,42.67825,0
            -74.27605,42.67827,0
            -74.2758,42.6783,0
            -74.27578,42.6783,0
            -74.27459,42.67841,0
            -74.27437,42.67844,0
            -74.27408,42.67846,0
            -74.27387,42.67849,0
            -74.27317,42.67855,0
            -74.27284,42.67855,0
            -74.2727,42.67854,0
            -74.27265,42.67853,0
            -74.27259,42.67853,0
            -74.27243,42.6785,0
            -74.27241,42.6785,0
            -74.27217,42.67847,0
            -74.2706,42.67821,0
            -74.27049,42.6782,0
            -74.26944,42.67802,0
            -74.26936,42.678,0
            -74.2693,42.67799,0
            -74.26924,42.67797,0
            -74.26916,42.67795,0
            -74.26908,42.67792,0
            -74.26891,42.67784,0
            -74.26876,42.67775,0
            -74.26868,42.67769,0
            -74.26858,42.67763,0
            -74.2683,42.67742,0
            -74.26776,42.67704,0
            -74.26763,42.67696,0
            -74.2675,42.67687,0
            -74.2674,42.67681,0
            -74.26725,42.67673,0
            -74.26712,42.67667,0
            -74.26705,42.67663,0
            -74.2658,42.67606,0
            -74.26572,42.67604,0
            -74.26536,42.67592,0
            -74.26535,42.67592,0
            -74.2649,42.67583,0
            -74.26488,42.67582,0
            -74.26445,42.67576,0
            -74.26419,42.67574,0
            -74.26411,42.67574,0
            -74.26401,42.67575,0
            -74.26393,42.67575,0
            -74.26391,42.67576,0
            -74.26375,42.67578,0
            -74.26359,42.67583,0
            -74.26341,42.67591,0
            -74.26306,42.6761,0
            -74.26304,42.6761,0
            -74.26297,42.67615,0
            -74.26268,42.67627,0
            -74.26253,42.67634,0
            -74.26189,42.67659,0
            -74.26177,42.67663,0
            -74.26141,42.67673,0
            -74.25937,42.67718,0
            -74.25933,42.67718,0
            -74.25924,42.6772,0
            -74.25914,42.67721,0
            -74.25909,42.67722,0
            -74.25902,42.67722,0
            -74.25863,42.67726,0
            -74.2577,42.67733,0
            -74.25722,42.67733,0
            -74.25693,42.6773,0
            -74.25677,42.67726,0
            -74.25666,42.67724,0
            -74.25646,42.67718,0
            -74.25614,42.67706,0
            -74.25605,42.67701,0
            -74.25535,42.67666,0
            -74.25533,42.67664,0
            -74.25495,42.67645,0
            -74.25317,42.6755,0
            -74.25296,42.6754,0
            -74.25223,42.67502,0
            -74.25195,42.67489,0
            -74.25191,42.67486,0
            -74.25174,42.67479,0
            -74.25168,42.67477,0
            -74.25154,42.67471,0
            -74.25153,42.67471,0
            -74.25126,42.67462,0
            -74.25107,42.67458,0
            -74.25084,42.67452,0
            -74.25082,42.67451,0
            -74.25032,42.67437,0
            -74.24863,42.67384,0
            -74.24845,42.67379,0
            -74.24836,42.67376,0
            -74.24828,42.67374,0
            -74.24823,42.67372,0
            -74.24724,42.67349,0
            -74.2472,42.67347,0
            -74.24715,42.67346,0
            -74.24708,42.67343,0
            -74.24703,42.67342,0
            -74.24698,42.6734,0
            -74.24694,42.67338,0
            -74.24689,42.67336,0
            -74.24601,42.67293,0
            -74.2448,42.67238,0
            -74.24471,42.67233,0
            -74.24463,42.6723,0
            -74.24454,42.67225,0
            -74.24451,42.67223,0
            -74.24431,42.67212,0
            -74.24407,42.672,0
            -74.24371,42.67178,0
            -74.24361,42.6717,0
            -74.24357,42.67166,0
            -74.24352,42.67162,0
            -74.24346,42.67156,0
            -74.24336,42.67142,0
            -74.24325,42.67123,0
            -74.24318,42.67109,0
            -74.24315,42.67102,0
            -74.2431,42.67092,0
            -74.24291,42.67045,0
            -74.24287,42.67033,0
            -74.24286,42.67029,0
            -74.2428,42.67015,0
            -74.24249,42.66928,0
            -74.24247,42.66924,0
            -74.24242,42.66911,0
            -74.24237,42.66895,0
            -74.24236,42.66894,0
            -74.24234,42.66889,0
            -74.24231,42.66883,0
            -74.24229,42.66877,0
            -74.24228,42.66875,0
            -74.24226,42.66872,0
            -74.24225,42.66868,0
            -74.24224,42.66868,0
            -74.2422,42.6686,0
            -74.24214,42.6685,0
            -74.24198,42.66828,0
            -74.24197,42.66826,0
            -74.2417,42.66798,0
            -74.24154,42.66785,0
            -74.24153,42.66785,0
            -74.24143,42.66777,0
            -74.24131,42.66769,0
            -74.24127,42.66767,0
            -74.24117,42.66761,0
            -74.24091,42.66748,0
            -74.24079,42.66743,0
            -74.24069,42.6674,0
            -74.24055,42.66734,0
            -74.24054,42.66734,0
            -74.24038,42.66729,0
            -74.24031,42.66726,0
            -74.24021,42.66723,0
            -74.24019,42.66723,0
            -74.23986,42.66713,0
            -74.23981,42.66711,0
            -74.2398,42.66711,0
            -74.23974,42.66709,0
            -74.2396,42.66706,0
            -74.2394,42.667,0
            -74.23938,42.667,0
            -74.23928,42.66697,0
            -74.23919,42.66695,0
            -74.23917,42.66695,0
            -74.23887,42.66688,0
            -74.23869,42.66685,0
            -74.23836,42.66678,0
            -74.23834,42.66677,0
            -74.23823,42.66675,0
            -74.23822,42.66675,0
            -74.23562,42.6663,0
            -74.23554,42.66628,0
            -74.23539,42.66623,0
            -74.23536,42.66621,0
            -74.23532,42.6662,0
            -74.23521,42.66613,0
            -74.23511,42.66605,0
            -74.23493,42.66587,0
            -74.23478,42.66567,0
            -74.23473,42.66559,0
            -74.23461,42.66534,0
            -74.23454,42.66513,0
            -74.23453,42.66512,0
            -74.23445,42.66485,0
            -74.2344,42.66464,0
            -74.23435,42.66447,0
            -74.23435,42.66446,0
            -74.23434,42.66441,0
            -74.23432,42.66438,0
            -74.23432,42.66435,0
            -74.2343,42.66428,0
            -74.23428,42.66423,0
            -74.23426,42.66415,0
            -74.23419,42.66395,0
            -74.23413,42.66382,0
            -74.2341,42.66377,0
            -74.23397,42.66361,0
            -74.23392,42.66356,0
            -74.23391,42.66356,0
            -74.23381,42.66347,0
            -74.23372,42.66341,0
            -74.2337,42.66339,0
            -74.23366,42.66337,0
            -74.23312,42.66302,0
            -74.23308,42.663,0
            -74.23289,42.66288,0
            -74.23287,42.66287,0
            -74.23281,42.66283,0
            -74.23269,42.66277,0
            -74.23267,42.66277,0
            -74.23262,42.66275,0
            -74.2325,42.66272,0
            -74.23242,42.66271,0
            -74.23239,42.6627,0
            -74.23208,42.6627,0
            -74.23193,42.66271,0
            -74.23182,42.66273,0
            -74.23164,42.66275,0
            -74.23136,42.6628,0
            -74.23096,42.66291,0
            -74.22959,42.66325,0
            -74.22938,42.66329,0
            -74.22936,42.6633,0
            -74.22933,42.6633,0
            -74.22914,42.66334,0
            -74.22912,42.66334,0
            -74.22909,42.66335,0
            -74.22887,42.66338,0
            -74.2287,42.66338,0
            -74.22857,42.66336,0
            -74.22851,42.66336,0
            -74.22846,42.66335,0
            -74.22845,42.66334,0
            -74.22841,42.66333,0
            -74.22839,42.66333,0
            -74.22804,42.66323,0
            -74.22801,42.66321,0
            -74.228,42.66321,0
            -74.22793,42.66319,0
            -74.22786,42.66316,0
            -74.22779,42.66314,0
            -74.22756,42.66305,0
            -74.22716,42.66286,0
            -74.22678,42.66265,0
            -74.22657,42.6625,0
            -74.22634,42.6623,0
            -74.22628,42.66224,0
            -74.22628,42.66223,0
            -74.22608,42.66203,0
            -74.22601,42.66194,0
            -74.226,42.66194,0
            -74.22596,42.66189,0
            -74.22573,42.66164,0
            -74.22569,42.66159,0
            -74.22533,42.66119,0
            -74.22529,42.66114,0
            -74.22523,42.66108,0
            -74.2252,42.66104,0
            -74.22507,42.66089,0
            -74.22503,42.66083,0
            -74.22487,42.66056,0
            -74.22487,42.66055,0
            -74.22484,42.66051,0
            -74.22483,42.66049,0
            -74.22479,42.66038,0
            -74.22476,42.66034,0
            -74.22456,42.65988,0
            -74.22456,42.65987,0
            -74.22454,42.65983,0
            -74.22454,42.65982,0
            -74.22449,42.65971,0
            -74.22448,42.6597,0
            -74.22427,42.6592,0
            -74.22427,42.65919,0
            -74.22419,42.65904,0
            -74.22408,42.65886,0
            -74.22394,42.65866,0
            -74.22384,42.65854,0
            -74.2238,42.6585,0
            -74.2238,42.65849,0
            -74.22371,42.65839,0
            -74.2237,42.65839,0
            -74.22365,42.65833,0
            -74.22355,42.65825,0
            -74.22339,42.6581,0
            -74.22323,42.65799,0
            -74.22322,42.65798,0
            -74.22317,42.65795,0
            -74.22305,42.65786,0
            -74.22304,42.65786,0
            -74.22299,42.65782,0
            -74.22279,42.6577,0
            -74.22267,42.65764,0
            -74.22259,42.65759,0
            -74.22226,42.65744,0
            -74.22225,42.65744,0
            -74.22224,42.65743,0
            -74.22219,42.65741,0
            -74.22209,42.65738,0
            -74.22197,42.65733,0
            -74.22182,42.65728,0
            -74.22145,42.65718,0
            -74.2209,42.65706,0
            -74.22088,42.65706,0
            -74.22082,42.65704,0
            -74.22041,42.65696,0
            -74.22035,42.65694,0
            -74.22019,42.65691,0
            -74.22018,42.6569,0
            -74.22011,42.65689,0
            -74.21996,42.65685,0
            -74.21691,42.65618,0
            -74.2169,42.65618,0
            -74.21668,42.65613,0
            -74.21667,42.65613,0
            -74.2166,42.65611,0
            -74.21553,42.65587,0
            -74.21551,42.65586,0
            -74.21539,42.65583,0
            -74.21529,42.65579,0
            -74.21506,42.65571,0
            -74.215,42.65568,0
            -74.21478,42.65559,0
            -74.21466,42.65553,0
            -74.21411,42.65521,0
            -74.21225,42.654,0
            -74.21161,42.65362,0
            -74.21155,42.65358,0
            -74.21061,42.65307,0
            -74.21044,42.65297,0
            -74.21035,42.65293,0
            -74.21012,42.6528,0
            -74.21004,42.65276,0
            -74.20967,42.65255,0
            -74.2096,42.65252,0
            -74.20955,42.65249,0
            -74.20951,42.65245,0
            -74.20947,42.65243,0
            -74.20946,42.65242,0
            -74.20942,42.65239,0
            -74.20922,42.65219,0
            -74.20915,42.65208,0
            -74.20912,42.65202,0
            -74.20909,42.65197,0
            -74.20904,42.65183,0
            -74.20903,42.65179,0
            -74.20903,42.65177,0
            -74.20902,42.6517,0
            -74.209,42.65161,0
            -74.209,42.65149,0
            -74.20901,42.6513,0
            -74.20899,42.65098,0
            -74.20898,42.65094,0
            -74.20898,42.65091,0
            -74.20896,42.65077,0
            -74.20891,42.6506,0
            -74.20869,42.65008,0
            -74.2086,42.64991,0
            -74.20856,42.64986,0
            -74.20852,42.6498,0
            -74.20848,42.64975,0
            -74.20842,42.64969,0
            -74.2084,42.64968,0
            -74.20834,42.64963,0
            -74.20831,42.64962,0
            -74.2083,42.64961,0
            -74.20815,42.64953,0
            -74.20752,42.64928,0
            -74.20738,42.64921,0
            -74.20733,42.64919,0
            -74.20724,42.64914,0
            -74.20719,42.6491,0
            -74.20708,42.64904,0
            -74.20707,42.64903,0
            -74.2069,42.64892,0
            -74.20686,42.64889,0
            -74.20617,42.64844,0
            -74.20615,42.64842,0
            -74.20489,42.64757,0
            -74.20487,42.64756,0
            -74.20475,42.64748,0
            -74.20473,42.64746,0
            -74.20462,42.64739,0
            -74.20454,42.64735,0
            -74.20415,42.64713,0
            -74.20253,42.64633,0
            -74.20252,42.64632,0
            -74.20218,42.64612,0
            -74.20183,42.64586,0
            -74.20181,42.64584,0
            -74.20179,42.64583,0
            -74.20117,42.6453,0
            -74.20115,42.64529,0
            -74.20049,42.64475,0
            -74.20034,42.64464,0
            -74.20033,42.64462,0
            -74.20001,42.64437,0
            -74.2,42.64437,0
            -74.19957,42.64402,0
            -74.19951,42.64398,0
            -74.19949,42.64397,0
            -74.19916,42.64376,0
            -74.19907,42.64372,0
            -74.19894,42.64365,0
            -74.198,42.64325,0
            -74.19768,42.6431,0
            -74.1976,42.64307,0
            -74.19747,42.64301,0
            -74.19744,42.64299,0
            -74.19732,42.64293,0
            -74.19713,42.64285,0
            -74.19701,42.64278,0
            -74.19687,42.64272,0
            -74.19686,42.64271,0
            -74.19672,42.64262,0
            -74.19668,42.64259,0
            -74.19665,42.64256,0
            -74.1966,42.64253,0
            -74.19643,42.64236,0
            -74.19637,42.64227,0
            -74.1962,42.64207,0
            -74.19599,42.64179,0
            -74.19568,42.64141,0
            -74.1956,42.64129,0
            -74.19546,42.6411,0
            -74.19541,42.64102,0
            -74.19531,42.64089,0
            -74.19527,42.64085,0
            -74.19518,42.64074,0
            -74.19507,42.64063,0
            -74.19504,42.64059,0
            -74.19499,42.64055,0
            -74.19495,42.6405,0
            -74.19489,42.64045,0
            -74.19488,42.64045,0
            -74.1947,42.64029,0
            -74.19466,42.64025,0
            -74.1943,42.64,0
            -74.194,42.63982,0
            -74.19391,42.63976,0
            -74.19368,42.63965,0
            -74.19337,42.63955,0
            -74.19319,42.63951,0
            -74.19286,42.63946,0
            -74.19265,42.63944,0
            -74.19226,42.63944,0
            -74.19193,42.63948,0
            -74.19163,42.63955,0
            -74.19132,42.63964,0
            -74.1911,42.63972,0
            -74.19088,42.63979,0
            -74.1908,42.63982,0
            -74.19066,42.63986,0
            -74.19065,42.63986,0
            -74.19044,42.63992,0
            -74.19036,42.63993,0
            -74.19028,42.63995,0
            -74.19002,42.63997,0
            -74.18993,42.63996,0
            -74.18984,42.63996,0
            -74.18959,42.63992,0
            -74.1894,42.63987,0
            -74.1874,42.63913,0
            -74.1873,42.63908,0
            -74.18718,42.63903,0
            -74.18701,42.63892,0
            -74.18696,42.63888,0
            -74.18692,42.63884,0
            -74.18685,42.63878,0
            -74.18673,42.63862,0
            -74.18672,42.6386,0
            -74.18667,42.63852,0
            -74.18665,42.63847,0
            -74.18655,42.63826,0
            -74.18646,42.63802,0
            -74.18642,42.63794,0
            -74.18638,42.63782,0
            -74.18599,42.63679,0
            -74.18576,42.63622,0
            -74.18555,42.63574,0
            -74.18515,42.63493,0
            -74.1846,42.6339,0
            -74.18443,42.63356,0
            -74.18435,42.63337,0
            -74.1843,42.63319,0
            -74.18428,42.63309,0
            -74.18427,42.633,0
            -74.18427,42.6326,0
            -74.18429,42.63232,0
            -74.1843,42.63226,0
            -74.1843,42.63222,0
            -74.18431,42.63216,0
            -74.18431,42.63214,0
            -74.18432,42.6321,0
            -74.18434,42.63185,0
            -74.18434,42.63154,0
            -74.18435,42.63149,0
            -74.18435,42.63144,0
            -74.18434,42.63136,0
            -74.18434,42.63118,0
            -74.18433,42.63112,0
            -74.18433,42.63102,0
            -74.1843,42.63044,0
            -74.1843,42.63034,0
            -74.18429,42.63021,0
            -74.18429,42.62984,0
            -74.18428,42.62974,0
            -74.18428,42.62957,0
            -74.18427,42.6295,0
            -74.18427,42.62947,0
            -74.18426,42.62946,0
            -74.18426,42.62944,0
            -74.18424,42.62938,0
            -74.18423,42.62937,0
            -74.18422,42.62934,0
            -74.18418,42.62926,0
            -74.18414,42.62921,0
            -74.18412,42.62919,0
            -74.1841,42.62916,0
            -74.18406,42.62913,0
            -74.184,42.62907,0
            -74.1838,42.62895,0
            -74.18367,42.6289,0
            -74.18365,42.6289,0
            -74.18358,42.62887,0
            -74.18353,42.62886,0
            -74.18342,42.62882,0
            -74.18336,42.62881,0
            -74.18335,42.6288,0
            -74.18315,42.62875,0
            -74.18307,42.62872,0
            -74.183,42.6287,0
            -74.18292,42.62867,0
            -74.18291,42.62867,0
            -74.18284,42.62864,0
            -74.18269,42.6286,0
            -74.18268,42.6286,0
            -74.18261,42.62858,0
            -74.18246,42.62855,0
            -74.18245,42.62855,0
            -74.18223,42.62851,0
            -74.18191,42.62848,0
            -74.1814,42.62848,0
            -74.18134,42.62849,0
            -74.18127,42.62849,0
            -74.18123,42.6285,0
            -74.18117,42.6285,0
            -74.18112,42.62851,0
            -74.18089,42.62854,0
            -74.18066,42.62858,0
            -74.18021,42.62869,0
            -74.17995,42.62877,0
            -74.17983,42.6288,0
            -74.17969,42.62885,0
            -74.17961,42.62887,0
            -74.17932,42.62896,0
            -74.17916,42.629,0
            -74.17915,42.629,0
            -74.17907,42.62902,0
            -74.17893,42.62904,0
            -74.17892,42.62905,0
            -74.17876,42.62907,0
            -74.17871,42.62908,0
            -74.17868,42.62908,0
            -74.17801,42.62918,0
            -74.17798,42.62919,0
            -74.17778,42.62923,0
            -74.17752,42.62927,0
            -74.17718,42.62934,0
            -74.17703,42.62938,0
            -74.17681,42.62942,0
            -74.17627,42.62955,0
            -74.1757,42.62971,0
            -74.17565,42.62972,0
            -74.17559,42.62974,0
            -74.17543,42.62978,0
            -74.1736,42.63031,0
            -74.17358,42.63032,0
            -74.17314,42.63044,0
            -74.17312,42.63045,0
            -74.17195,42.63079,0
            -74.17188,42.63082,0
            -74.17166,42.63088,0
            -74.1716,42.63089,0
            -74.17152,42.63091,0
            -74.1715,42.63092,0
            -74.17122,42.63097,0
            -74.17102,42.63099,0
            -74.17081,42.631,0
            -74.17055,42.631,0
            -74.17025,42.63097,0
            -74.17017,42.63095,0
            -74.17016,42.63095,0
            -74.16975,42.63087,0
            -74.16812,42.63044,0
            -74.16806,42.63042,0
            -74.16783,42.63036,0
            -74.16759,42.63032,0
            -74.16748,42.63029,0
            -74.16616,42.63007,0
            -74.16462,42.62979,0
            -74.16158,42.62928,0
            -74.16111,42.62919,0
            -74.16081,42.62911,0
            -74.16058,42.62902,0
            -74.16031,42.62889,0
            -74.15699,42.6274,0
            -74.15672,42.62727,0
            -74.15543,42.62669,0
            -74.15535,42.62666,0
            -74.15236,42.62528,0
            -74.15223,42.62523,0
            -74.15223,42.62522,0
            -74.152,42.62512,0
            -74.15192,42.62508,0
            -74.15179,42.62503,0
            -74.1516,42.62494,0
            -74.15134,42.62483,0
            -74.15131,42.62482,0
            -74.15127,42.6248,0
            -74.15109,42.62474,0
            -74.15107,42.62473,0
            -74.15095,42.6247,0
            -74.15083,42.62466,0
            -74.15055,42.6246,0
            -74.14991,42.6245,0
            -74.14988,42.6245,0
            -74.14959,42.62447,0
            -74.14944,42.62447,0
            -74.14943,42.62446,0
            -74.1488,42.62446,0
            -74.14835,42.62448,0
            -74.14823,42.62448,0
            -74.14736,42.62454,0
            -74.14719,42.62456,0
            -74.14713,42.62456,0
            -74.14656,42.62461,0
            -74.1465,42.62462,0
            -74.14646,42.62462,0
            -74.14596,42.62468,0
            -74.14571,42.62473,0
            -74.14532,42.62479,0
            -74.14442,42.62496,0
            -74.14441,42.62496,0
            -74.14429,42.62498,0
            -74.14426,42.62498,0
            -74.14334,42.62514,0
            -74.14331,42.62514,0
            -74.14323,42.62516,0
            -74.1431,42.62518,0
            -74.14307,42.62519,0
            -74.14264,42.62526,0
            -74.14231,42.62533,0
            -74.14205,42.62536,0
            -74.14182,42.62536,0
            -74.14173,42.62535,0
            -74.14162,42.62535,0
            -74.14144,42.62533,0
            -74.14119,42.62529,0
            -74.14115,42.62528,0
            -74.14112,42.62528,0
            -74.14068,42.6252,0
            -74.14036,42.62513,0
            -74.13996,42.62507,0
            -74.13979,42.62506,0
            -74.13962,42.62506,0
            -74.1395,42.62505,0
            -74.13893,42.62504,0
            -74.1385,42.62501,0
            -74.13842,42.625,0
            -74.13838,42.625,0
            -74.13826,42.62499,0
            -74.13814,42.62497,0
            -74.13742,42.6249,0
            -74.13729,42.62488,0
            -74.13693,42.62485,0
            -74.13681,42.62483,0
            -74.13646,42.6248,0
            -74.1364,42.62479,0
            -74.1352,42.62469,0
            -74.13516,42.62469,0
            -74.13508,42.62468,0
            -74.13499,42.62468,0
            -74.13462,42.62465,0
            -74.1345,42.62468,0
            -74.13448,42.62469,0
            -74.13444,42.6247,0
            -74.1344,42.62472,0
            -74.13437,42.62474,0
            -74.13434,42.62477,0
            -74.13431,42.62479,0
            -74.13422,42.62488,0
            -74.13382,42.62538,0
            -74.13367,42.62554,0
            -74.13348,42.62545,0
            -74.13347,42.62544,0
            -74.13344,42.62543,0
            -74.13342,42.62542,0
            -74.13339,42.6254,0
            -74.13332,42.62538,0
            -74.13329,42.62538,0
            -74.13325,42.62537,0
            -74.13314,42.62537,0
            -74.13309,42.62538,0
            -74.13305,42.62538,0
            -74.13295,42.62542,0
            -74.13291,42.62543,0
            -74.1328,42.62549,0
            -74.13277,42.6255,0
            -74.13241,42.62569,0
            -74.1324,42.62569,0
            -74.13219,42.62579,0
            -74.13207,42.62584,0
            -74.13206,42.62585,0
            -74.13202,42.62587,0
            -74.13186,42.62593,0
            -74.13186,42.62594,0
            -74.13153,42.62607,0
            -74.1313,42.62614,0
            -74.13128,42.62615,0
            -74.13121,42.62617,0
            -74.1312,42.62617,0
            -74.13107,42.62621,0
            -74.13068,42.6263,0
            -74.13036,42.62636,0
            -74.13026,42.62637,0
            -74.1302,42.62638,0
            -74.13016,42.62639,0
            -74.13013,42.62639,0
            -74.12993,42.62643,0
            -74.12871,42.6266,0
            -74.12843,42.62663,0
            -74.12829,42.62663,0
            -74.12804,42.62665,0
            -74.12762,42.62667,0
            -74.12757,42.62668,0
            -74.127,42.62673,0
            -74.12684,42.62676,0
            -74.12668,42.62678,0
            -74.12665,42.62679,0
            -74.12648,42.62682,0
            -74.12647,42.62682,0
            -74.12636,42.62684,0
            -74.12599,42.62689,0
            -74.12575,42.62691,0
            -74.1253,42.62691,0
            -74.12526,42.6269,0
            -74.12505,42.62688,0
            -74.12493,42.62686,0
            -74.12491,42.62686,0
            -74.12472,42.62683,0
            -74.12344,42.62658,0
            -74.12291,42.62646,0
            -74.12278,42.62642,0
            -74.12275,42.62642,0
            -74.12271,42.6264,0
            -74.1227,42.6264,0
            -74.1223,42.62626,0
            -74.12192,42.6261,0
            -74.12189,42.62608,0
            -74.1217,42.626,0
            -74.12164,42.62597,0
            -74.12163,42.62596,0
            -74.12075,42.62556,0
            -74.12062,42.62548,0
            -74.12054,42.62544,0
            -74.12049,42.62541,0
            -74.12046,42.62538,0
            -74.12036,42.62532,0
            -74.12024,42.62523,0
            -74.12012,42.62513,0
            -74.11978,42.62487,0
            -74.11977,42.62486,0
            -74.11936,42.62458,0
            -74.11868,42.62407,0
            -74.11855,42.62398,0
            -74.11845,42.62392,0
            -74.11751,42.62347,0
            -74.11744,42.62342,0
            -74.11737,42.62339,0
            -74.11692,42.6231,0
            -74.1165,42.62286,0
            -74.11531,42.62228,0
            -74.1153,42.62228,0
            -74.11518,42.62222,0
            -74.11485,42.62209,0
            -74.11457,42.622,0
            -74.11431,42.62193,0
            -74.11425,42.62191,0
            -74.11395,42.62185,0
            -74.11383,42.62184,0
            -74.11338,42.62177,0
            -74.1122,42.62164,0
            -74.11188,42.62162,0
            -74.11182,42.62162,0
            -74.11172,42.62161,0
            -74.11099,42.62161,0
            -74.11002,42.62164,0
            -74.10977,42.62164,0
            -74.10912,42.62168,0
            -74.10904,42.62168,0
            -74.10885,42.62169,0
            -74.1088,42.6217,0
            -74.10864,42.62171,0
            -74.10855,42.62171,0
            -74.10851,42.62172,0
            -74.10843,42.62172,0
            -74.10811,42.62178,0
            -74.10799,42.62181,0
            -74.10789,42.62185,0
            -74.10779,42.62188,0
            -74.10745,42.62206,0
            -74.10741,42.62209,0
            -74.10726,42.62218,0
            -74.1072,42.62221,0
            -74.10719,42.62221,0
            -74.10699,42.62232,0
            -74.10685,42.62238,0
            -74.10676,42.62241,0
            -74.10656,42.62245,0
            -74.10642,42.62247,0
            -74.10638,42.62247,0
            -74.1063,42.62248,0
            -74.10558,42.62252,0
            -74.10536,42.62252,0
            -74.10533,42.62253,0
            -74.10508,42.62253,0
            -74.10484,42.62254,0
            -74.10451,42.62254,0
            -74.10445,42.62253,0
            -74.1042,42.62251,0
            -74.10396,42.62248,0
            -74.10389,42.62246,0
            -74.10377,42.62244,0
            -74.10373,42.62242,0
            -74.10364,42.6224,0
            -74.10363,42.6224,0
            -74.10352,42.62236,0
            -74.10329,42.62226,0
            -74.10317,42.62219,0
            -74.10297,42.62205,0
            -74.1028,42.62187,0
            -74.10272,42.62173,0
            -74.10265,42.62153,0
            -74.10263,42.62146,0
            -74.10261,42.62135,0
            -74.10249,42.62082,0
            -74.10247,42.62075,0
            -74.10245,42.62064,0
            -74.10236,42.62031,0
            -74.10234,42.62022,0
            -74.10229,42.62004,0
            -74.10228,42.62002,0
            -74.10226,42.61994,0
            -74.10224,42.61989,0
            -74.1022,42.61976,0
            -74.10215,42.61965,0
            -74.10213,42.61959,0
            -74.10207,42.61944,0
            -74.102,42.61924,0
            -74.10197,42.61918,0
            -74.10186,42.6189,0
            -74.10185,42.61886,0
            -74.10181,42.61877,0
            -74.10175,42.61866,0
            -74.10168,42.61855,0
            -74.1016,42.61844,0
            -74.10152,42.61835,0
            -74.10143,42.61826,0
            -74.1013,42.61815,0
            -74.10118,42.61806,0
            -74.10108,42.618,0
            -74.10088,42.6179,0
            -74.10087,42.61789,0
            -74.10082,42.61787,0
            -74.10057,42.61775,0
            -74.10033,42.61766,0
            -74.10022,42.61763,0
            -74.09999,42.61758,0
            -74.0995,42.61754,0
            -74.09877,42.61757,0
            -74.09866,42.61758,0
            -74.09789,42.61761,0
            -74.09779,42.61762,0
            -74.09774,42.61763,0
            -74.0975,42.61765,0
            -74.09736,42.61767,0
            -74.09723,42.6177,0
            -74.09721,42.61771,0
            -74.09703,42.61775,0
            -74.09667,42.61785,0
            -74.09658,42.61788,0
            -74.09646,42.61791,0
            -74.09634,42.61793,0
            -74.09634,42.61794,0
            -74.09631,42.61794,0
            -74.09622,42.61796,0
            -74.09611,42.61797,0
            -74.09607,42.61797,0
            -74.09601,42.61798,0
            -74.09578,42.61798,0
            -74.09546,42.61795,0
            -74.09529,42.61792,0
            -74.09439,42.6178,0
            -74.09415,42.61775,0
            -74.09413,42.61775,0
            -74.09392,42.61771,0
            -74.0937,42.61765,0
            -74.09368,42.61765,0
            -74.09342,42.61757,0
            -74.09236,42.61718,0
            -74.09214,42.61711,0
            -74.09148,42.61687,0
            -74.09126,42.6168,0
            -74.09119,42.61677,0
            -74.0906,42.61656,0
            -74.09058,42.61655,0
            -74.0904,42.61648,0
            -74.09038,42.61648,0
            -74.09037,42.61647,0
            -74.09021,42.61641,0
            -74.09015,42.61638,0
            -74.09,42.61632,0
            -74.0898,42.61622,0
            -74.08975,42.6162,0
            -74.08974,42.61619,0
            -74.0896,42.61613,0
            -74.08953,42.61609,0
            -74.08938,42.61602,0
            -74.08935,42.616,0
            -74.08921,42.61593,0
            -74.08914,42.6159,0
            -74.08913,42.61589,0
            -74.08889,42.61578,0
            -74.08857,42.61567,0
            -74.08846,42.61564,0
            -74.08844,42.61564,0
            -74.0883,42.61561,0
            -74.08814,42.61559,0
            -74.08798,42.61558,0
            -74.08793,42.61557,0
            -74.08701,42.61549,0
            -74.08694,42.61549,0
            -74.08604,42.61538,0
            -74.08556,42.61531,0
            -74.08551,42.61531,0
            -74.08508,42.61525,0
            -74.08503,42.61524,0
            -74.08339,42.61503,0
            -74.08334,42.61503,0
            -74.08315,42.615,0
            -74.08291,42.61498,0
            -74.08286,42.61497,0
            -74.0822,42.6149,0
            -74.08202,42.61489,0
            -74.0818,42.61489,0
            -74.08135,42.61491,0
            -74.08091,42.61495,0
            -74.08046,42.61504,0
            -74.07986,42.61521,0
            -74.07765,42.61598,0
            -74.07743,42.61605,0
            -74.07679,42.61628,0
            -74.07677,42.61629,0
            -74.07631,42.61642,0
            -74.07617,42.61645,0
            -74.07609,42.61646,0
            -74.07608,42.61647,0
            -74.07584,42.6165,0
            -74.07579,42.61651,0
            -74.07568,42.61652,0
            -74.07515,42.61652,0
            -74.0749,42.61649,0
            -74.07486,42.61649,0
            -74.07477,42.61648,0
            -74.07356,42.61623,0
            -74.07353,42.61622,0
            -74.07306,42.61613,0
            -74.07243,42.61599,0
            -74.07236,42.61598,0
            -74.07188,42.61588,0
            -74.07172,42.61584,0
            -74.07137,42.61577,0
            -74.07118,42.61572,0
            -74.07117,42.61572,0
            -74.07111,42.6157,0
            -74.07099,42.61567,0
            -74.07094,42.61565,0
            -74.07066,42.61557,0
            -74.07058,42.61554,0
            -74.07054,42.61552,0
            -74.0705,42.61551,0
            -74.07036,42.61546,0
            -74.07032,42.61544,0
            -74.07022,42.61541,0
            -74.07018,42.61539,0
            -74.06993,42.61529,0
            -74.06989,42.61527,0
            -74.06986,42.61526,0
            -74.06972,42.61519,0
            -74.06968,42.61518,0
            -74.0696,42.61513,0
            -74.06951,42.61509,0
            -74.0694,42.61503,0
            -74.06939,42.61503,0
            -74.06931,42.61499,0
            -74.06928,42.61497,0
            -74.06891,42.61476,0
            -74.0689,42.61475,0
            -74.06882,42.6147,0
            -74.06875,42.61465,0
            -74.06872,42.61464,0
            -74.06871,42.61463,0
            -74.06847,42.61446,0
            -74.0682,42.61425,0
            -74.06764,42.61371,0
            -74.06761,42.61367,0
            -74.06753,42.61359,0
            -74.06744,42.61348,0
            -74.06738,42.61339,0
            -74.06734,42.61335,0
            -74.06724,42.61321,0
            -74.06704,42.6129,0
            -74.06676,42.61242,0
            -74.06667,42.61224,0
            -74.06597,42.61098,0
            -74.06565,42.61045,0
            -74.06539,42.61009,0
            -74.06517,42.60984,0
            -74.06488,42.60955,0
            -74.06478,42.60946,0
            -74.06444,42.6092,0
            -74.06401,42.60891,0
            -74.06393,42.60887,0
            -74.06387,42.60883,0
            -74.0637,42.60874,0
            -74.06324,42.60853,0
            -74.05991,42.60717,0
            -74.05971,42.6071,0
            -74.05863,42.60664,0
            -74.05822,42.60645,0
            -74.05821,42.60644,0
            -74.0576,42.60616,0
            -74.05755,42.60613,0
            -74.05719,42.60596,0
            -74.05716,42.60595,0
            -74.05699,42.60586,0
            -74.05657,42.60566,0
            -74.05637,42.60558,0
            -74.05636,42.60557,0
            -74.05619,42.6055,0
            -74.05595,42.60543,0
            -74.05593,42.60542,0
            -74.05576,42.60537,0
            -74.0557,42.60536,0
            -74.05564,42.60534,0
            -74.05498,42.60524,0
            -74.0545,42.60519,0
            -74.05446,42.60519,0
            -74.05377,42.60512,0
            -74.0535,42.60508,0
            -74.05318,42.60505,0
            -74.05267,42.60497,0
            -74.05263,42.60496,0
            -74.05215,42.60488,0
            -74.05203,42.60485,0
            -74.05086,42.60463,0
            -74.05085,42.60463,0
            -74.05058,42.60458,0
            -74.05043,42.60454,0
            -74.05037,42.60452,0
            -74.05028,42.6045,0
            -74.0502,42.60447,0
            -74.0501,42.60444,0
            -74.05004,42.60441,0
            -74.04998,42.60439,0
            -74.04988,42.60434,0
            -74.04983,42.60432,0
            -74.04977,42.60428,0
            -74.04972,42.60426,0
            -74.04961,42.60418,0
            -74.04954,42.60414,0
            -74.04948,42.60408,0
            -74.04939,42.60401,0
            -74.04854,42.60321,0
            -74.04847,42.60315,0
            -74.04844,42.60313,0
            -74.04838,42.60307,0
            -74.0479,42.60265,0
            -74.04782,42.6026,0
            -74.04777,42.60256,0
            -74.0477,42.60252,0
            -74.04764,42.6025,0
            -74.04759,42.60247,0
            -74.0475,42.60243,0
            -74.0474,42.6024,0
            -74.04739,42.60239,0
            -74.0473,42.60237,0
            -74.04717,42.60232,0
            -74.04715,42.60232,0
            -74.04694,42.60225,0
            -74.04648,42.60213,0
            -74.04647,42.60213,0
            -74.04633,42.60209,0
            -74.04612,42.60205,0
            -74.04586,42.60202,0
            -74.04545,42.60202,0
            -74.04511,42.60204,0
            -74.04472,42.60208,0
            -74.04433,42.6021,0
            -74.04418,42.60212,0
            -74.04406,42.60212,0
            -74.04382,42.60214,0
            -74.04375,42.60215,0
            -74.04325,42.60219,0
            -74.04314,42.60219,0
            -74.04309,42.6022,0
            -74.0426,42.6022,0
            -74.04256,42.60219,0
            -74.04247,42.60219,0
            -74.0424,42.60218,0
            -74.04236,42.60217,0
            -74.04233,42.60217,0
            -74.04213,42.60214,0
            -74.04212,42.60213,0
            -74.04203,42.60212,0
            -74.04175,42.60205,0
            -74.04142,42.60198,0
            -74.04141,42.60198,0
            -74.04124,42.60194,0
            -74.04098,42.60189,0
            -74.04095,42.60188,0
            -74.04071,42.60183,0
            -74.04052,42.6018,0
            -74.04048,42.60179,0
            -74.04045,42.60179,0
            -74.0404,42.60178,0
            -74.0403,42.60177,0
            -74.04002,42.60177,0
            -74.03977,42.6018,0
            -74.03951,42.60186,0
            -74.03942,42.60189,0
            -74.03922,42.60197,0
            -74.03914,42.60201,0
            -74.03909,42.60204,0
            -74.03897,42.60209,0
            -74.0388,42.60217,0
            -74.03869,42.60223,0
            -74.03848,42.60233,0
            -74.03842,42.60237,0
            -74.03828,42.60244,0
            -74.03821,42.60247,0
            -74.03806,42.60255,0
            -74.03793,42.60261,0
            -74.03753,42.60282,0
            -74.03722,42.60297,0
            -74.03716,42.60299,0
            -74.03711,42.60302,0
            -74.03707,42.60303,0
            -74.03706,42.60304,0
            -74.03702,42.60305,0
            -74.03697,42.60307,0
            -74.03686,42.6031,0
            -74.03674,42.60314,0
            -74.03657,42.60317,0
            -74.03652,42.60317,0
            -74.03647,42.60318,0
            -74.03615,42.60318,0
            -74.03588,42.60314,0
            -74.03538,42.60301,0
            -74.03529,42.60298,0
            -74.03507,42.60292,0
            -74.03474,42.6028,0
            -74.03449,42.60269,0
            -74.03443,42.60267,0
            -74.03442,42.60266,0
            -74.03429,42.60259,0
            -74.03422,42.60256,0
            -74.03421,42.60255,0
            -74.03413,42.60252,0
            -74.03407,42.60248,0
            -74.03384,42.60236,0
            -74.03365,42.60224,0
            -74.03361,42.60221,0
            -74.03351,42.60215,0
            -74.03347,42.60211,0
            -74.03334,42.602,0
            -74.03328,42.60196,0
            -74.03295,42.60161,0
            -74.03291,42.60155,0
            -74.03272,42.60131,0
            -74.0327,42.60127,0
            -74.03263,42.60119,0
            -74.03255,42.60107,0
            -74.03245,42.60094,0
            -74.03234,42.60078,0
            -74.03219,42.60058,0
            -74.03214,42.6005,0
            -74.03205,42.60039,0
            -74.03192,42.60021,0
            -74.0319,42.60019,0
            -74.0318,42.60003,0
            -74.03179,42.60003,0
            -74.03168,42.59987,0
            -74.03133,42.5994,0
            -74.03133,42.59939,0
            -74.0312,42.59922,0
            -74.03106,42.59902,0
            -74.03097,42.59891,0
            -74.03082,42.59871,0
            -74.03073,42.59861,0
            -74.03065,42.5985,0
            -74.0306,42.59846,0
            -74.03058,42.59843,0
            -74.03049,42.59834,0
            -74.0303,42.59817,0
            -74.0302,42.5981,0
            -74.03003,42.598,0
            -74.02997,42.59796,0
            -74.02981,42.59788,0
            -74.02969,42.59783,0
            -74.02968,42.59782,0
            -74.02935,42.59769,0
            -74.02924,42.59766,0
            -74.02916,42.59763,0
            -74.02902,42.5976,0
            -74.0289,42.59759,0
            -74.02877,42.59757,0
            -74.02852,42.59755,0
            -74.02829,42.59755,0
            -74.02804,42.59756,0
            -74.0278,42.59758,0
            -74.02742,42.59765,0
            -74.02729,42.59768,0
            -74.0271,42.59774,0
            -74.02708,42.59775,0
            -74.02697,42.59778,0
            -74.02689,42.59782,0
            -74.02688,42.59782,0
            -74.0267,42.5979,0
            -74.02668,42.59792,0
            -74.0266,42.59796,0
            -74.02616,42.59822,0
            -74.02593,42.59833,0
            -74.0256,42.59843,0
            -74.02535,42.59849,0
            -74.0251,42.59852,0
            -74.02492,42.59853,0
            -74.02486,42.59852,0
            -74.02478,42.59852,0
            -74.02461,42.59851,0
            -74.02449,42.59849,0
            -74.02438,42.59846,0
            -74.02434,42.59846,0
            -74.02418,42.59841,0
            -74.02381,42.59821,0
            -74.02353,42.59803,0
            -74.02341,42.59796,0
            -74.02273,42.59751,0
            -74.02249,42.59737,0
            -74.02248,42.59736,0
            -74.0221,42.59714,0
            -74.02205,42.59712,0
            -74.02171,42.59693,0
            -74.02166,42.59691,0
            -74.02132,42.59673,0
            -74.02131,42.59673,0
            -74.02092,42.59652,0
            -74.0205,42.59632,0
            -74.02048,42.59632,0
            -74.02029,42.59623,0
            -74.02015,42.59618,0
            -74.01993,42.59613,0
            -74.0198,42.59611,0
            -74.01973,42.59611,0
            -74.01969,42.5961,0
            -74.01962,42.5961,0
            -74.01949,42.59609,0
            -74.01944,42.5961,0
            -74.0192,42.59611,0
            -74.01864,42.5963,0
            -74.01863,42.5963,0
            -74.0185,42.59633,0
            -74.01836,42.59637,0
            -74.01822,42.5964,0
            -74.01803,42.59643,0
            -74.01775,42.59644,0
            -74.01743,42.59644,0
            -74.01705,42.59642,0
            -74.01699,42.59641,0
            -74.01693,42.59641,0
            -74.0168,42.5964,0
            -74.01667,42.5964,0
            -74.01474,42.59626,0
            -74.01437,42.59626,0
            -74.01419,42.59625,0
            -74.01406,42.59625,0
            -74.014,42.59626,0
            -74.01388,42.59626,0
            -74.01291,42.59632,0
            -74.01283,42.59633,0
            -74.01266,42.59633,0
            -74.01255,42.59634,0
            -74.01215,42.59634,0
            -74.0119,42.59633,0
            -74.01145,42.59629,0
            -74.01055,42.59618,0
            -74.01048,42.59618,0
            -74.01011,42.59613,0
            -74.00981,42.5961,0
            -74.00949,42.59605,0
            -74.00937,42.59602,0
            -74.00928,42.59601,0
            -74.00923,42.59599,0
            -74.00902,42.59594,0
            -74.00883,42.59588,0
            -74.00862,42.59579,0
            -74.00835,42.59566,0
            -74.00786,42.59545,0
            -74.00773,42.5954,0
            -74.00757,42.59535,0
            -74.0073,42.5953,0
            -74.00713,42.59528,0
            -74.00686,42.59528,0
            -74.0068,42.59529,0
            -74.00665,42.5953,0
            -74.00647,42.59533,0
            -74.00609,42.59543,0
            -74.00593,42.59549,0
            -74.00534,42.59567,0
            -74.00498,42.59576,0
            -74.00478,42.59578,0
            -74.0041,42.59582,0
            -74.00376,42.59582,0
            -74.00357,42.59584,0
            -74.00346,42.59586,0
            -74.00316,42.59594,0
            -74.00301,42.59599,0
            -74.00296,42.59602,0
            -74.00289,42.59605,0
            -74.00272,42.59616,0
            -74.00254,42.5963,0
            -74.0022,42.59667,0
            -74.00214,42.59675,0
            -74.00157,42.59743,0
            -74.00122,42.59781,0
            -74.00093,42.5981,0
            -74.00093,42.59811,0
            -74.00055,42.59848,0
            -74.00023,42.59873,0
            -74,42.59886,0
            -73.99969,42.599,0
            -73.99942,42.5991,0
            -73.99929,42.59914,0
            -73.99927,42.59915,0
            -73.999,42.59921,0
            -73.99846,42.59928,0
            -73.99834,42.59928,0
            -73.99828,42.59929,0
            -73.99762,42.59932,0
            -73.99715,42.59932,0
            -73.99651,42.59928,0
            -73.99641,42.59926,0
            -73.99626,42.59924,0
            -73.99607,42.5992,0
            -73.99583,42.59916,0
            -73.99524,42.59899,0
            -73.99437,42.59867,0
            -73.99376,42.59843,0
            -73.99375,42.59843,0
            -73.99336,42.59828,0
            -73.99299,42.59815,0
            -73.99206,42.59786,0
            -73.99198,42.59784,0
            -73.99166,42.59772,0
            -73.99126,42.59755,0
            -73.99092,42.59738,0
            -73.99083,42.59734,0
            -73.99053,42.59718,0
            -73.99032,42.59708,0
            -73.99031,42.59707,0
            -73.99012,42.59699,0
            -73.98945,42.59675,0
            -73.98944,42.59675,0
            -73.98906,42.59662,0
            -73.98897,42.59658,0
            -73.98866,42.59641,0
            -73.98847,42.59627,0
            -73.98828,42.5961,0
            -73.98817,42.59598,0
            -73.98816,42.59596,0
            -73.98808,42.59586,0
            -73.98805,42.5958,0
            -73.98795,42.59564,0
            -73.98773,42.59517,0
            -73.98757,42.59478,0
            -73.98719,42.59393,0
            -73.9871,42.59376,0
            -73.9869,42.59342,0
            -73.9868,42.59327,0
            -73.98663,42.59304,0
            -73.98644,42.5928,0
            -73.98643,42.59279,0
            -73.98633,42.59266,0
            -73.98549,42.59178,0
            -73.98542,42.5917,0
            -73.98499,42.59127,0
            -73.98471,42.59097,0
            -73.98442,42.59068,0
            -73.98433,42.59058,0
            -73.98381,42.59006,0
            -73.98363,42.58985,0
            -73.98345,42.58961,0
            -73.98337,42.58947,0
            -73.9833,42.58933,0
            -73.98329,42.5893,0
            -73.98325,42.58921,0
            -73.98319,42.58904,0
            -73.98314,42.58879,0
            -73.98313,42.58878,0
            -73.98312,42.58868,0
            -73.98312,42.58863,0
            -73.98309,42.58832,0
            -73.98311,42.58814,0
            -73.98311,42.58812,0
            -73.98314,42.58792,0
            -73.98317,42.58779,0
            -73.9832,42.58769,0
            -73.98336,42.58727,0
            -73.98336,42.58726,0
            -73.98342,42.58712,0
            -73.98352,42.58685,0
            -73.98354,42.58673,0
            -73.98356,42.58668,0
            -73.98357,42.58658,0
            -73.98357,42.58653,0
            -73.98358,42.58645,0
            -73.98356,42.58627,0
            -73.98349,42.58605,0
            -73.98344,42.58594,0
            -73.98322,42.58556,0
            -73.98314,42.58544,0
            -73.98304,42.58526,0
            -73.98298,42.58518,0
            -73.98296,42.58514,0
            -73.98293,42.5851,0
            -73.98203,42.58363,0
            -73.98203,42.58362,0
            -73.98158,42.58289,0
            -73.98153,42.5828,0
            -73.98109,42.58213,0
            -73.98106,42.58209,0
            -73.98085,42.58177,0
            -73.98066,42.58152,0
            -73.98044,42.58126,0
            -73.98037,42.58119,0
            -73.98035,42.58116,0
            -73.98029,42.58109,0
            -73.98007,42.58086,0
            -73.97979,42.58059,0
            -73.9793,42.58016,0
            -73.97925,42.58011,0
            -73.9787,42.57964,0
            -73.97806,42.57905,0
            -73.97766,42.57865,0
            -73.97761,42.57859,0
            -73.97751,42.57849,0
            -73.97748,42.57845,0
            -73.97679,42.57773,0
            -73.97668,42.5776,0
            -73.97652,42.57743,0
            -73.97651,42.57741,0
            -73.97634,42.57723,0
            -73.97622,42.57709,0
            -73.97612,42.577,0
            -73.97611,42.57698,0
            -73.976,42.57687,0
            -73.97598,42.57686,0
            -73.97588,42.57675,0
            -73.97581,42.5767,0
            -73.97567,42.57657,0
            -73.97565,42.57656,0
            -73.97551,42.57645,0
            -73.97539,42.57634,0
            -73.97535,42.57631,0
            -73.97532,42.5763,0
            -73.9753,42.57628,0
            -73.97478,42.57592,0
            -73.9746,42.57582,0
            -73.97436,42.5757,0
            -73.97414,42.57561,0
            -73.97403,42.57558,0
            -73.97389,42.57553,0
            -73.97379,42.57551,0
            -73.97348,42.57543,0
            -73.97325,42.5754,0
            -73.97288,42.57537,0
            -73.97261,42.57537,0
            -73.97247,42.57538,0
            -73.9724,42.57538,0
            -73.97234,42.57539,0
            -73.97214,42.57541,0
            -73.97181,42.57547,0
            -73.97144,42.57556,0
            -73.97122,42.57564,0
            -73.97118,42.57565,0
            -73.97109,42.57568,0
            -73.97106,42.57568,0
            -73.97099,42.57571,0
            -73.97089,42.57573,0
            -73.97072,42.57578,0
            -73.97023,42.57586,0
            -73.97013,42.57586,0
            -73.96994,42.57588,0
            -73.96962,42.57588,0
            -73.96956,42.57587,0
            -73.96943,42.57587,0
            -73.9692,42.57585,0
            -73.96914,42.57585,0
            -73.96895,42.57583,0
            -73.96892,42.57582,0
            -73.96839,42.57578,0
            -73.96835,42.57577,0
            -73.96823,42.57577,0
            -73.9681,42.57576,0
            -73.96765,42.57576,0
            -73.9675,42.57577,0
            -73.96741,42.57577,0
            -73.96738,42.57578,0
            -73.96725,42.57578,0
            -73.9672,42.57579,0
            -73.96681,42.57581,0
            -73.96676,42.57582,0
            -73.96652,42.57583,0
            -73.96593,42.57588,0
            -73.96587,42.57588,0
            -73.9658,42.57589,0
            -73.96522,42.57589,0
            -73.96474,42.57586,0
            -73.96466,42.57586,0
            -73.96449,42.57585,0
            -73.96434,42.57585,0
            -73.96413,42.57584,0
            -73.96401,42.57585,0
            -73.96393,42.57585,0
            -73.96388,42.57576,0
            -73.96384,42.5757,0
            -73.96369,42.57552,0
            -73.96356,42.57539,0
            -73.96346,42.57527,0
            -73.96345,42.57527,0
            -73.96337,42.57517,0
            -73.96332,42.57512,0
            -73.96323,42.575,0
            -73.96308,42.57485,0
            -73.96306,42.57484,0
            -73.96304,42.57482,0
            -73.96299,42.57479,0
            -73.96291,42.57476,0
            -73.96287,42.57474,0
            -73.96278,42.57471,0
            -73.9627,42.57469,0
            -73.96246,42.57465,0
            -73.96243,42.57464,0
            -73.9622,42.5746,0
            -73.96207,42.57457,0
            -73.96202,42.57455,0
            -73.96196,42.57454,0
            -73.96195,42.57454,0
            -73.9619,42.57452,0
            -73.96179,42.57449,0
            -73.96065,42.57405,0
            -73.96061,42.57403,0
            -73.96015,42.57386,0
            -73.96012,42.57384,0
            -73.96002,42.57379,0
            -73.95998,42.57376,0
            -73.95993,42.57371,0
            -73.95981,42.57357,0
            -73.95978,42.57355,0
            -73.95976,42.57352,0
            -73.95972,42.57349,0
            -73.9597,42.57347,0
            -73.95967,42.57346,0
            -73.95962,42.57343,0
            -73.95956,42.5734,0
            -73.95916,42.57328,0
            -73.95886,42.57316,0
            -73.95859,42.57303,0
            -73.95856,42.57302,0
            -73.95812,42.57278,0
            -73.95797,42.57269,0
            -73.95658,42.57193,0
            -73.95655,42.57191,0
            -73.95633,42.5718,0
            -73.9563,42.57178,0
            -73.95621,42.57173,0
            -73.95598,42.57162,0
            -73.95593,42.5716,0
            -73.95571,42.57149,0
            -73.95524,42.57128,0
            -73.9551,42.57121,0
            -73.95497,42.57116,0
            -73.95489,42.57112,0
            -73.95483,42.5711,0
            -73.95455,42.57098,0
            -73.95395,42.5707,0
            -73.95376,42.5706,0
            -73.95364,42.57053,0
            -73.95347,42.57042,0
            -73.95339,42.57035,0
            -73.9533,42.57028,0
            -73.95315,42.57013,0
            -73.95309,42.57005,0
            -73.95303,42.56998,0
            -73.95301,42.56994,0
            -73.95297,42.56988,0
            -73.95289,42.56973,0
            -73.95287,42.56968,0
            -73.95284,42.56962,0
            -73.95283,42.56957,0
            -73.9528,42.56949,0
            -73.9528,42.56945,0
            -73.95279,42.56939,0
            -73.95278,42.56936,0
            -73.95277,42.56931,0
            -73.95277,42.56908,0
            -73.95278,42.56904,0
            -73.9528,42.56891,0
            -73.95283,42.56878,0
            -73.95287,42.56866,0
            -73.95288,42.56862,0
            -73.9529,42.56858,0
            -73.95291,42.56855,0
            -73.95299,42.56838,0
            -73.95309,42.56822,0
            -73.95309,42.56821,0
            -73.95316,42.56809,0
            -73.95319,42.56805,0
            -73.95329,42.56789,0
            -73.95331,42.56787,0
            -73.95339,42.56773,0
            -73.95339,42.56772,0
            -73.95357,42.56737,0
            -73.95363,42.56722,0
            -73.95364,42.56722,0
            -73.95367,42.56713,0
            -73.95375,42.56684,0
            -73.95378,42.56656,0
            -73.95378,42.56646,0
            -73.95379,42.56633,0
            -73.95377,42.56614,0
            -73.95375,42.56601,0
            -73.95374,42.56591,0
            -73.95373,42.56588,0
            -73.95372,42.56583,0
            -73.9537,42.56579,0
            -73.95364,42.56556,0
            -73.95361,42.56548,0
            -73.95359,42.56544,0
            -73.95357,42.56538,0
            -73.95345,42.56514,0
            -73.95344,42.56513,0
            -73.95343,42.5651,0
            -73.95334,42.56496,0
            -73.95332,42.56494,0
            -73.95328,42.56487,0
            -73.95286,42.56431,0
            -73.95259,42.56393,0
            -73.95254,42.56387,0
            -73.95228,42.56352,0
            -73.9522,42.5634,0
            -73.95219,42.5634,0
            -73.95217,42.56336,0
            -73.95216,42.56336,0
            -73.95182,42.5629,0
            -73.95181,42.56288,0
            -73.95174,42.56278,0
            -73.95173,42.56276,0
            -73.9517,42.56272,0
            -73.9517,42.56271,0
            -73.95163,42.5626,0
            -73.95161,42.56254,0
            -73.95156,42.56244,0
            -73.95152,42.56232,0
            -73.95151,42.56225,0
            -73.95149,42.56221,0
            -73.95149,42.5622,0
            -73.95147,42.56206,0
            -73.95146,42.56203,0
            -73.95144,42.56185,0
            -73.95143,42.56184,0
            -73.95142,42.56172,0
            -73.95142,42.56166,0
            -73.9514,42.56152,0
            -73.95129,42.56042,0
            -73.95127,42.56028,0
            -73.95127,42.56024,0
            -73.95123,42.55992,0
            -73.95122,42.55988,0
            -73.95121,42.55977,0
            -73.95118,42.55956,0
            -73.95118,42.55952,0
            -73.95116,42.55938,0
            -73.95116,42.55936,0
            -73.95115,42.55934,0
            -73.95115,42.5593,0
            -73.95113,42.55918,0
            -73.95112,42.55916,0
            -73.95111,42.55911,0
            -73.95104,42.55889,0
            -73.95072,42.55894,0
            -73.95066,42.55896,0
            -73.95057,42.55898,0
            -73.95032,42.55906,0
            -73.94999,42.55918,0
            -73.94991,42.5592,0
            -73.94983,42.55923,0
            -73.94964,42.55926,0
            -73.9496,42.55927,0
            -73.94955,42.55927,0
            -73.94953,42.55928,0
            -73.9493,42.55928,0
            -73.94914,42.55926,0
            -73.94784,42.55901,0
            -73.94648,42.55878,0
            -73.94619,42.55872,0
            -73.94606,42.5587,0
            -73.94597,42.55867,0
            -73.94595,42.55867,0
            -73.94574,42.55861,0
            -73.94552,42.55853,0
            -73.9454,42.55848,0
            -73.94528,42.55844,0
            -73.94463,42.55813,0
            -73.94381,42.55767,0
            -73.94371,42.55762,0
            -73.94364,42.55757,0
            -73.94353,42.55751,0
            -73.94352,42.5575,0
            -73.94343,42.55744,0
            -73.94335,42.55738,0
            -73.9433,42.55735,0
            -73.94326,42.55731,0
            -73.94313,42.5572,0
            -73.943,42.55707,0
            -73.94286,42.55691,0
            -73.94276,42.55682,0
            -73.94249,42.55651,0
            -73.94234,42.55635,0
            -73.94206,42.55603,0
            -73.94194,42.55591,0
            -73.94192,42.55588,0
            -73.94188,42.55585,0
            -73.94184,42.55581,0
            -73.9417,42.5557,0
            -73.94166,42.55566,0
            -73.94162,42.55564,0
            -73.94125,42.55541,0
            -73.9401,42.55476,0
            -73.93968,42.55455,0
            -73.93924,42.55435,0
            -73.93909,42.55429,0
            -73.9382,42.554,0
            -73.93816,42.55399,0
            -73.93808,42.55396,0
            -73.93798,42.55393,0
            -73.9375,42.55375,0
            -73.93749,42.55375,0
            -73.93729,42.55368,0
            -73.93728,42.55367,0
            -73.93713,42.55362,0
            -73.93705,42.5536,0
            -73.93704,42.55359,0
            -73.93684,42.55354,0
            -73.93675,42.55351,0
            -73.9366,42.55348,0
            -73.93659,42.55348,0
            -73.9365,42.55346,0
            -73.9359,42.55336,0
            -73.93588,42.55335,0
            -73.93583,42.55335,0
            -73.93573,42.55333,0
            -73.93541,42.5533,0
            -73.93537,42.5533,0
            -73.93532,42.55329,0
            -73.93529,42.55329,0
            -73.93473,42.55316,0
            -73.93295,42.55269,0
            -73.93293,42.55269,0
            -73.93194,42.55243,0
            -73.93182,42.55241,0
            -73.93176,42.55239,0
            -73.93161,42.55237,0
            -73.93155,42.55237,0
            -73.9315,42.55236,0
            -73.93086,42.55236,0
            -73.92789,42.55243,0
            -73.92721,42.55246,0
            -73.92716,42.55247,0
            -73.92692,42.55249,0
            -73.92675,42.55252,0
            -73.92644,42.55256,0
            -73.9262,42.5526,0
            -73.92596,42.55263,0
            -73.92525,42.55276,0
            -73.92503,42.55279,0
            -73.92482,42.55281,0
            -73.92477,42.55282,0
            -73.92453,42.55282,0
            -73.92435,42.5528,0
            -73.92426,42.55278,0
            -73.92413,42.55276,0
            -73.92405,42.55274,0
            -73.92399,42.55273,0
            -73.92382,42.55269,0
            -73.92296,42.55245,0
            -73.9229,42.55244,0
            -73.9228,42.55241,0
            -73.92213,42.55225,0
            -73.92173,42.55218,0
            -73.92163,42.55217,0
            -73.92152,42.55215,0
            -73.92149,42.55215,0
            -73.92146,42.55214,0
            -73.92138,42.55214,0
            -73.92126,42.55212,0
            -73.92108,42.55211,0
            -73.92083,42.55208,0
            -73.92033,42.55204,0
            -73.92028,42.55204,0
            -73.91929,42.55196,0
            -73.91894,42.55192,0
            -73.91885,42.5519,0
            -73.91868,42.55188,0
            -73.91863,42.55186,0
            -73.91834,42.55177,0
            -73.91817,42.55169,0
            -73.91816,42.55168,0
            -73.91778,42.55146,0
            -73.91761,42.55137,0
            -73.91758,42.55136,0
            -73.91738,42.55125,0
            -73.91733,42.55123,0
            -73.91644,42.5508,0
            -73.91618,42.55064,0
            -73.91616,42.55063,0
            -73.91603,42.55053,0
            -73.91587,42.55039,0
            -73.91559,42.55007,0
            -73.91549,42.5499,0
            -73.91544,42.5498,0
            -73.91538,42.54966,0
            -73.91535,42.5496,0
            -73.91534,42.54956,0
            -73.91528,42.54942,0
            -73.91527,42.54939,0
            -73.91519,42.54922,0
            -73.91519,42.54921,0
            -73.91506,42.54887,0
            -73.91493,42.54856,0
            -73.91491,42.54853,0
            -73.91488,42.54846,0
            -73.91484,42.54839,0
            -73.91475,42.54826,0
            -73.91472,42.54821,0
            -73.91471,42.5482,0
            -73.91452,42.54795,0
            -73.91445,42.54787,0
            -73.91437,42.54775,0
            -73.91433,42.54771,0
            -73.91429,42.54763,0
            -73.91425,42.54757,0
            -73.91416,42.5474,0
            -73.91391,42.54699,0
            -73.91376,42.54676,0
            -73.91376,42.54675,0
            -73.91365,42.54653,0
            -73.9136,42.54641,0
            -73.91349,42.54608,0
            -73.91341,42.54576,0
            -73.91332,42.54549,0
            -73.91322,42.54523,0
            -73.91302,42.54482,0
            -73.91288,42.54456,0
            -73.91288,42.54455,0
            -73.91282,42.54445,0
            -73.91275,42.54431,0
            -73.91269,42.54422,0
            -73.91269,42.54421,0
            -73.91265,42.54415,0
            -73.91258,42.54401,0
            -73.91206,42.54308,0
            -73.91135,42.5419,0
            -73.91135,42.54188,0
            -73.91105,42.54141,0
            -73.91076,42.54091,0
            -73.91074,42.54089,0
            -73.91057,42.5406,0
            -73.91043,42.54039,0
            -73.90995,42.5396,0
            -73.90984,42.53944,0
            -73.90935,42.53865,0
            -73.90924,42.53845,0
            -73.909,42.53806,0
            -73.90895,42.53799,0
            -73.90873,42.53772,0
            -73.90849,42.53745,0
            -73.90827,42.53722,0
            -73.9082,42.53716,0
            -73.90786,42.53679,0
            -73.90778,42.53671,0
            -73.90772,42.53663,0
            -73.90771,42.53661,0
            -73.90764,42.53653,0
            -73.9076,42.53647,0
            -73.90748,42.53632,0
            -73.90747,42.53631,0
            -73.90737,42.53616,0
            -73.90735,42.53614,0
            -73.90726,42.536,0
            -73.90681,42.53535,0
            -73.90669,42.5352,0
            -73.90641,42.53482,0
            -73.90632,42.53473,0
            -73.90628,42.5347,0
            -73.90617,42.53459,0
            -73.90602,42.53446,0
            -73.90593,42.53441,0
            -73.90586,42.53436,0
            -73.90563,42.53422,0
            -73.90524,42.53405,0
            -73.90513,42.53401,0
            -73.90504,42.53399,0
            -73.90484,42.53393,0
            -73.90226,42.53326,0
            -73.90203,42.53321,0
            -73.90162,42.5331,0
            -73.90157,42.53309,0
            -73.90154,42.53308,0
            -73.89988,42.53266,0
            -73.89962,42.53258,0
            -73.8995,42.53255,0
            -73.89949,42.53254,0
            -73.89947,42.53253,0
            -73.89932,42.53248,0
            -73.89928,42.53247,0
            -73.89913,42.5324,0
            -73.89902,42.53236,0
            -73.89879,42.53224,0
            -73.8986,42.53215,0
            -73.89791,42.53172,0
            -73.89788,42.53171,0
            -73.8966,42.53091,0
            -73.89658,42.53089,0
            -73.89641,42.5308,0
            -73.89639,42.53078,0
            -73.89592,42.53051,0
            -73.89569,42.53039,0
            -73.89559,42.53035,0
            -73.89555,42.53033,0
            -73.89542,42.53029,0
            -73.89518,42.53023,0
            -73.89517,42.53023,0
            -73.89494,42.53019,0
            -73.89478,42.53018,0
            -73.89446,42.53018,0
            -73.89429,42.53019,0
            -73.89397,42.53024,0
            -73.89392,42.53024,0
            -73.8939,42.53025,0
            -73.89345,42.53033,0
            -73.89289,42.53046,0
            -73.89186,42.53074,0
            -73.89184,42.53075,0
            -73.89143,42.53086,0
            -73.89138,42.53088,0
            -73.89098,42.531,0
            -73.89047,42.53113,0
            -73.89006,42.53125,0
            -73.89001,42.53126,0
            -73.88778,42.53189,0
            -73.88777,42.53189,0
            -73.88755,42.53195,0
            -73.8875,42.53196,0
            -73.88732,42.53201,0
            -73.88727,42.53202,0
            -73.88663,42.53219,0
            -73.88658,42.53221,0
            -73.8864,42.53225,0
            -73.88639,42.53226,0
            -73.88371,42.53308,0
            -73.88357,42.53311,0
            -73.88351,42.53313,0
            -73.88347,42.53313,0
            -73.88332,42.53316,0
            -73.88303,42.53318,0
            -73.88295,42.53319,0
            -73.88292,42.53319,0
            -73.88247,42.53323,0
            -73.88208,42.53324,0
            -73.88198,42.53325,0
            -73.88187,42.53325,0
            -73.88173,42.53324,0
            -73.88117,42.53324,0
            -73.881,42.53325,0
            -73.88085,42.53325,0
            -73.88025,42.5333,0
            -73.88003,42.53333,0
            -73.8793,42.53339,0
            -73.87906,42.53342,0
            -73.87867,42.53345,0
            -73.87858,42.53347,0
            -73.87834,42.5335,0
            -73.87829,42.53351,0
            -73.87818,42.53354,0
            -73.87804,42.53357,0
            -73.87776,42.53365,0
            -73.87712,42.53386,0
            -73.87702,42.53388,0
            -73.8769,42.53392,0
            -73.87689,42.53392,0
            -73.87655,42.534,0
            -73.87548,42.53417,0
            -73.87475,42.53426,0
            -73.87434,42.5343,0
            -73.87378,42.53432,0
            -73.87365,42.53433,0
            -73.87239,42.53438,0
            -73.87226,42.53438,0
            -73.87178,42.53442,0
            -73.87175,42.53442,0
            -73.87097,42.53454,0
            -73.87082,42.53457,0
            -73.87058,42.5346,0
            -73.87034,42.53464,0
            -73.87033,42.53465,0
            -73.86915,42.53485,0
            -73.86924,42.53509,0
            -73.86934,42.53556,0
            -73.86934,42.5356,0
            -73.86935,42.53564,0
            -73.86938,42.53586,0
            -73.86938,42.536,0
            -73.86931,42.53622,0
            -73.86926,42.53635,0
            -73.86922,42.53643,0
            -73.86921,42.53644,0
            -73.86912,42.53661,0
            -73.86898,42.5368,0
            -73.86887,42.53692,0
            -73.86882,42.53699,0
            -73.86872,42.5371,0
            -73.86862,42.53723,0
            -73.86856,42.53729,0
            -73.86844,42.53745,0
            -73.86795,42.53805,0
            -73.8675,42.53867,0
            -73.86728,42.53899,0
            -73.86707,42.53936,0
            -73.8669,42.53963,0
            -73.86681,42.53987,0
            -73.86681,42.53988,0
            -73.86672,42.54023,0
            -73.86668,42.54034,0
            -73.86651,42.54094,0
            -73.86636,42.54156,0
            -73.86635,42.54162,0
            -73.86633,42.54168,0
            -73.86631,42.5418,0
            -73.86627,42.54198,0
            -73.86627,42.542,0
            -73.86626,42.5421,0
            -73.86621,42.54242,0
          </coordinates>
        </LineString>
      </Placemark>
      <Placemark>
        <name>Snee Hall</name>
        <styleUrl>#icon-1899-DB4436-nodesc</styleUrl>
        <Point>
          <coordinates>
            -76.4853336,42.4437223,0
          </coordinates>
        </Point>
      </Placemark>
      <Placemark>
        <name>Brauer Geologic Field Station</name>
        <styleUrl>#icon-1899-DB4436-nodesc</styleUrl>
        <Point>
          <coordinates>
            -73.8662068,42.5424194,0
          </coordinates>
        </Point>
      </Placemark>
    </Folder>
    <Folder>
      <name>Directions from Brauer Geologic Field Station to Brauer Geologic Field Station</name>
      <Placemark>
        <name>Directions from Brauer Geologic Field Station to Brauer Geologic Field Station</name>
        <styleUrl>#line-1267FF-5000-nodesc</styleUrl>
        <LineString>
          <tessellate>1</tessellate>
          <coordinates>
            -73.86621,42.54242,0
            -73.86609,42.54323,0
            -73.86607,42.54341,0
            -73.86594,42.54424,0
            -73.86592,42.5443,0
            -73.8659,42.54442,0
            -73.86589,42.54446,0
            -73.86587,42.54451,0
            -73.86587,42.54452,0
            -73.86571,42.54514,0
            -73.86571,42.54524,0
            -73.8657,42.54537,0
            -73.86569,42.5454,0
            -73.86567,42.54566,0
            -73.86568,42.54572,0
            -73.86569,42.54591,0
            -73.8658,42.54644,0
            -73.8658,42.54647,0
            -73.86583,42.54662,0
            -73.86584,42.54665,0
            -73.86587,42.54679,0
            -73.86588,42.54686,0
            -73.8659,42.54715,0
            -73.8659,42.54769,0
            -73.86589,42.5478,0
            -73.86589,42.54805,0
            -73.8659,42.54823,0
            -73.8659,42.54854,0
            -73.86589,42.54859,0
            -73.86589,42.54872,0
            -73.86587,42.54882,0
            -73.86583,42.54895,0
            -73.8658,42.54899,0
            -73.86574,42.54914,0
            -73.86572,42.54916,0
            -73.86562,42.5493,0
            -73.86561,42.54932,0
            -73.8653,42.54977,0
            -73.86523,42.5499,0
            -73.8652,42.54997,0
            -73.86515,42.55015,0
            -73.86503,42.55068,0
            -73.865,42.55086,0
            -73.86498,42.55093,0
            -73.8649,42.55114,0
            -73.86464,42.55153,0
            -73.86373,42.5532,0
            -73.86352,42.55371,0
            -73.86341,42.55394,0
            -73.86332,42.55423,0
            -73.86328,42.55442,0
            -73.86327,42.55443,0
            -73.86312,42.55516,0
            -73.86309,42.55527,0
            -73.86303,42.55557,0
            -73.86288,42.55611,0
            -73.8628,42.55645,0
            -73.86267,42.55716,0
            -73.86261,42.5574,0
            -73.86259,42.55751,0
            -73.86258,42.55752,0
            -73.86245,42.55792,0
            -73.86245,42.55793,0
            -73.8622,42.55873,0
            -73.86218,42.55881,0
            -73.86205,42.55918,0
            -73.86197,42.55954,0
            -73.86197,42.55959,0
            -73.86194,42.55985,0
            -73.86194,42.56007,0
            -73.86195,42.5602,0
            -73.86199,42.56042,0
            -73.86211,42.56131,0
            -73.86211,42.56133,0
            -73.86221,42.56202,0
            -73.86221,42.56204,0
            -73.86223,42.56213,0
            -73.86224,42.56216,0
            -73.86232,42.56234,0
            -73.86234,42.56237,0
            -73.86236,42.56238,0
            -73.86247,42.56252,0
            -73.86248,42.56254,0
            -73.86254,42.56261,0
            -73.8626,42.56267,0
            -73.86261,42.56269,0
            -73.8628,42.5629,0
            -73.8629,42.56298,0
            -73.86307,42.56314,0
            -73.86332,42.5633,0
            -73.8634,42.56334,0
            -73.86342,42.56336,0
            -73.86357,42.56344,0
            -73.86408,42.56375,0
            -73.86416,42.56379,0
            -73.86486,42.56419,0
            -73.86496,42.56424,0
            -73.86505,42.5643,0
            -73.86508,42.56431,0
            -73.86529,42.56444,0
            -73.86531,42.56446,0
            -73.86533,42.56447,0
            -73.86541,42.56454,0
            -73.86546,42.5646,0
            -73.86551,42.56465,0
            -73.86567,42.56485,0
            -73.86572,42.56493,0
            -73.86602,42.56532,0
            -73.86605,42.56537,0
            -73.86608,42.5654,0
            -73.86613,42.56548,0
            -73.8663,42.5657,0
            -73.86632,42.56574,0
            -73.86635,42.56578,0
            -73.86636,42.56579,0
            -73.86677,42.56635,0
            -73.86679,42.56637,0
            -73.86681,42.5664,0
            -73.86682,42.56641,0
            -73.86683,42.56643,0
            -73.86684,42.56644,0
            -73.86712,42.56683,0
            -73.86736,42.56714,0
            -73.86739,42.56719,0
            -73.8674,42.5672,0
            -73.86741,42.56722,0
            -73.86742,42.56723,0
            -73.86745,42.56727,0
            -73.8675,42.56735,0
            -73.86751,42.56736,0
            -73.86752,42.56738,0
            -73.8678,42.56778,0
            -73.86784,42.56785,0
            -73.86785,42.56786,0
            -73.86785,42.56787,0
            -73.86793,42.568,0
            -73.86795,42.56802,0
            -73.86805,42.56819,0
            -73.86813,42.56829,0
            -73.86815,42.56832,0
            -73.86817,42.56834,0
            -73.86818,42.56836,0
            -73.86828,42.56848,0
            -73.86829,42.5685,0
            -73.8683,42.56851,0
            -73.86892,42.56939,0
            -73.86918,42.56978,0
            -73.86919,42.56979,0
            -73.86934,42.57002,0
            -73.86947,42.5702,0
            -73.86959,42.57032,0
            -73.87036,42.57085,0
            -73.87056,42.571,0
            -73.87091,42.57123,0
            -73.87114,42.5713,0
            -73.87124,42.57134,0
            -73.87153,42.57143,0
            -73.87161,42.57145,0
            -73.87169,42.57146,0
            -73.87182,42.57149,0
            -73.87206,42.57153,0
            -73.87249,42.57174,0
            -73.87255,42.57176,0
            -73.87266,42.57182,0
            -73.87271,42.57184,0
            -73.87321,42.57216,0
            -73.87325,42.57219,0
            -73.87329,42.57221,0
            -73.87389,42.5726,0
            -73.87398,42.57267,0
            -73.87401,42.57268,0
            -73.87499,42.57335,0
            -73.87514,42.57348,0
            -73.87518,42.57353,0
            -73.87617,42.57454,0
            -73.87623,42.57461,0
            -73.87706,42.57548,0
            -73.87734,42.5758,0
            -73.87831,42.57674,0
            -73.87832,42.57676,0
            -73.8784,42.57686,0
            -73.87842,42.5769,0
            -73.87843,42.57693,0
            -73.87844,42.57695,0
            -73.87847,42.57708,0
            -73.87845,42.57719,0
            -73.87842,42.57725,0
            -73.8783,42.57745,0
            -73.87816,42.57776,0
            -73.87816,42.57779,0
            -73.87815,42.57785,0
            -73.87816,42.57795,0
            -73.8782,42.57812,0
            -73.87571,42.57915,0
            -73.87567,42.57916,0
            -73.87548,42.57924,0
            -73.87538,42.57927,0
            -73.87534,42.57929,0
            -73.87529,42.5793,0
            -73.87437,42.57956,0
            -73.87402,42.57967,0
            -73.87394,42.57969,0
            -73.87353,42.57984,0
            -73.87219,42.58039,0
            -73.87197,42.58047,0
            -73.87174,42.58057,0
            -73.87164,42.58059,0
            -73.87142,42.58066,0
            -73.87129,42.58072,0
            -73.87128,42.58072,0
            -73.871,42.58085,0
            -73.87067,42.58102,0
            -73.8701,42.58139,0
            -73.86972,42.58167,0
            -73.86971,42.58168,0
            -73.86957,42.58179,0
            -73.86914,42.58221,0
            -73.86847,42.583,0
            -73.86792,42.5836,0
            -73.86767,42.58381,0
            -73.8676,42.58386,0
            -73.86753,42.58392,0
            -73.86739,42.58401,0
            -73.86731,42.58405,0
            -73.8673,42.58407,0
            -73.86728,42.58408,0
            -73.86724,42.58412,0
            -73.86712,42.58418,0
            -73.86707,42.58421,0
            -73.86666,42.58439,0
            -73.86639,42.58448,0
            -73.86589,42.58462,0
            -73.86364,42.58514,0
            -73.86336,42.58522,0
            -73.86334,42.58522,0
            -73.86256,42.58545,0
            -73.86158,42.58581,0
            -73.86124,42.58595,0
            -73.86062,42.58623,0
            -73.85804,42.58749,0
            -73.85798,42.58751,0
            -73.85777,42.5876,0
            -73.85766,42.58766,0
            -73.8574,42.58777,0
            -73.8564,42.58815,0
            -73.85558,42.58842,0
            -73.85491,42.5886,0
            -73.85482,42.58863,0
            -73.85462,42.58867,0
            -73.85365,42.5889,0
            -73.85358,42.58891,0
            -73.8524,42.58917,0
            -73.85188,42.58926,0
            -73.85114,42.58936,0
            -73.84928,42.58952,0
            -73.84923,42.58952,0
            -73.84832,42.5896,0
            -73.84762,42.58969,0
            -73.84759,42.58969,0
            -73.84705,42.58979,0
            -73.84641,42.58993,0
            -73.84625,42.58998,0
            -73.84604,42.59003,0
            -73.84576,42.59011,0
            -73.84493,42.59039,0
            -73.84451,42.59056,0
            -73.84417,42.59071,0
            -73.84351,42.59104,0
            -73.84309,42.59128,0
            -73.84277,42.59148,0
            -73.84228,42.59182,0
            -73.84221,42.59188,0
            -73.84183,42.59217,0
            -73.8416,42.59237,0
            -73.84128,42.59267,0
            -73.84105,42.5929,0
            -73.84079,42.59319,0
            -73.84066,42.59335,0
            -73.84026,42.5939,0
            -73.83998,42.59435,0
            -73.83977,42.59475,0
            -73.83977,42.59476,0
            -73.8397,42.59492,0
            -73.83963,42.59506,0
            -73.83953,42.59533,0
            -73.83949,42.59542,0
            -73.83949,42.59543,0
            -73.83944,42.59559,0
            -73.83936,42.59589,0
            -73.83934,42.59594,0
            -73.83925,42.59633,0
            -73.83919,42.59682,0
            -73.83919,42.59684,0
            -73.83917,42.59696,0
            -73.83917,42.59701,0
            -73.83916,42.59706,0
            -73.83916,42.59764,0
            -73.83919,42.59793,0
            -73.8392,42.59813,0
            -73.83926,42.59851,0
            -73.83958,42.59987,0
            -73.83959,42.60002,0
            -73.83998,42.60168,0
            -73.84002,42.60182,0
            -73.84003,42.60184,0
            -73.84011,42.60218,0
            -73.84017,42.6025,0
            -73.84018,42.60252,0
            -73.84022,42.60258,0
            -73.84023,42.60264,0
            -73.84029,42.60288,0
            -73.84032,42.60295,0
            -73.84033,42.60301,0
            -73.84048,42.60341,0
            -73.84062,42.60365,0
            -73.84068,42.60372,0
            -73.84073,42.6038,0
            -73.84079,42.60386,0
            -73.84087,42.60396,0
            -73.84205,42.60529,0
            -73.84209,42.60532,0
            -73.84236,42.60561,0
            -73.84259,42.60588,0
            -73.84382,42.60723,0
            -73.8443,42.60779,0
            -73.84448,42.60803,0
            -73.84456,42.60816,0
            -73.84479,42.6085,0
            -73.84498,42.60883,0
            -73.84517,42.6093,0
            -73.84519,42.60934,0
            -73.84552,42.61016,0
            -73.84557,42.61031,0
            -73.8456,42.61036,0
            -73.84566,42.61053,0
            -73.84569,42.6106,0
            -73.84585,42.61084,0
            -73.84594,42.61093,0
            -73.84613,42.61109,0
            -73.84621,42.61115,0
            -73.8463,42.6112,0
            -73.84645,42.61126,0
            -73.8466,42.61131,0
            -73.84665,42.61132,0
            -73.84675,42.61133,0
            -73.84686,42.61135,0
            -73.84691,42.61135,0
            -73.84701,42.61137,0
            -73.84764,42.61143,0
            -73.84799,42.61149,0
            -73.848,42.61149,0
            -73.84817,42.61154,0
            -73.84828,42.61158,0
            -73.84843,42.61165,0
            -73.84863,42.61176,0
            -73.8497,42.61248,0
            -73.85003,42.61273,0
            -73.8503,42.61298,0
            -73.85045,42.61313,0
            -73.85056,42.61326,0
            -73.85124,42.61439,0
            -73.85128,42.61448,0
            -73.85152,42.61491,0
            -73.85153,42.61492,0
            -73.85161,42.61506,0
            -73.8518,42.61534,0
            -73.85197,42.61569,0
            -73.85238,42.61637,0
            -73.8524,42.61639,0
            -73.85244,42.61642,0
            -73.85443,42.61965,0
            -73.85471,42.62013,0
            -73.85482,42.62037,0
            -73.85483,42.62038,0
            -73.855,42.62086,0
            -73.85502,42.62093,0
            -73.85511,42.62117,0
            -73.85521,42.62147,0
            -73.85527,42.62168,0
            -73.85531,42.62194,0
            -73.85532,42.62206,0
            -73.85532,42.62225,0
            -73.85531,42.62242,0
            -73.85531,42.62267,0
            -73.8553,42.62271,0
            -73.8553,42.62297,0
            -73.85529,42.62307,0
            -73.85529,42.62338,0
            -73.85527,42.62371,0
            -73.85525,42.62375,0
            -73.85524,42.62378,0
            -73.85522,42.62417,0
            -73.85522,42.62432,0
            -73.85528,42.62482,0
            -73.85528,42.62494,0
            -73.85529,42.625,0
            -73.8553,42.62513,0
            -73.8553,42.62541,0
            -73.85523,42.62572,0
            -73.85518,42.62584,0
            -73.85507,42.62604,0
            -73.85432,42.62706,0
            -73.85429,42.62711,0
            -73.85424,42.62717,0
            -73.85402,42.62749,0
            -73.85392,42.62765,0
            -73.8537,42.62797,0
            -73.85361,42.62812,0
            -73.85361,42.62814,0
            -73.85339,42.62846,0
            -73.85336,42.62852,0
            -73.85291,42.62918,0
            -73.85261,42.62967,0
            -73.85214,42.63037,0
            -73.85212,42.63041,0
            -73.85184,42.63081,0
            -73.8515,42.63135,0
            -73.85139,42.63155,0
            -73.85131,42.63174,0
            -73.85127,42.63182,0
            -73.85117,42.63216,0
            -73.85111,42.63251,0
            -73.8511,42.63263,0
            -73.85109,42.63295,0
            -73.85111,42.63322,0
            -73.85118,42.63358,0
            -73.85124,42.63381,0
            -73.85136,42.6341,0
            -73.85136,42.63412,0
            -73.85146,42.63432,0
            -73.85155,42.63448,0
            -73.85186,42.63492,0
            -73.85199,42.63507,0
            -73.85214,42.63522,0
            -73.8524,42.63546,0
            -73.85268,42.63569,0
            -73.85273,42.63572,0
            -73.85291,42.63585,0
            -73.85324,42.63605,0
            -73.85374,42.6363,0
            -73.854,42.63641,0
            -73.85429,42.63651,0
            -73.85475,42.63669,0
            -73.85509,42.63681,0
            -73.8551,42.63681,0
            -73.8555,42.63693,0
            -73.85557,42.63696,0
            -73.85571,42.63707,0
            -73.85571,42.63713,0
            -73.85572,42.63714,0
            -73.85572,42.63716,0
            -73.85573,42.63717,0
            -73.85575,42.63721,0
            -73.85579,42.63725,0
            -73.85582,42.63726,0
            -73.85584,42.63728,0
            -73.85593,42.63731,0
            -73.85596,42.63731,0
            -73.85599,42.63732,0
            -73.85607,42.63732,0
            -73.85609,42.63731,0
            -73.85612,42.63731,0
            -73.85613,42.6373,0
            -73.85614,42.6373,0
            -73.85616,42.63729,0
            -73.85617,42.63729,0
            -73.8565,42.63734,0
            -73.85666,42.63739,0
            -73.85683,42.63746,0
            -73.85702,42.63752,0
            -73.8576,42.63774,0
            -73.85778,42.6378,0
            -73.85803,42.6379,0
            -73.85822,42.638,0
            -73.85827,42.63802,0
            -73.85849,42.63816,0
            -73.85859,42.63825,0
            -73.85869,42.63833,0
            -73.85879,42.63842,0
            -73.85889,42.63853,0
            -73.85889,42.63854,0
            -73.85896,42.63862,0
            -73.859,42.63869,0
            -73.85903,42.63873,0
            -73.85907,42.6388,0
            -73.85917,42.63901,0
            -73.85925,42.63932,0
            -73.85929,42.63956,0
            -73.85929,42.6396,0
            -73.85931,42.63963,0
            -73.85931,42.6397,0
            -73.8593,42.63973,0
            -73.85928,42.63976,0
            -73.85926,42.6398,0
            -73.8592,42.63988,0
            -73.85918,42.63994,0
            -73.85916,42.63996,0
            -73.85914,42.63997,0
            -73.85912,42.63999,0
            -73.8591,42.64,0
            -73.85906,42.64008,0
            -73.85906,42.64011,0
            -73.85898,42.6403,0
            -73.85892,42.64042,0
            -73.85886,42.6405,0
            -73.85885,42.64052,0
            -73.85882,42.64056,0
            -73.85874,42.64065,0
            -73.85853,42.64083,0
            -73.85851,42.64084,0
            -73.85847,42.64087,0
            -73.85842,42.6409,0
            -73.85832,42.64097,0
            -73.85807,42.6411,0
            -73.85794,42.64115,0
            -73.85781,42.64121,0
            -73.8578,42.64121,0
            -73.85768,42.64125,0
            -73.85643,42.6416,0
            -73.85642,42.6416,0
            -73.85634,42.64163,0
            -73.85628,42.64164,0
            -73.8562,42.64167,0
            -73.85575,42.64179,0
            -73.85531,42.64193,0
            -73.855,42.64207,0
            -73.8547,42.64225,0
            -73.85449,42.64241,0
            -73.85443,42.64247,0
            -73.85439,42.6425,0
            -73.8543,42.64259,0
            -73.85415,42.64278,0
            -73.85404,42.64295,0
            -73.85403,42.64297,0
            -73.85384,42.64327,0
            -73.85382,42.64331,0
            -73.85334,42.64409,0
            -73.85331,42.64413,0
            -73.85311,42.64445,0
            -73.85306,42.64452,0
            -73.85301,42.64458,0
            -73.8529,42.64465,0
            -73.85277,42.64471,0
            -73.85262,42.64471,0
            -73.8526,42.64472,0
            -73.85257,42.64472,0
            -73.85251,42.64474,0
            -73.85247,42.64476,0
            -73.85244,42.64478,0
            -73.8524,42.6448,0
            -73.85238,42.64484,0
            -73.85236,42.64486,0
            -73.85234,42.64492,0
            -73.85234,42.64495,0
            -73.85233,42.64497,0
            -73.85234,42.645,0
            -73.85213,42.64526,0
            -73.8521,42.64529,0
            -73.85207,42.64533,0
            -73.85194,42.64545,0
            -73.85177,42.64559,0
            -73.85162,42.64573,0
            -73.85158,42.64576,0
            -73.85154,42.6458,0
            -73.84957,42.64751,0
            -73.84954,42.64753,0
            -73.84894,42.64806,0
            -73.84891,42.64808,0
            -73.84884,42.64814,0
            -73.84879,42.64819,0
            -73.84866,42.6483,0
            -73.84833,42.64863,0
            -73.84828,42.64869,0
            -73.84819,42.64882,0
            -73.84814,42.64887,0
            -73.84802,42.64896,0
            -73.84792,42.64896,0
            -73.84782,42.64901,0
            -73.84781,42.64902,0
            -73.84779,42.64903,0
            -73.84778,42.64905,0
            -73.84777,42.64906,0
            -73.84776,42.64908,0
            -73.84775,42.64909,0
            -73.84774,42.64911,0
            -73.84774,42.64913,0
            -73.84757,42.64925,0
            -73.84724,42.64953,0
            -73.8472,42.64959,0
            -73.84585,42.65075,0
            -73.84534,42.65113,0
            -73.84462,42.65162,0
            -73.84461,42.65162,0
            -73.84449,42.6517,0
            -73.84395,42.65202,0
            -73.84388,42.65205,0
            -73.84379,42.65211,0
            -73.84268,42.65268,0
            -73.84179,42.65308,0
            -73.84072,42.6535,0
            -73.84011,42.65372,0
            -73.83964,42.65387,0
            -73.83962,42.65388,0
            -73.83891,42.6541,0
            -73.83889,42.6541,0
            -73.83871,42.65415,0
            -73.83866,42.65417,0
            -73.83857,42.65419,0
            -73.83819,42.6543,0
            -73.83782,42.65439,0
            -73.83657,42.65466,0
            -73.83567,42.65482,0
            -73.83133,42.65537,0
            -73.83127,42.65537,0
            -73.83125,42.65538,0
            -73.83109,42.6554,0
            -73.83103,42.6554,0
            -73.83036,42.65548,0
            -73.83031,42.65549,0
            -73.82921,42.65562,0
            -73.82862,42.65571,0
            -73.82859,42.65572,0
            -73.82808,42.65583,0
            -73.82759,42.65596,0
            -73.82688,42.65621,0
            -73.82633,42.65646,0
            -73.82618,42.65655,0
            -73.82604,42.65662,0
            -73.82568,42.65684,0
            -73.82547,42.65698,0
            -73.82545,42.65699,0
            -73.82528,42.65712,0
            -73.82526,42.65714,0
            -73.82511,42.65725,0
            -73.82509,42.65726,0
            -73.82478,42.65752,0
            -73.82434,42.65795,0
            -73.82414,42.65812,0
            -73.82382,42.65842,0
            -73.82324,42.6589,0
            -73.82268,42.65927,0
            -73.82251,42.65941,0
            -73.82248,42.65943,0
            -73.8177,42.66381,0
            -73.81727,42.66415,0
            -73.81714,42.66424,0
            -73.81698,42.66438,0
            -73.81525,42.66571,0
            -73.81503,42.66586,0
            -73.81493,42.66595,0
            -73.8148,42.66604,0
            -73.81477,42.66607,0
            -73.81213,42.66809,0
            -73.812,42.66818,0
            -73.81196,42.66822,0
            -73.81185,42.6683,0
            -73.81165,42.66846,0
            -73.81154,42.66854,0
            -73.81083,42.66911,0
            -73.80989,42.66991,0
            -73.80857,42.67108,0
            -73.80839,42.67125,0
            -73.80781,42.67175,0
            -73.80775,42.67181,0
            -73.80628,42.6731,0
            -73.80627,42.6731,0
            -73.8057,42.6736,0
            -73.80562,42.67366,0
            -73.80561,42.67368,0
            -73.80534,42.67391,0
            -73.8053,42.67395,0
            -73.80504,42.67417,0
            -73.80498,42.67423,0
            -73.80465,42.67452,0
            -73.80455,42.6746,0
            -73.80434,42.6748,0
            -73.80407,42.67502,0
            -73.804,42.67509,0
            -73.80351,42.67551,0
            -73.80343,42.67559,0
            -73.80314,42.67584,0
            -73.80294,42.67604,0
            -73.80289,42.6761,0
            -73.80285,42.67614,0
            -73.80272,42.67629,0
            -73.80265,42.67638,0
            -73.80265,42.67639,0
            -73.80263,42.67641,0
            -73.80256,42.6765,0
            -73.80236,42.67683,0
            -73.80232,42.67692,0
            -73.80227,42.67701,0
            -73.80222,42.67714,0
            -73.80218,42.67722,0
            -73.80218,42.67723,0
            -73.80209,42.67753,0
            -73.80206,42.67765,0
            -73.80192,42.67869,0
            -73.80192,42.67875,0
            -73.80179,42.67977,0
            -73.80176,42.67994,0
            -73.80173,42.68017,0
            -73.80172,42.68031,0
            -73.80171,42.68036,0
            -73.80161,42.68123,0
            -73.80161,42.6813,0
            -73.8016,42.68135,0
            -73.8016,42.68145,0
            -73.80158,42.68158,0
            -73.80158,42.68167,0
            -73.80157,42.68179,0
            -73.80157,42.68186,0
            -73.80156,42.68201,0
            -73.80158,42.68226,0
            -73.80158,42.68237,0
            -73.8016,42.68252,0
            -73.80162,42.68276,0
            -73.80164,42.68288,0
            -73.80177,42.68341,0
            -73.80182,42.68355,0
            -73.80213,42.68457,0
            -73.80216,42.68469,0
            -73.8022,42.68478,0
            -73.80224,42.68489,0
            -73.8024,42.6854,0
            -73.80243,42.68548,0
            -73.80245,42.68556,0
            -73.8028,42.68662,0
            -73.8028,42.68663,0
            -73.80285,42.68676,0
            -73.80289,42.68689,0
            -73.80294,42.68701,0
            -73.80298,42.68713,0
            -73.80302,42.6873,0
            -73.80302,42.6874,0
            -73.80299,42.6875,0
            -73.80297,42.68753,0
            -73.80296,42.68756,0
            -73.8029,42.68765,0
            -73.80287,42.68768,0
            -73.80281,42.68772,0
            -73.80273,42.68776,0
            -73.8027,42.68778,0
            -73.80264,42.6878,0
            -73.80256,42.68782,0
            -73.80252,42.68782,0
            -73.80246,42.68783,0
            -73.80237,42.68783,0
            -73.8023,42.68782,0
            -73.80225,42.68782,0
            -73.80219,42.6878,0
            -73.80214,42.68779,0
            -73.80209,42.68777,0
            -73.802,42.68772,0
            -73.80193,42.68767,0
            -73.8019,42.68763,0
            -73.80189,42.68762,0
            -73.80183,42.68752,0
            -73.8018,42.68742,0
            -73.8018,42.68738,0
            -73.80179,42.68735,0
            -73.8018,42.68732,0
            -73.80181,42.68727,0
            -73.80183,42.68724,0
            -73.80186,42.68718,0
            -73.80193,42.68711,0
            -73.80207,42.68701,0
            -73.80211,42.68699,0
            -73.80221,42.68697,0
            -73.80227,42.68695,0
            -73.80239,42.68693,0
            -73.8025,42.68692,0
            -73.80261,42.6869,0
            -73.80276,42.68683,0
            -73.80309,42.6868,0
            -73.80376,42.68677,0
            -73.80454,42.68678,0
            -73.80484,42.6868,0
            -73.80544,42.68686,0
            -73.80545,42.68687,0
            -73.80569,42.6869,0
            -73.80912,42.68755,0
            -73.80972,42.68765,0
            -73.80985,42.68768,0
            -73.81113,42.68792,0
            -73.8118,42.68808,0
            -73.81183,42.68808,0
            -73.81239,42.68823,0
            -73.81307,42.68844,0
            -73.81526,42.68923,0
            -73.81527,42.68923,0
            -73.81826,42.69032,0
            -73.8184,42.69038,0
            -73.82173,42.69158,0
            -73.8219,42.69165,0
            -73.82284,42.69199,0
            -73.82301,42.69204,0
            -73.82381,42.69232,0
            -73.82459,42.69256,0
            -73.82474,42.69262,0
            -73.82522,42.69276,0
            -73.82527,42.69278,0
            -73.8312,42.69442,0
            -73.8313,42.69449,0
            -73.83131,42.69449,0
            -73.83215,42.69476,0
            -73.83221,42.69479,0
            -73.83365,42.69531,0
            -73.83403,42.69548,0
            -73.83458,42.69582,0
            -73.83469,42.6959,0
            -73.83475,42.69596,0
            -73.83476,42.69596,0
            -73.83481,42.696,0
            -73.83488,42.69607,0
            -73.83497,42.69615,0
            -73.83512,42.6963,0
            -73.83519,42.69639,0
            -73.83521,42.69641,0
            -73.83529,42.69651,0
            -73.83532,42.69654,0
            -73.83548,42.69677,0
            -73.83552,42.69686,0
            -73.83555,42.6969,0
            -73.8356,42.697,0
            -73.83564,42.6971,0
            -73.83569,42.6972,0
            -73.83569,42.69721,0
            -73.83575,42.69737,0
            -73.83575,42.69738,0
            -73.83576,42.6974,0
            -73.83577,42.69743,0
            -73.8358,42.69757,0
            -73.83581,42.6976,0
            -73.83582,42.69767,0
            -73.83584,42.69775,0
            -73.83586,42.6979,0
            -73.83586,42.69823,0
            -73.83585,42.69834,0
            -73.83581,42.69861,0
            -73.83577,42.69872,0
            -73.83576,42.69878,0
            -73.83572,42.69888,0
            -73.83571,42.69893,0
            -73.83556,42.69928,0
            -73.83555,42.69932,0
            -73.83554,42.69932,0
            -73.83547,42.69949,0
            -73.83539,42.69966,0
            -73.83537,42.69972,0
            -73.83504,42.70043,0
            -73.83461,42.70118,0
            -73.8346,42.70121,0
            -73.83459,42.70122,0
            -73.83459,42.70124,0
            -73.83462,42.70135,0
            -73.83452,42.70149,0
            -73.83395,42.7024,0
            -73.83385,42.70254,0
            -73.83332,42.70338,0
            -73.83331,42.7034,0
            -73.83314,42.70365,0
            -73.8331,42.70372,0
            -73.83308,42.70374,0
            -73.83252,42.70451,0
            -73.83244,42.7046,0
            -73.83219,42.70491,0
            -73.83207,42.70504,0
            -73.83198,42.70516,0
            -73.83192,42.70522,0
            -73.83186,42.70532,0
            -73.83128,42.70593,0
            -73.83121,42.70599,0
            -73.83114,42.70607,0
            -73.83091,42.70628,0
            -73.8308,42.70639,0
            -73.83009,42.70704,0
            -73.82965,42.7074,0
            -73.82876,42.70806,0
            -73.82875,42.70806,0
            -73.8283,42.70837,0
            -73.82489,42.7105,0
            -73.82481,42.71054,0
            -73.82438,42.71082,0
            -73.82425,42.71089,0
            -73.82409,42.711,0
            -73.82172,42.71249,0
            -73.82166,42.71252,0
            -73.82124,42.71279,0
            -73.82082,42.71304,0
            -73.81934,42.71397,0
            -73.81915,42.71408,0
            -73.81909,42.71412,0
            -73.81905,42.71414,0
            -73.81879,42.7143,0
            -73.81878,42.71431,0
            -73.81771,42.71501,0
            -73.81708,42.71545,0
            -73.8166,42.71582,0
            -73.81651,42.7159,0
            -73.81601,42.7163,0
            -73.81473,42.71739,0
            -73.81453,42.71755,0
            -73.81446,42.71762,0
            -73.81436,42.7177,0
            -73.81429,42.71777,0
            -73.81418,42.71785,0
            -73.81411,42.71792,0
            -73.81248,42.71929,0
            -73.81205,42.71963,0
            -73.81157,42.71999,0
            -73.81155,42.72001,0
            -73.81081,42.72055,0
            -73.80993,42.72115,0
            -73.80876,42.72191,0
            -73.80818,42.72226,0
            -73.80665,42.72314,0
            -73.80563,42.72369,0
            -73.80553,42.72375,0
            -73.80529,42.72387,0
            -73.80521,42.72392,0
            -73.8038,42.72461,0
            -73.80358,42.7247,0
            -73.80334,42.72481,0
            -73.80244,42.72519,0
            -73.80228,42.72525,0
            -73.8022,42.72529,0
            -73.80089,42.72586,0
            -73.80083,42.72588,0
            -73.79943,42.7265,0
            -73.7994,42.72652,0
            -73.79421,42.72877,0
            -73.79335,42.72918,0
            -73.7929,42.72941,0
            -73.79244,42.72967,0
            -73.79243,42.72967,0
            -73.79234,42.72973,0
            -73.79211,42.72986,0
            -73.79114,42.73048,0
            -73.79075,42.73075,0
            -73.78982,42.73146,0
            -73.78928,42.73193,0
            -73.78863,42.73255,0
            -73.78494,42.73626,0
            -73.78494,42.73627,0
            -73.78178,42.73944,0
            -73.78163,42.7396,0
            -73.7816,42.73962,0
            -73.7816,42.73963,0
            -73.78153,42.73969,0
            -73.78151,42.73972,0
            -73.77787,42.74338,0
            -73.77753,42.74374,0
            -73.77424,42.74706,0
            -73.77357,42.74771,0
            -73.77292,42.74837,0
            -73.7725,42.74882,0
            -73.77197,42.74944,0
            -73.77015,42.75166,0
            -73.77007,42.75174,0
            -73.77,42.75184,0
            -73.7696,42.75231,0
            -73.76937,42.7526,0
            -73.76927,42.75271,0
            -73.7685,42.75364,0
            -73.76838,42.7538,0
            -73.7679,42.75437,0
            -73.76769,42.75464,0
            -73.76682,42.75569,0
            -73.76679,42.75572,0
            -73.76607,42.75659,0
            -73.7659,42.75681,0
            -73.76573,42.757,0
            -73.76573,42.75701,0
            -73.76542,42.75739,0
            -73.76507,42.75785,0
            -73.76505,42.75787,0
            -73.76485,42.75815,0
            -73.76482,42.75818,0
            -73.76437,42.75885,0
            -73.76421,42.75911,0
            -73.7642,42.75912,0
            -73.76396,42.75952,0
            -73.76395,42.75955,0
            -73.76388,42.75966,0
            -73.76371,42.75998,0
            -73.76368,42.76002,0
            -73.76361,42.76015,0
            -73.76352,42.76034,0
            -73.76342,42.76052,0
            -73.76328,42.76085,0
            -73.76312,42.76118,0
            -73.76289,42.76175,0
            -73.76285,42.76183,0
            -73.76277,42.76205,0
            -73.76275,42.76212,0
            -73.76273,42.76216,0
            -73.76254,42.76271,0
            -73.76252,42.76279,0
            -73.76248,42.7629,0
            -73.76241,42.76313,0
            -73.76232,42.76349,0
            -73.76231,42.76351,0
            -73.7623,42.76357,0
            -73.76224,42.7638,0
            -73.76216,42.76416,0
            -73.76216,42.76418,0
            -73.76204,42.76481,0
            -73.76193,42.76554,0
            -73.76182,42.76614,0
            -73.76167,42.76722,0
            -73.76132,42.76938,0
            -73.76131,42.76955,0
            -73.76089,42.77213,0
            -73.76074,42.77318,0
            -73.76061,42.77397,0
            -73.76058,42.7742,0
            -73.76042,42.77517,0
            -73.76032,42.77566,0
            -73.76031,42.77575,0
            -73.76019,42.77635,0
            -73.76013,42.7766,0
            -73.76,42.77728,0
            -73.75976,42.77828,0
            -73.75974,42.77839,0
            -73.75971,42.77849,0
            -73.75956,42.7791,0
            -73.75956,42.77911,0
            -73.75938,42.77981,0
            -73.75925,42.78025,0
            -73.75922,42.78038,0
            -73.7591,42.78081,0
            -73.75907,42.78089,0
            -73.75907,42.78092,0
            -73.75893,42.7814,0
            -73.75888,42.7816,0
            -73.75882,42.78179,0
            -73.75882,42.78182,0
            -73.75879,42.78192,0
            -73.75876,42.782,0
            -73.75856,42.78267,0
            -73.7585,42.7829,0
            -73.75846,42.78302,0
            -73.75822,42.78387,0
            -73.7582,42.78392,0
            -73.75812,42.7842,0
            -73.75811,42.78425,0
            -73.75796,42.78479,0
            -73.75795,42.78485,0
            -73.75792,42.78495,0
            -73.75783,42.78541,0
            -73.75779,42.7858,0
            -73.75778,42.78585,0
            -73.75778,42.78644,0
            -73.75779,42.78645,0
            -73.75782,42.78679,0
            -73.75784,42.7869,0
            -73.75784,42.78691,0
            -73.75791,42.78724,0
            -73.75797,42.78745,0
            -73.75812,42.7879,0
            -73.7582,42.78809,0
            -73.75837,42.78844,0
            -73.75857,42.78878,0
            -73.75858,42.78881,0
            -73.75869,42.78898,0
            -73.75891,42.78928,0
            -73.75897,42.78935,0
            -73.75902,42.78942,0
            -73.75935,42.7898,0
            -73.75984,42.79029,0
            -73.76061,42.79102,0
            -73.76063,42.79103,0
            -73.76076,42.79116,0
            -73.76101,42.79138,0
            -73.76191,42.79222,0
            -73.76206,42.79237,0
            -73.76211,42.79241,0
            -73.76284,42.79311,0
            -73.76292,42.79318,0
            -73.76317,42.79343,0
            -73.76325,42.79353,0
            -73.76335,42.79364,0
            -73.76339,42.79367,0
            -73.76348,42.79378,0
            -73.7635,42.7938,0
            -73.76359,42.79392,0
            -73.76367,42.79401,0
            -73.76389,42.79433,0
            -73.76391,42.79438,0
            -73.76397,42.79447,0
            -73.76409,42.7947,0
            -73.76421,42.79496,0
            -73.76427,42.79512,0
            -73.76429,42.79516,0
            -73.76432,42.79525,0
            -73.76441,42.79559,0
            -73.76444,42.79574,0
            -73.76446,42.79588,0
            -73.76447,42.79591,0
            -73.76449,42.79613,0
            -73.7645,42.79619,0
            -73.76452,42.79652,0
            -73.76452,42.79671,0
            -73.76453,42.7968,0
            -73.76455,42.79727,0
            -73.76455,42.79741,0
            -73.76464,42.79881,0
            -73.76464,42.79889,0
            -73.76465,42.79902,0
            -73.76465,42.79933,0
            -73.76466,42.79945,0
            -73.76466,42.79964,0
            -73.76469,42.80021,0
            -73.76471,42.80041,0
            -73.76471,42.80061,0
            -73.76475,42.8011,0
            -73.76478,42.80174,0
            -73.76479,42.80182,0
            -73.76481,42.80232,0
            -73.76482,42.8024,0
            -73.76491,42.80417,0
            -73.76493,42.80437,0
            -73.76493,42.80449,0
            -73.76502,42.80592,0
            -73.76505,42.80613,0
            -73.76505,42.80618,0
            -73.76515,42.8069,0
            -73.76522,42.80729,0
            -73.76522,42.80732,0
            -73.76526,42.80753,0
            -73.7654,42.80811,0
            -73.76548,42.80839,0
            -73.76548,42.8084,0
            -73.76552,42.80853,0
            -73.76561,42.80888,0
            -73.76567,42.80907,0
            -73.76575,42.80938,0
            -73.76582,42.80961,0
            -73.76584,42.80966,0
            -73.76589,42.80983,0
            -73.76593,42.81,0
            -73.7661,42.81059,0
            -73.76615,42.81081,0
            -73.76627,42.81125,0
            -73.76638,42.81175,0
            -73.7664,42.81188,0
            -73.76645,42.81211,0
            -73.76647,42.81226,0
            -73.76657,42.81283,0
            -73.76675,42.81419,0
            -73.76684,42.8152,0
            -73.76684,42.81531,0
            -73.76688,42.81571,0
            -73.76689,42.81593,0
            -73.76693,42.81636,0
            -73.76693,42.81647,0
            -73.76699,42.81711,0
            -73.767,42.81733,0
            -73.76707,42.81808,0
            -73.76708,42.81827,0
            -73.76709,42.81831,0
            -73.76712,42.81868,0
            -73.76715,42.8189,0
            -73.76715,42.81896,0
            -73.76716,42.81901,0
            -73.76716,42.81906,0
            -73.7672,42.81946,0
            -73.7672,42.81957,0
            -73.76725,42.82011,0
            -73.76725,42.82022,0
            -73.76728,42.82054,0
            -73.76728,42.82059,0
            -73.76731,42.82077,0
            -73.76733,42.82098,0
            -73.76752,42.82195,0
            -73.76767,42.8225,0
            -73.76769,42.82255,0
            -73.7677,42.82261,0
            -73.76778,42.82285,0
            -73.7678,42.82293,0
            -73.76794,42.82336,0
            -73.76802,42.82357,0
            -73.76806,42.8237,0
            -73.76809,42.82377,0
            -73.76809,42.82379,0
            -73.76817,42.824,0
            -73.7682,42.82411,0
            -73.76827,42.8243,0
            -73.76828,42.82432,0
            -73.76831,42.82442,0
            -73.76835,42.82452,0
            -73.76838,42.82463,0
            -73.76849,42.82492,0
            -73.76849,42.82494,0
            -73.76853,42.82506,0
            -73.76857,42.82516,0
            -73.76864,42.82538,0
            -73.76871,42.82556,0
            -73.76878,42.82579,0
            -73.76886,42.82601,0
            -73.76888,42.82609,0
            -73.76889,42.82611,0
            -73.76895,42.82632,0
            -73.76896,42.82637,0
            -73.76898,42.82643,0
            -73.76901,42.82655,0
            -73.76907,42.82674,0
            -73.76909,42.82686,0
            -73.76912,42.82697,0
            -73.76914,42.82707,0
            -73.76914,42.82708,0
            -73.76923,42.82749,0
            -73.76923,42.82752,0
            -73.76929,42.82784,0
            -73.76931,42.82804,0
            -73.76932,42.82807,0
            -73.76933,42.82818,0
            -73.76936,42.82838,0
            -73.76938,42.82861,0
            -73.76938,42.82864,0
            -73.76939,42.82873,0
            -73.76939,42.82879,0
            -73.7694,42.82883,0
            -73.76948,42.82969,0
            -73.76948,42.8298,0
            -73.7695,42.83004,0
            -73.76951,42.83005,0
            -73.76951,42.83013,0
            -73.76952,42.83026,0
            -73.76953,42.83033,0
            -73.76954,42.83047,0
            -73.76955,42.83054,0
            -73.76957,42.83084,0
            -73.76959,42.83101,0
            -73.76959,42.83112,0
            -73.7696,42.83121,0
            -73.7696,42.83124,0
            -73.76963,42.83154,0
            -73.76963,42.83165,0
            -73.7697,42.83244,0
            -73.7697,42.83254,0
            -73.76971,42.83261,0
            -73.76971,42.83265,0
            -73.76974,42.83296,0
            -73.76974,42.83304,0
            -73.76975,42.83307,0
            -73.76976,42.8332,0
            -73.76976,42.83328,0
            -73.76977,42.83341,0
            -73.76979,42.83356,0
            -73.76979,42.83364,0
            -73.76989,42.83437,0
            -73.76989,42.83439,0
            -73.77001,42.83505,0
            -73.77003,42.83512,0
            -73.77006,42.83531,0
            -73.77026,42.83619,0
            -73.77028,42.83626,0
            -73.7703,42.83637,0
            -73.77036,42.83658,0
            -73.77037,42.83664,0
            -73.77039,42.83669,0
            -73.77061,42.83749,0
            -73.77069,42.83774,0
            -73.77072,42.83787,0
            -73.77095,42.83869,0
            -73.77096,42.83874,0
            -73.7713,42.84,0
            -73.77132,42.84011,0
            -73.77133,42.84013,0
            -73.77136,42.84028,0
            -73.77139,42.84038,0
            -73.77143,42.84059,0
            -73.77145,42.84067,0
            -73.77155,42.8412,0
            -73.77155,42.84122,0
            -73.7716,42.8415,0
            -73.7716,42.84155,0
            -73.77162,42.84166,0
            -73.7717,42.84226,0
            -73.77181,42.84329,0
            -73.77183,42.8434,0
            -73.77191,42.84406,0
            -73.77191,42.84408,0
            -73.77202,42.84506,0
            -73.77203,42.84507,0
            -73.77217,42.84626,0
            -73.77217,42.84633,0
            -73.7722,42.84651,0
            -73.77226,42.84701,0
            -73.77245,42.84809,0
            -73.77263,42.84897,0
            -73.77289,42.8501,0
            -73.7729,42.85013,0
            -73.7731,42.85105,0
            -73.77312,42.8511,0
            -73.77354,42.85299,0
            -73.77376,42.85419,0
            -73.77379,42.85431,0
            -73.77381,42.85443,0
            -73.77381,42.85445,0
            -73.77469,42.85955,0
            -73.7747,42.85966,0
            -73.77482,42.86036,0
            -73.77482,42.86041,0
            -73.77485,42.86057,0
            -73.77485,42.8606,0
            -73.7749,42.86084,0
            -73.77588,42.86684,0
            -73.77591,42.86698,0
            -73.77599,42.86752,0
            -73.77621,42.8688,0
            -73.77629,42.86934,0
            -73.77631,42.86942,0
            -73.77638,42.86987,0
            -73.7764,42.86995,0
            -73.77653,42.87076,0
            -73.77655,42.87085,0
            -73.77669,42.87174,0
            -73.77674,42.87199,0
            -73.77737,42.87638,0
            -73.77738,42.87649,0
            -73.77744,42.87681,0
            -73.7775,42.87725,0
            -73.77751,42.87737,0
            -73.77782,42.87955,0
            -73.77785,42.87971,0
            -73.77839,42.88346,0
            -73.7784,42.8835,0
            -73.7784,42.88355,0
            -73.77857,42.88477,0
            -73.7786,42.88493,0
            -73.7788,42.88641,0
            -73.77883,42.88658,0
            -73.77959,42.89199,0
            -73.7796,42.89202,0
            -73.77965,42.89234,0
            -73.77978,42.89299,0
            -73.77989,42.89345,0
            -73.78021,42.89446,0
            -73.78056,42.89534,0
            -73.7808,42.89583,0
            -73.78087,42.89599,0
            -73.78111,42.89644,0
            -73.78164,42.8973,0
            -73.78169,42.89739,0
            -73.78208,42.89793,0
            -73.78251,42.89849,0
            -73.78946,42.90717,0
            -73.7897,42.90749,0
            -73.79084,42.90891,0
            -73.79091,42.90898,0
            -73.79102,42.90913,0
            -73.79115,42.90928,0
            -73.79139,42.90958,0
            -73.7914,42.9096,0
            -73.79728,42.91697,0
            -73.79779,42.91764,0
            -73.79797,42.91786,0
            -73.79836,42.91841,0
            -73.79854,42.91869,0
            -73.79861,42.91878,0
            -73.79881,42.91908,0
            -73.79921,42.91972,0
            -73.79968,42.92051,0
            -73.79968,42.92052,0
            -73.7998,42.92071,0
            -73.80016,42.92138,0
            -73.80017,42.92141,0
            -73.80043,42.92191,0
            -73.80052,42.92211,0
            -73.80054,42.92213,0
            -73.80073,42.92253,0
            -73.80124,42.92369,0
            -73.80126,42.92375,0
            -73.80137,42.92402,0
            -73.8017,42.92491,0
            -73.80194,42.92563,0
            -73.80203,42.92594,0
            -73.80203,42.92595,0
            -73.80227,42.92678,0
            -73.80227,42.92679,0
            -73.80255,42.92799,0
            -73.80276,42.92915,0
            -73.804,42.93679,0
            -73.804,42.93681,0
            -73.80512,42.94374,0
            -73.80514,42.94396,0
            -73.80516,42.94408,0
            -73.80521,42.94469,0
            -73.80522,42.94552,0
            -73.80516,42.94642,0
            -73.80512,42.94676,0
            -73.80507,42.94709,0
            -73.80493,42.94785,0
            -73.80483,42.94827,0
            -73.80464,42.9489,0
            -73.80433,42.94979,0
            -73.8043,42.94986,0
            -73.80398,42.95074,0
            -73.80395,42.95084,0
            -73.80255,42.95469,0
            -73.80255,42.9547,0
            -73.80239,42.95514,0
            -73.80237,42.95522,0
            -73.80235,42.95527,0
            -73.80204,42.95623,0
            -73.80204,42.95625,0
            -73.80191,42.95669,0
            -73.8019,42.95674,0
            -73.80183,42.95699,0
            -73.80161,42.95793,0
            -73.80161,42.95795,0
            -73.80151,42.9584,0
            -73.80149,42.95853,0
            -73.80148,42.95856,0
            -73.80137,42.95921,0
            -73.80133,42.95951,0
            -73.80131,42.95961,0
            -73.8013,42.95974,0
            -73.80129,42.95976,0
            -73.80123,42.96026,0
            -73.8011,42.9618,0
            -73.80109,42.96235,0
            -73.80108,42.96246,0
            -73.80108,42.96316,0
            -73.80109,42.96321,0
            -73.80109,42.96355,0
            -73.8011,42.96365,0
            -73.8011,42.96384,0
            -73.80112,42.96432,0
            -73.80113,42.96442,0
            -73.80113,42.96448,0
            -73.80114,42.96453,0
            -73.80116,42.96487,0
            -73.80118,42.96504,0
            -73.80118,42.96508,0
            -73.80167,42.97034,0
            -73.80167,42.97041,0
            -73.80169,42.97056,0
            -73.8017,42.97074,0
            -73.80171,42.97077,0
            -73.80171,42.9708,0
            -73.8018,42.97181,0
            -73.80181,42.97187,0
            -73.80182,42.97206,0
            -73.80196,42.97334,0
            -73.80196,42.97342,0
            -73.80202,42.97403,0
            -73.80204,42.97414,0
            -73.80206,42.97434,0
            -73.80206,42.97442,0
            -73.80216,42.9755,0
            -73.80216,42.97557,0
            -73.80235,42.97754,0
            -73.80237,42.97784,0
            -73.80239,42.97798,0
            -73.80241,42.97824,0
            -73.80243,42.97839,0
            -73.8025,42.97923,0
            -73.80251,42.9793,0
            -73.80254,42.97966,0
            -73.80256,42.97977,0
            -73.80257,42.97989,0
            -73.80257,42.98,0
            -73.80283,42.98279,0
            -73.80288,42.98321,0
            -73.80292,42.98376,0
            -73.80323,42.98708,0
            -73.80325,42.98722,0
            -73.80337,42.9886,0
            -73.80337,42.98869,0
            -73.80341,42.98923,0
            -73.80341,42.98935,0
            -73.80342,42.98947,0
            -73.80342,42.98958,0
            -73.80344,42.98991,0
            -73.80346,42.99077,0
            -73.80347,42.99087,0
            -73.80347,42.9913,0
            -73.80346,42.99149,0
            -73.80345,42.99268,0
            -73.80344,42.99289,0
            -73.80344,42.99312,0
            -73.80343,42.99318,0
            -73.80338,42.99444,0
            -73.80333,42.99507,0
            -73.80333,42.99518,0
            -73.80322,42.99651,0
            -73.80317,42.99695,0
            -73.80315,42.99721,0
            -73.80307,42.99791,0
            -73.80304,42.9981,0
            -73.80303,42.99825,0
            -73.80299,42.9985,0
            -73.80293,42.999,0
            -73.80261,43.00105,0
            -73.80256,43.00127,0
            -73.80254,43.0014,0
            -73.80249,43.00162,0
            -73.80247,43.00176,0
            -73.80245,43.00184,0
            -73.80245,43.00186,0
            -73.80241,43.00206,0
            -73.80238,43.00227,0
            -73.80231,43.00262,0
            -73.80227,43.00277,0
            -73.80227,43.00281,0
            -73.80221,43.00303,0
            -73.80212,43.00342,0
            -73.80212,43.00344,0
            -73.80206,43.00373,0
            -73.80204,43.00378,0
            -73.80202,43.00391,0
            -73.802,43.00398,0
            -73.802,43.00399,0
            -73.80199,43.00405,0
            -73.80195,43.0042,0
            -73.80195,43.00424,0
            -73.80194,43.00426,0
            -73.80193,43.00431,0
            -73.80192,43.00434,0
            -73.80188,43.00453,0
            -73.80186,43.00459,0
            -73.80176,43.00502,0
            -73.80175,43.00505,0
            -73.80169,43.00531,0
            -73.80165,43.00545,0
            -73.80164,43.0055,0
            -73.8016,43.00561,0
            -73.80156,43.00578,0
            -73.80151,43.00594,0
            -73.80138,43.00645,0
            -73.8013,43.00672,0
            -73.80128,43.00682,0
            -73.80125,43.0069,0
            -73.80117,43.00719,0
            -73.80104,43.0076,0
            -73.80083,43.00833,0
            -73.80067,43.00878,0
            -73.80062,43.00897,0
            -73.80024,43.01008,0
            -73.80018,43.01029,0
            -73.80005,43.01064,0
            -73.80005,43.01065,0
            -73.79993,43.01095,0
            -73.79986,43.01116,0
            -73.79952,43.01203,0
            -73.7993,43.01252,0
            -73.79902,43.01308,0
            -73.79899,43.01313,0
            -73.79884,43.01343,0
            -73.79865,43.01375,0
            -73.79847,43.01408,0
            -73.79846,43.01411,0
            -73.79839,43.01421,0
            -73.79837,43.01425,0
            -73.7979,43.015,0
            -73.79725,43.01592,0
            -73.79673,43.01659,0
            -73.79631,43.0171,0
            -73.79616,43.01726,0
            -73.79568,43.01781,0
            -73.79513,43.01836,0
            -73.795,43.01848,0
            -73.79493,43.01857,0
            -73.79426,43.01919,0
            -73.79347,43.01988,0
            -73.79043,43.02228,0
            -73.79035,43.02228,0
            -73.79026,43.0223,0
            -73.79023,43.02232,0
            -73.79018,43.02234,0
            -73.79012,43.02237,0
            -73.79004,43.0224,0
            -73.78987,43.02245,0
            -73.78985,43.02245,0
            -73.7898,43.02246,0
            -73.78975,43.02246,0
            -73.78966,43.02247,0
            -73.78952,43.02247,0
            -73.78938,43.02245,0
            -73.78936,43.02244,0
            -73.78928,43.02242,0
            -73.7892,43.02239,0
            -73.78919,43.02238,0
            -73.78917,43.02238,0
            -73.78902,43.02229,0
            -73.78894,43.02221,0
            -73.78886,43.02212,0
            -73.78882,43.02206,0
            -73.78878,43.02198,0
            -73.78875,43.02179,0
            -73.78875,43.02163,0
            -73.7888,43.02147,0
            -73.78887,43.0213,0
            -73.7889,43.02125,0
            -73.78897,43.02116,0
            -73.78919,43.02093,0
            -73.78928,43.02086,0
            -73.7895,43.02073,0
            -73.78969,43.02065,0
            -73.78997,43.02056,0
            -73.79006,43.02055,0
            -73.79023,43.02052,0
            -73.79025,43.02052,0
            -73.79033,43.02051,0
            -73.79051,43.02051,0
            -73.79063,43.02054,0
            -73.79071,43.02055,0
            -73.79078,43.02057,0
            -73.7908,43.02058,0
            -73.79094,43.02063,0
            -73.7911,43.02076,0
            -73.79131,43.02107,0
            -73.79162,43.02262,0
            -73.79176,43.02317,0
            -73.79209,43.02487,0
            -73.79211,43.02501,0
            -73.79219,43.02541,0
            -73.79222,43.02552,0
            -73.79224,43.02565,0
            -73.79233,43.02606,0
            -73.79239,43.02646,0
            -73.7924,43.02658,0
            -73.7924,43.02664,0
            -73.79241,43.02676,0
            -73.7924,43.02688,0
            -73.7924,43.02704,0
            -73.79239,43.02714,0
            -73.79239,43.02718,0
            -73.79238,43.02719,0
            -73.79235,43.02736,0
            -73.79234,43.02739,0
            -73.79232,43.02751,0
            -73.79231,43.02753,0
            -73.79226,43.02773,0
            -73.79218,43.02793,0
            -73.79208,43.02814,0
            -73.79193,43.02841,0
            -73.79178,43.02864,0
            -73.79079,43.03,0
            -73.79077,43.03004,0
            -73.79027,43.03073,0
            -73.79015,43.03094,0
            -73.79011,43.031,0
            -73.79005,43.03113,0
            -73.78998,43.03125,0
            -73.78991,43.03139,0
            -73.78989,43.03144,0
            -73.78982,43.03157,0
            -73.7897,43.03186,0
            -73.78954,43.03218,0
            -73.78946,43.03236,0
            -73.78944,43.03239,0
            -73.78938,43.03257,0
            -73.78937,43.03258,0
            -73.78933,43.03274,0
            -73.78932,43.03276,0
            -73.78929,43.03289,0
            -73.78925,43.03322,0
            -73.78925,43.03328,0
            -73.78924,43.03342,0
            -73.78924,43.03353,0
            -73.78926,43.03375,0
            -73.78928,43.03386,0
            -73.78941,43.03491,0
            -73.78942,43.03492,0
            -73.78942,43.03493,0
            -73.78943,43.03494,0
            -73.7895,43.03506,0
            -73.79004,43.03863,0
            -73.79005,43.03875,0
            -73.79008,43.03887,0
            -73.79017,43.03936,0
            -73.79019,43.03943,0
            -73.79019,43.03944,0
            -73.79026,43.03984,0
            -73.79029,43.03996,0
            -73.79029,43.03997,0
            -73.79043,43.04068,0
            -73.79043,43.04069,0
            -73.79046,43.04079,0
            -73.79058,43.04144,0
            -73.79063,43.04166,0
            -73.79064,43.04169,0
            -73.79064,43.04171,0
            -73.79067,43.04185,0
            -73.79072,43.04221,0
            -73.79074,43.04257,0
            -73.79074,43.04282,0
            -73.79073,43.0429,0
            -73.79073,43.04299,0
            -73.79072,43.04303,0
            -73.79072,43.04313,0
            -73.79071,43.04317,0
            -73.79069,43.04337,0
            -73.79062,43.04374,0
            -73.79048,43.0442,0
            -73.79044,43.04429,0
            -73.79036,43.04451,0
            -73.7903,43.04464,0
            -73.7903,43.04465,0
            -73.7902,43.04488,0
            -73.79012,43.04509,0
            -73.78967,43.04615,0
            -73.78966,43.04616,0
            -73.78939,43.0468,0
            -73.7891,43.04755,0
            -73.78902,43.04782,0
            -73.78885,43.04828,0
            -73.7888,43.04844,0
            -73.78871,43.04869,0
            -73.78856,43.04919,0
            -73.78842,43.04961,0
            -73.78831,43.05005,0
            -73.78824,43.05053,0
            -73.78823,43.05068,0
            -73.78821,43.05081,0
            -73.78805,43.05381,0
            -73.78804,43.0539,0
            -73.78781,43.05819,0
            -73.78776,43.0583,0
            -73.78775,43.05833,0
            -73.78775,43.05859,0
            -73.78774,43.0587,0
            -73.78774,43.05881,0
            -73.78779,43.05938,0
            -73.7878,43.05942,0
            -73.7878,43.05947,0
            -73.78781,43.05951,0
            -73.78783,43.05979,0
            -73.78788,43.0601,0
            -73.78789,43.06022,0
            -73.78819,43.06219,0
            -73.78819,43.06223,0
            -73.78826,43.06274,0
            -73.7883,43.06297,0
            -73.78834,43.06332,0
            -73.78834,43.06334,0
            -73.78876,43.06588,0
            -73.78879,43.06612,0
            -73.78902,43.0675,0
            -73.78904,43.06767,0
            -73.78912,43.06767,0
            -73.78917,43.06766,0
            -73.78967,43.06764,0
            -73.78988,43.06764,0
            -73.7905,43.06761,0
            -73.79063,43.06761,0
            -73.79076,43.0676,0
            -73.79089,43.0676,0
            -73.79106,43.06758,0
            -73.79124,43.06757,0
            -73.79145,43.06754,0
            -73.79204,43.06749,0
            -73.79213,43.0675,0
            -73.79219,43.0675,0
            -73.79249,43.06755,0
            -73.7925,43.06756,0
            -73.79312,43.06784,0
            -73.79387,43.06823,0
            -73.79443,43.06848,0
            -73.79457,43.06855,0
            -73.79468,43.06859,0
            -73.79487,43.06863,0
            -73.79519,43.06863,0
            -73.79725,43.06846,0
            -73.79742,43.06846,0
            -73.79756,43.0685,0
            -73.79759,43.06852,0
            -73.7977,43.06855,0
            -73.79863,43.06887,0
            -73.80116,43.06984,0
            -73.80124,43.06988,0
            -73.80172,43.07006,0
            -73.80205,43.07017,0
            -73.80206,43.07017,0
            -73.80236,43.07024,0
            -73.80244,43.07073,0
            -73.80246,43.07081,0
            -73.80268,43.07202,0
            -73.80271,43.07227,0
            -73.80287,43.07324,0
            -73.8029,43.07338,0
            -73.80303,43.07418,0
            -73.80303,43.07422,0
            -73.80318,43.07507,0
            -73.80322,43.07537,0
            -73.80326,43.07556,0
            -73.80327,43.07569,0
            -73.80341,43.07648,0
            -73.80343,43.07663,0
            -73.80347,43.07683,0
            -73.80353,43.07723,0
            -73.80356,43.07736,0
            -73.8036,43.07769,0
            -73.80363,43.07783,0
            -73.80393,43.07996,0
            -73.80393,43.08001,0
            -73.80394,43.08004,0
            -73.80394,43.08007,0
            -73.80401,43.08052,0
            -73.80403,43.0807,0
            -73.80405,43.08081,0
            -73.80405,43.08085,0
            -73.80406,43.08088,0
            -73.8041,43.0812,0
            -73.80416,43.08156,0
            -73.80416,43.08159,0
            -73.80442,43.08333,0
            -73.80442,43.08336,0
            -73.80462,43.08461,0
            -73.80462,43.08465,0
            -73.80463,43.08476,0
            -73.80462,43.08515,0
            -73.80508,43.08518,0
            -73.80514,43.08519,0
            -73.80583,43.08523,0
            -73.80631,43.08528,0
            -73.8108,43.08563,0
            -73.81133,43.08566,0
            -73.8114,43.08567,0
            -73.81595,43.086,0
            -73.81635,43.08604,0
            -73.81866,43.0862,0
            -73.81868,43.08621,0
            -73.81887,43.08623,0
            -73.81897,43.08625,0
            -73.81899,43.08626,0
            -73.81916,43.08629,0
            -73.81926,43.08632,0
            -73.81931,43.08633,0
            -73.81962,43.08642,0
            -73.82181,43.08716,0
            -73.82208,43.08724,0
            -73.82248,43.08738,0
            -73.82252,43.08739,0
            -73.82624,43.08863,0
            -73.82654,43.08875,0
            -73.82677,43.08883,0
            -73.83075,43.09053,0
            -73.83161,43.09092,0
            -73.83244,43.09135,0
            -73.83304,43.09173,0
            -73.83321,43.09185,0
            -73.83396,43.09243,0
            -73.83511,43.0935,0
            -73.83587,43.09416,0
            -73.83683,43.09488,0
            -73.8371,43.09515,0
            -73.8373,43.09538,0
            -73.83744,43.09557,0
            -73.84452,43.09499,0
            -73.84457,43.09498,0
            -73.84502,43.09496,0
            -73.84531,43.09496,0
            -73.84575,43.09498,0
            -73.84618,43.09503,0
            -73.84637,43.09506,0
            -73.84671,43.09513,0
            -73.84672,43.09513,0
            -73.84697,43.09519,0
            -73.84672,43.09513,0
            -73.84671,43.09513,0
            -73.84637,43.09506,0
            -73.84618,43.09503,0
            -73.84575,43.09498,0
            -73.84531,43.09496,0
            -73.84502,43.09496,0
            -73.84457,43.09498,0
            -73.84452,43.09499,0
            -73.83744,43.09557,0
            -73.8373,43.09538,0
            -73.8371,43.09515,0
            -73.83683,43.09488,0
            -73.83587,43.09416,0
            -73.83511,43.0935,0
            -73.83396,43.09243,0
            -73.83321,43.09185,0
            -73.83304,43.09173,0
            -73.83244,43.09135,0
            -73.83161,43.09092,0
            -73.83075,43.09053,0
            -73.82677,43.08883,0
            -73.82654,43.08875,0
            -73.82624,43.08863,0
            -73.82252,43.08739,0
            -73.82248,43.08738,0
            -73.82208,43.08724,0
            -73.82181,43.08716,0
            -73.81962,43.08642,0
            -73.81931,43.08633,0
            -73.81926,43.08632,0
            -73.81916,43.08629,0
            -73.81899,43.08626,0
            -73.81897,43.08625,0
            -73.81887,43.08623,0
            -73.81868,43.08621,0
            -73.81866,43.0862,0
            -73.81635,43.08604,0
            -73.81595,43.086,0
            -73.8114,43.08567,0
            -73.81133,43.08566,0
            -73.8108,43.08563,0
            -73.80631,43.08528,0
            -73.80583,43.08523,0
            -73.80514,43.08519,0
            -73.80508,43.08518,0
            -73.80462,43.08515,0
            -73.80463,43.08476,0
            -73.80462,43.08465,0
            -73.80462,43.08461,0
            -73.80442,43.08336,0
            -73.80442,43.08333,0
            -73.80416,43.08159,0
            -73.80416,43.08156,0
            -73.8041,43.0812,0
            -73.80406,43.08088,0
            -73.80405,43.08085,0
            -73.80405,43.08081,0
            -73.80403,43.0807,0
            -73.80401,43.08052,0
            -73.80394,43.08007,0
            -73.80394,43.08004,0
            -73.80393,43.08001,0
            -73.80393,43.07996,0
            -73.80363,43.07783,0
            -73.8036,43.07769,0
            -73.80356,43.07736,0
            -73.80353,43.07723,0
            -73.80347,43.07683,0
            -73.80343,43.07663,0
            -73.80341,43.07648,0
            -73.80327,43.07569,0
            -73.80326,43.07556,0
            -73.80322,43.07537,0
            -73.80318,43.07507,0
            -73.80303,43.07422,0
            -73.80303,43.07418,0
            -73.8029,43.07338,0
            -73.80287,43.07324,0
            -73.80271,43.07227,0
            -73.80268,43.07202,0
            -73.80246,43.07081,0
            -73.80244,43.07073,0
            -73.80226,43.06954,0
            -73.80141,43.06459,0
            -73.80141,43.06448,0
            -73.80142,43.0644,0
            -73.80142,43.06434,0
            -73.80151,43.06406,0
            -73.80157,43.06395,0
            -73.80192,43.06343,0
            -73.80204,43.06328,0
            -73.8025,43.06264,0
            -73.80279,43.06221,0
            -73.80284,43.06209,0
            -73.80287,43.06194,0
            -73.80288,43.06184,0
            -73.80288,43.06176,0
            -73.80287,43.06162,0
            -73.80286,43.0616,0
            -73.8028,43.06125,0
            -73.80304,43.06118,0
            -73.80328,43.06109,0
            -73.80354,43.06098,0
            -73.8037,43.0609,0
            -73.80375,43.06088,0
            -73.80396,43.06077,0
            -73.80436,43.06052,0
            -73.80536,43.05977,0
            -73.80539,43.05974,0
            -73.80645,43.05893,0
            -73.80739,43.05816,0
            -73.80742,43.05812,0
            -73.80771,43.05788,0
            -73.80761,43.05785,0
            -73.80758,43.05785,0
            -73.80753,43.05783,0
            -73.80708,43.05772,0
            -73.80706,43.05772,0
            -73.80698,43.0577,0
            -73.80652,43.05761,0
            -73.80634,43.05759,0
            -73.80632,43.05758,0
            -73.80615,43.05756,0
            -73.80612,43.05756,0
            -73.80592,43.05754,0
            -73.80557,43.05749,0
            -73.80525,43.05747,0
            -73.80508,43.05747,0
            -73.80481,43.05749,0
            -73.80263,43.05791,0
            -73.80229,43.05794,0
            -73.80215,43.05796,0
            -73.80159,43.058,0
            -73.8016,43.05785,0
            -73.80156,43.05744,0
            -73.80155,43.05739,0
            -73.80155,43.05736,0
            -73.80141,43.05691,0
            -73.8014,43.05689,0
            -73.8014,43.05685,0
            -73.80139,43.05681,0
            -73.80136,43.05631,0
            -73.80135,43.05622,0
            -73.80132,43.05608,0
            -73.8013,43.05605,0
            -73.80128,43.05603,0
            -73.80125,43.05598,0
            -73.80118,43.05593,0
            -73.80109,43.05588,0
            -73.80104,43.05587,0
            -73.80099,43.05585,0
            -73.8008,43.05581,0
            -73.80069,43.05578,0
            -73.8005,43.05575,0
            -73.80024,43.05568,0
            -73.80016,43.05564,0
            -73.80008,43.05559,0
            -73.80002,43.05556,0
            -73.79997,43.05551,0
            -73.79994,43.05546,0
            -73.79992,43.05541,0
            -73.79991,43.05536,0
            -73.79992,43.0553,0
            -73.79994,43.05526,0
            -73.79995,43.05523,0
            -73.79996,43.05521,0
            -73.79998,43.05519,0
            -73.80002,43.05516,0
            -73.80007,43.05513,0
            -73.80025,43.05504,0
            -73.8003,43.05501,0
            -73.80039,43.05492,0
            -73.8004,43.0549,0
            -73.80042,43.05488,0
            -73.80044,43.05485,0
            -73.80045,43.05482,0
            -73.80047,43.05479,0
            -73.80047,43.05459,0
            -73.80041,43.05376,0
            -73.80041,43.05349,0
            -73.80032,43.05344,0
            -73.8003,43.05344,0
            -73.80028,43.05343,0
            -73.80022,43.05343,0
            -73.8002,43.05342,0
            -73.80011,43.05342,0
            -73.80009,43.05341,0
            -73.80006,43.05341,0
            -73.80004,43.0534,0
            -73.8,43.05339,0
            -73.79981,43.05342,0
            -73.79914,43.05348,0
            -73.79909,43.05348,0
            -73.79899,43.05352,0
            -73.79895,43.05353,0
            -73.7989,43.05355,0
            -73.79885,43.05358,0
            -73.79883,43.0536,0
            -73.7988,43.05361,0
            -73.79857,43.05384,0
            -73.79852,43.05388,0
            -73.79848,43.05392,0
            -73.79833,43.05401,0
            -73.79832,43.05401,0
            -73.79824,43.05404,0
            -73.79798,43.05408,0
            -73.79794,43.05409,0
            -73.79798,43.05408,0
            -73.79824,43.05404,0
            -73.79832,43.05401,0
            -73.79833,43.05401,0
            -73.79848,43.05392,0
            -73.79852,43.05388,0
            -73.79857,43.05384,0
            -73.7988,43.05361,0
            -73.79883,43.0536,0
            -73.79885,43.05358,0
            -73.7989,43.05355,0
            -73.79895,43.05353,0
            -73.79899,43.05352,0
            -73.79909,43.05348,0
            -73.79914,43.05348,0
            -73.79981,43.05342,0
            -73.8,43.05339,0
            -73.80004,43.0534,0
            -73.80006,43.05341,0
            -73.80009,43.05341,0
            -73.80011,43.05342,0
            -73.8002,43.05342,0
            -73.80022,43.05343,0
            -73.80028,43.05343,0
            -73.8003,43.05344,0
            -73.80032,43.05344,0
            -73.80041,43.05349,0
            -73.80041,43.05376,0
            -73.80047,43.05459,0
            -73.80047,43.05479,0
            -73.80045,43.05482,0
            -73.80044,43.05485,0
            -73.80042,43.05488,0
            -73.8004,43.0549,0
            -73.80039,43.05492,0
            -73.8003,43.05501,0
            -73.80025,43.05504,0
            -73.80007,43.05513,0
            -73.80002,43.05516,0
            -73.79998,43.05519,0
            -73.79996,43.05521,0
            -73.79995,43.05523,0
            -73.79994,43.05526,0
            -73.79992,43.0553,0
            -73.79991,43.05536,0
            -73.79992,43.05541,0
            -73.79994,43.05546,0
            -73.79997,43.05551,0
            -73.80002,43.05556,0
            -73.80008,43.05559,0
            -73.80016,43.05564,0
            -73.80024,43.05568,0
            -73.8005,43.05575,0
            -73.80069,43.05578,0
            -73.8008,43.05581,0
            -73.80099,43.05585,0
            -73.80104,43.05587,0
            -73.80109,43.05588,0
            -73.80118,43.05593,0
            -73.80125,43.05598,0
            -73.80128,43.05603,0
            -73.8013,43.05605,0
            -73.80132,43.05608,0
            -73.80135,43.05622,0
            -73.80136,43.05631,0
            -73.80139,43.05681,0
            -73.8014,43.05685,0
            -73.8014,43.05689,0
            -73.80141,43.05691,0
            -73.80155,43.05736,0
            -73.80155,43.05739,0
            -73.80156,43.05744,0
            -73.8016,43.05785,0
            -73.80159,43.058,0
            -73.80159,43.05809,0
            -73.80151,43.05858,0
            -73.8013,43.05875,0
            -73.80115,43.05886,0
            -73.80099,43.05899,0
            -73.79962,43.06002,0
            -73.79954,43.06009,0
            -73.7995,43.06012,0
            -73.79945,43.06015,0
            -73.79862,43.0608,0
            -73.79799,43.06127,0
            -73.79771,43.06146,0
            -73.79663,43.06229,0
            -73.79639,43.06254,0
            -73.79632,43.06259,0
            -73.79626,43.06265,0
            -73.7961,43.06277,0
            -73.79583,43.06299,0
            -73.79566,43.06311,0
            -73.79566,43.06312,0
            -73.79541,43.0633,0
            -73.79529,43.06336,0
            -73.79528,43.06337,0
            -73.79514,43.06345,0
            -73.79483,43.06356,0
            -73.79436,43.06366,0
            -73.7943,43.06366,0
            -73.79417,43.06368,0
            -73.79381,43.06368,0
            -73.79357,43.06366,0
            -73.79343,43.06364,0
            -73.79305,43.06356,0
            -73.79263,43.06345,0
            -73.79234,43.06336,0
            -73.79182,43.06323,0
            -73.79148,43.06316,0
            -73.79125,43.06313,0
            -73.79101,43.06311,0
            -73.79093,43.06311,0
            -73.79087,43.0631,0
            -73.78969,43.06311,0
            -73.78951,43.0631,0
            -73.78901,43.0631,0
            -73.78845,43.06312,0
            -73.78832,43.06314,0
            -73.78834,43.06332,0
            -73.78834,43.06334,0
            -73.78869,43.06549,0
            -73.7869,43.06567,0
            -73.78567,43.06577,0
            -73.78564,43.06577,0
            -73.78543,43.06579,0
            -73.78537,43.06579,0
            -73.78479,43.06585,0
            -73.78398,43.06599,0
            -73.78327,43.06625,0
            -73.78211,43.06676,0
            -73.78158,43.06702,0
            -73.78092,43.06741,0
            -73.77976,43.06803,0
            -73.7789,43.06832,0
            -73.77888,43.06832,0
            -73.77861,43.06842,0
            -73.7779,43.06862,0
            -73.77757,43.06874,0
            -73.77737,43.06879,0
            -73.77646,43.06908,0
            -73.77594,43.06922,0
            -73.7759,43.06924,0
            -73.77355,43.06998,0
            -73.77323,43.0701,0
            -73.77428,43.07191,0
            -73.77558,43.07433,0
            -73.77587,43.07616,0
            -73.77589,43.07634,0
            -73.7755,43.07624,0
            -73.77543,43.07623,0
            -73.75967,43.0729,0
            -73.75943,43.07286,0
            -73.75895,43.07276,0
            -73.75821,43.07263,0
            -73.75818,43.07273,0
            -73.75807,43.07302,0
            -73.75804,43.07306,0
            -73.75803,43.07308,0
            -73.75797,43.07316,0
            -73.75794,43.07318,0
            -73.75791,43.07321,0
            -73.75788,43.07323,0
            -73.75785,43.07324,0
            -73.75779,43.07328,0
            -73.75755,43.07336,0
            -73.75745,43.07338,0
            -73.7574,43.0734,0
            -73.75675,43.07356,0
            -73.75668,43.07357,0
            -73.75662,43.07359,0
            -73.75652,43.07361,0
            -73.75622,43.07369,0
            -73.75616,43.0737,0
            -73.75585,43.07378,0
            -73.75555,43.07387,0
            -73.75547,43.0739,0
            -73.75509,43.07408,0
            -73.75501,43.07413,0
            -73.75489,43.07422,0
            -73.75488,43.07422,0
            -73.75482,43.07427,0
            -73.7548,43.07428,0
            -73.75477,43.07431,0
            -73.75463,43.07442,0
            -73.75457,43.07449,0
            -73.75446,43.0746,0
            -73.75443,43.07465,0
            -73.75434,43.07476,0
            -73.7542,43.075,0
            -73.75414,43.07515,0
            -73.7541,43.07528,0
            -73.75408,43.0754,0
            -73.75406,43.0756,0
            -73.75414,43.07625,0
            -73.75464,43.07898,0
            -73.75464,43.07902,0
            -73.7547,43.0793,0
            -73.75499,43.08093,0
            -73.75502,43.08115,0
            -73.75527,43.08252,0
            -73.75538,43.08324,0
            -73.75538,43.08328,0
            -73.75546,43.08389,0
            -73.75412,43.08394,0
            -73.75026,43.08424,0
            -73.75019,43.08424,0
            -73.75,43.08426,0
            -73.74994,43.08426,0
            -73.74928,43.08431,0
            -73.74921,43.08432,0
            -73.74896,43.08433,0
            -73.74891,43.08434,0
            -73.74878,43.08435,0
            -73.74872,43.08435,0
            -73.74852,43.08437,0
            -73.74847,43.08437,0
            -73.74799,43.08441,0
            -73.74771,43.08442,0
            -73.74747,43.08444,0
            -73.74735,43.08444,0
            -73.74724,43.08445,0
            -73.74709,43.08445,0
            -73.74695,43.08446,0
            -73.74651,43.08447,0
            -73.74636,43.08445,0
            -73.74314,43.08441,0
            -73.74299,43.08443,0
            -73.74178,43.08443,0
            -73.74136,43.08445,0
            -73.74113,43.08445,0
            -73.74089,43.08447,0
            -73.73966,43.08453,0
            -73.73942,43.08455,0
            -73.73933,43.08455,0
            -73.73926,43.08456,0
            -73.73917,43.08456,0
            -73.73819,43.08462,0
            -73.73813,43.08462,0
            -73.73706,43.08469,0
            -73.73695,43.08469,0
            -73.73672,43.08471,0
            -73.73623,43.08473,0
            -73.73621,43.08474,0
            -73.73503,43.0848,0
            -73.7347,43.08483,0
            -73.73033,43.08509,0
            -73.73029,43.0851,0
            -73.72894,43.08519,0
            -73.727,43.08535,0
            -73.7239,43.08566,0
            -73.72179,43.08591,0
            -73.71888,43.0863,0
            -73.71878,43.08632,0
            -73.71833,43.08638,0
            -73.7183,43.08638,0
            -73.71656,43.08663,0
            -73.71622,43.08667,0
            -73.70953,43.08763,0
            -73.70756,43.08787,0
            -73.70745,43.08789,0
            -73.7068,43.08796,0
            -73.70664,43.08797,0
            -73.70558,43.08808,0
            -73.70552,43.08808,0
            -73.70395,43.08821,0
            -73.70234,43.08831,0
            -73.70162,43.08834,0
            -73.70156,43.08835,0
            -73.70057,43.08839,0
            -73.70054,43.0884,0
            -73.70003,43.08842,0
            -73.6998,43.08844,0
            -73.69973,43.08844,0
            -73.69662,43.08866,0
            -73.69384,43.08894,0
            -73.6931,43.08903,0
            -73.69305,43.08903,0
            -73.69217,43.08914,0
            -73.69212,43.08914,0
            -73.69143,43.08923,0
            -73.69139,43.08923,0
            -73.6885,43.08958,0
            -73.68848,43.08958,0
            -73.68614,43.08986,0
            -73.68605,43.08988,0
            -73.68583,43.08991,0
            -73.6858,43.08991,0
            -73.6856,43.08994,0
            -73.68556,43.08995,0
            -73.68543,43.08997,0
            -73.68533,43.09,0
            -73.68485,43.0901,0
            -73.68484,43.09011,0
            -73.68454,43.09018,0
            -73.68439,43.09023,0
            -73.68433,43.09024,0
            -73.68419,43.09029,0
            -73.68417,43.0903,0
            -73.68412,43.09031,0
            -73.68379,43.09042,0
            -73.68336,43.09059,0
            -73.6832,43.09064,0
            -73.68292,43.09075,0
            -73.68269,43.09083,0
            -73.68262,43.09086,0
            -73.68258,43.09087,0
            -73.682,43.09108,0
            -73.68196,43.0911,0
            -73.68152,43.09125,0
            -73.68143,43.09129,0
            -73.68135,43.09131,0
            -73.68092,43.09147,0
            -73.68041,43.09164,0
            -73.68028,43.09169,0
            -73.67822,43.09236,0
            -73.6781,43.09239,0
            -73.67764,43.09254,0
            -73.67741,43.0926,0
            -73.67686,43.09277,0
            -73.67465,43.09338,0
            -73.67352,43.09366,0
            -73.67342,43.09368,0
            -73.67329,43.09372,0
            -73.67295,43.0938,0
            -73.67292,43.09381,0
            -73.67248,43.09391,0
            -73.67241,43.09392,0
            -73.67154,43.09412,0
            -73.66976,43.09449,0
            -73.66941,43.09455,0
            -73.66933,43.09457,0
            -73.66917,43.0946,0
            -73.66915,43.0946,0
            -73.66756,43.09489,0
            -73.66741,43.09491,0
            -73.66739,43.09492,0
            -73.66623,43.09511,0
            -73.66614,43.09513,0
            -73.66492,43.09531,0
            -73.66452,43.09538,0
            -73.66429,43.09541,0
            -73.66426,43.09542,0
            -73.6636,43.09551,0
            -73.66346,43.09554,0
            -73.66315,43.09558,0
            -73.66298,43.09561,0
            -73.66281,43.09563,0
            -73.6626,43.09567,0
            -73.66165,43.09581,0
            -73.66163,43.09581,0
            -73.6614,43.09585,0
            -73.66139,43.09585,0
            -73.66134,43.09586,0
            -73.66115,43.09588,0
            -73.66022,43.09604,0
            -73.65954,43.09619,0
            -73.65949,43.09621,0
            -73.6591,43.09631,0
            -73.65901,43.09634,0
            -73.65892,43.09636,0
            -73.65795,43.09668,0
            -73.65778,43.09675,0
            -73.65768,43.09678,0
            -73.65684,43.09714,0
            -73.65643,43.09734,0
            -73.65586,43.09765,0
            -73.65579,43.0977,0
            -73.65539,43.09794,0
            -73.65503,43.09818,0
            -73.65455,43.09853,0
            -73.65346,43.09941,0
            -73.6534,43.09945,0
            -73.65321,43.0996,0
            -73.65271,43.09995,0
            -73.65251,43.10007,0
            -73.65233,43.10019,0
            -73.65166,43.10059,0
            -73.65124,43.10081,0
            -73.6504,43.1012,0
            -73.64968,43.10149,0
            -73.64913,43.10169,0
            -73.64813,43.10199,0
            -73.64482,43.10285,0
            -73.64459,43.1029,0
            -73.64331,43.10323,0
            -73.64296,43.10333,0
            -73.63391,43.10562,0
            -73.63321,43.10577,0
            -73.63247,43.10591,0
            -73.63167,43.10602,0
            -73.63017,43.10616,0
            -73.62889,43.1062,0
            -73.62813,43.10619,0
            -73.62801,43.10618,0
            -73.62784,43.10618,0
            -73.62776,43.10617,0
            -73.6277,43.10617,0
            -73.62678,43.10611,0
            -73.62672,43.10611,0
            -73.62378,43.10591,0
            -73.62303,43.10598,0
            -73.62208,43.10615,0
            -73.62181,43.10619,0
            -73.61993,43.10639,0
            -73.61987,43.10639,0
            -73.61903,43.10648,0
            -73.61897,43.10648,0
            -73.61633,43.10671,0
            -73.61486,43.10688,0
            -73.61201,43.10728,0
            -73.61057,43.10741,0
            -73.60832,43.10755,0
            -73.60784,43.1076,0
            -73.60779,43.1076,0
            -73.60754,43.10763,0
            -73.6075,43.10763,0
            -73.60661,43.10775,0
            -73.60657,43.10775,0
            -73.6054,43.1079,0
            -73.60536,43.1079,0
            -73.60467,43.10797,0
            -73.60463,43.10798,0
            -73.60418,43.10802,0
            -73.60414,43.10802,0
            -73.60296,43.10814,0
            -73.60292,43.10814,0
            -73.60119,43.10832,0
            -73.60102,43.10833,0
            -73.60077,43.10833,0
            -73.60065,43.10832,0
            -73.60055,43.10832,0
            -73.60021,43.10829,0
            -73.60011,43.10827,0
            -73.60001,43.10826,0
            -73.59968,43.10819,0
            -73.59933,43.1081,0
            -73.5993,43.10831,0
            -73.59929,43.10852,0
            -73.5993,43.10861,0
            -73.59936,43.10887,0
            -73.59937,43.10889,0
            -73.59939,43.10899,0
            -73.5994,43.10902,0
            -73.59948,43.10943,0
            -73.59948,43.10958,0
            -73.59946,43.10968,0
            -73.59945,43.1097,0
            -73.59945,43.10972,0
            -73.59942,43.10978,0
            -73.59936,43.10993,0
            -73.59916,43.11029,0
            -73.59889,43.11089,0
            -73.59889,43.11091,0
            -73.59882,43.11106,0
            -73.59881,43.1111,0
            -73.59854,43.11169,0
            -73.5983,43.11207,0
            -73.59803,43.11255,0
            -73.59784,43.11297,0
            -73.59768,43.11374,0
            -73.59753,43.11456,0
            -73.59748,43.11474,0
            -73.59742,43.11487,0
            -73.59736,43.11498,0
            -73.59729,43.11498,0
            -73.59672,43.11506,0
            -73.59558,43.11518,0
            -73.59537,43.11519,0
            -73.59151,43.11559,0
            -73.59103,43.11565,0
            -73.58956,43.1158,0
            -73.58952,43.1158,0
            -73.58932,43.11583,0
            -73.58883,43.11588,0
            -73.5888,43.11589,0
            -73.58813,43.11601,0
            -73.58811,43.11601,0
            -73.58794,43.11607,0
            -73.58783,43.11613,0
            -73.58771,43.11621,0
            -73.5875,43.11638,0
            -73.58735,43.11652,0
            -73.58722,43.11668,0
            -73.58716,43.11679,0
            -73.58716,43.11698,0
            -73.58715,43.11716,0
            -73.58715,43.11747,0
            -73.58712,43.11765,0
            -73.5871,43.11769,0
            -73.58704,43.11779,0
            -73.58699,43.11784,0
            -73.58685,43.118,0
            -73.5867,43.11812,0
            -73.5866,43.11817,0
            -73.58652,43.1182,0
            -73.58641,43.11823,0
            -73.58637,43.11823,0
            -73.58631,43.11824,0
            -73.58619,43.11824,0
            -73.58612,43.11825,0
            -73.58599,43.11825,0
            -73.58587,43.11826,0
            -73.58563,43.1183,0
            -73.5854,43.11835,0
            -73.58507,43.11846,0
            -73.58498,43.11829,0
            -73.58458,43.11761,0
            -73.5842,43.11706,0
            -73.58386,43.1166,0
            -73.58381,43.11652,0
            -73.58344,43.11607,0
            -73.58291,43.11547,0
            -73.57995,43.11262,0
            -73.57964,43.11228,0
            -73.57961,43.11226,0
            -73.57926,43.11186,0
            -73.57872,43.11117,0
            -73.57836,43.11065,0
            -73.57834,43.11061,0
            -73.57773,43.10967,0
            -73.57771,43.10961,0
            -73.5777,43.1096,0
            -73.57767,43.10954,0
            -73.57766,43.10949,0
            -73.57764,43.10943,0
            -73.57762,43.10934,0
            -73.57762,43.10927,0
            -73.57761,43.1092,0
            -73.57761,43.10914,0
            -73.57764,43.10895,0
            -73.57767,43.10883,0
            -73.57768,43.10882,0
            -73.5778,43.10849,0
            -73.58096,43.10078,0
            -73.58104,43.10061,0
            -73.58106,43.10055,0
            -73.58154,43.09941,0
            -73.58158,43.09929,0
            -73.58161,43.09923,0
            -73.58284,43.09619,0
            -73.58296,43.09587,0
            -73.58297,43.09586,0
            -73.58315,43.09538,0
            -73.58323,43.09508,0
            -73.58329,43.09481,0
            -73.58331,43.09466,0
            -73.58334,43.09432,0
            -73.58334,43.09403,0
            -73.58313,43.09122,0
            -73.58312,43.09088,0
            -73.58313,43.09066,0
            -73.58317,43.09029,0
            -73.58317,43.09024,0
            -73.58318,43.09013,0
            -73.58353,43.0883,0
            -73.58357,43.08801,0
            -73.58359,43.08779,0
            -73.5836,43.0875,0
            -73.5836,43.08715,0
            -73.58358,43.08691,0
            -73.58351,43.08635,0
            -73.58346,43.08604,0
            -73.58345,43.08601,0
            -73.58324,43.08461,0
            -73.58323,43.08457,0
            -73.58308,43.08354,0
            -73.58305,43.083,0
            -73.58308,43.08247,0
            -73.58363,43.07846,0
            -73.58383,43.07738,0
            -73.58398,43.07667,0
            -73.58399,43.07664,0
            -73.58435,43.07501,0
            -73.58438,43.0749,0
            -73.58444,43.07462,0
            -73.58483,43.07322,0
            -73.58485,43.07317,0
            -73.58545,43.07106,0
            -73.58551,43.07078,0
            -73.58552,43.0707,0
            -73.58555,43.07056,0
            -73.58571,43.06927,0
            -73.58572,43.06922,0
            -73.58572,43.06917,0
            -73.58574,43.06909,0
            -73.58575,43.069,0
            -73.58579,43.06882,0
            -73.58582,43.06874,0
            -73.5859,43.06845,0
            -73.586,43.0682,0
            -73.58601,43.06815,0
            -73.58606,43.06804,0
            -73.5863,43.06757,0
            -73.58654,43.06719,0
            -73.58693,43.06668,0
            -73.58717,43.06642,0
            -73.58923,43.06437,0
            -73.58991,43.06374,0
            -73.59005,43.06362,0
            -73.5902,43.06351,0
            -73.59024,43.06347,0
            -73.59042,43.06335,0
            -73.59043,43.06334,0
            -73.59055,43.06325,0
            -73.5906,43.06323,0
            -73.59093,43.06302,0
            -73.59097,43.06299,0
            -73.5914,43.06275,0
            -73.59217,43.06236,0
            -73.59246,43.0622,0
            -73.59275,43.06202,0
            -73.59276,43.06202,0
            -73.59324,43.06169,0
            -73.59346,43.06152,0
            -73.59388,43.06114,0
            -73.5942,43.06081,0
            -73.59441,43.06057,0
            -73.59456,43.06037,0
            -73.59482,43.05997,0
            -73.59513,43.05934,0
            -73.59532,43.05876,0
            -73.59542,43.05826,0
            -73.59545,43.05773,0
            -73.59545,43.05692,0
            -73.59543,43.05644,0
            -73.5954,43.05611,0
            -73.59537,43.05599,0
            -73.59533,43.05576,0
            -73.59526,43.05551,0
            -73.59524,43.05542,0
            -73.59519,43.0553,0
            -73.59517,43.05524,0
            -73.59516,43.05523,0
            -73.59514,43.05516,0
            -73.59488,43.05462,0
            -73.59469,43.0543,0
            -73.5946,43.05417,0
            -73.59446,43.05399,0
            -73.59415,43.05362,0
            -73.59368,43.05318,0
            -73.59318,43.05274,0
            -73.59314,43.05271,0
            -73.5928,43.05237,0
            -73.59277,43.05233,0
            -73.59258,43.05212,0
            -73.59234,43.0518,0
            -73.59233,43.05178,0
            -73.59219,43.05159,0
            -73.592,43.05124,0
            -73.59181,43.05084,0
            -73.59173,43.05063,0
            -73.59171,43.05056,0
            -73.5917,43.05051,0
            -73.59168,43.05047,0
            -73.59156,43.04994,0
            -73.59151,43.04954,0
            -73.59151,43.04943,0
            -73.5915,43.04924,0
            -73.59151,43.049,0
            -73.59207,43.04421,0
            -73.59208,43.04408,0
            -73.59209,43.04403,0
            -73.59236,43.0417,0
            -73.59236,43.04168,0
            -73.59239,43.04152,0
            -73.59248,43.04087,0
            -73.59284,43.03882,0
            -73.59299,43.03733,0
            -73.59337,43.03091,0
            -73.59343,43.03038,0
            -73.5935,43.03001,0
            -73.59369,43.02931,0
            -73.59451,43.0266,0
            -73.59458,43.0264,0
            -73.59459,43.02635,0
            -73.59461,43.02631,0
            -73.59462,43.02625,0
            -73.59598,43.02174,0
            -73.596,43.02169,0
            -73.59603,43.02156,0
            -73.59639,43.02042,0
            -73.59655,43.01985,0
            -73.59661,43.01974,0
            -73.59694,43.01872,0
            -73.59753,43.01675,0
            -73.59761,43.01644,0
            -73.5977,43.01615,0
            -73.59774,43.01593,0
            -73.59786,43.01551,0
            -73.59819,43.01446,0
            -73.59852,43.01333,0
            -73.59865,43.01293,0
            -73.59883,43.01248,0
            -73.59896,43.0122,0
            -73.59908,43.01197,0
            -73.59929,43.01161,0
            -73.59932,43.01157,0
            -73.59933,43.01154,0
            -73.59956,43.01121,0
            -73.59976,43.01095,0
            -73.59977,43.01093,0
            -73.60248,43.00767,0
            -73.6026,43.00754,0
            -73.60415,43.00566,0
            -73.60427,43.00553,0
            -73.60433,43.00545,0
            -73.606,43.00344,0
            -73.60688,43.00242,0
            -73.60717,43.0021,0
            -73.60812,43.00112,0
            -73.60866,43.00061,0
            -73.60944,42.99982,0
            -73.6099,42.99929,0
            -73.61006,42.99907,0
            -73.61094,42.99769,0
            -73.61097,42.99765,0
            -73.61103,42.99754,0
            -73.61131,42.9971,0
            -73.61133,42.99706,0
            -73.61164,42.99658,0
            -73.61165,42.99656,0
            -73.61246,42.9953,0
            -73.61258,42.99514,0
            -73.6127,42.99496,0
            -73.61372,42.99356,0
            -73.61427,42.99274,0
            -73.61445,42.99242,0
            -73.6153,42.99101,0
            -73.61579,42.99027,0
            -73.6162,42.98972,0
            -73.61655,42.98928,0
            -73.61744,42.98811,0
            -73.61787,42.98757,0
            -73.61819,42.98714,0
            -73.6188,42.98636,0
            -73.61921,42.98587,0
            -73.61957,42.98549,0
            -73.62013,42.98494,0
            -73.62209,42.98331,0
            -73.62802,42.97825,0
            -73.62806,42.97822,0
            -73.62808,42.97821,0
            -73.62822,42.97808,0
            -73.63042,42.9762,0
            -73.63075,42.97588,0
            -73.63098,42.97561,0
            -73.63101,42.97559,0
            -73.63111,42.97546,0
            -73.63115,42.9754,0
            -73.63119,42.97535,0
            -73.63125,42.97526,0
            -73.63175,42.97458,0
            -73.63177,42.97454,0
            -73.6318,42.97451,0
            -73.63233,42.97377,0
            -73.63269,42.97315,0
            -73.63282,42.9729,0
            -73.6331,42.97227,0
            -73.63328,42.97163,0
            -73.63336,42.9713,0
            -73.63342,42.971,0
            -73.63347,42.97064,0
            -73.6335,42.97024,0
            -73.63348,42.96631,0
            -73.63347,42.96617,0
            -73.63344,42.96212,0
            -73.63346,42.96168,0
            -73.63346,42.96154,0
            -73.63355,42.96092,0
            -73.63369,42.9604,0
            -73.63379,42.96016,0
            -73.63391,42.95995,0
            -73.63404,42.95978,0
            -73.63424,42.95956,0
            -73.63486,42.95896,0
            -73.63518,42.95861,0
            -73.63552,42.9582,0
            -73.63555,42.95817,0
            -73.63647,42.957,0
            -73.63729,42.95586,0
            -73.63729,42.95585,0
            -73.63735,42.95577,0
            -73.6374,42.95569,0
            -73.63758,42.95545,0
            -73.63763,42.95537,0
            -73.63858,42.95405,0
            -73.63945,42.95295,0
            -73.63953,42.95286,0
            -73.63981,42.9525,0
            -73.64031,42.95189,0
            -73.64032,42.95189,0
            -73.64056,42.95157,0
            -73.64142,42.95051,0
            -73.64157,42.95035,0
            -73.6418,42.95014,0
            -73.64189,42.95007,0
            -73.64296,42.9494,0
            -73.64327,42.94916,0
            -73.64352,42.94894,0
            -73.64389,42.94858,0
            -73.64393,42.94855,0
            -73.64463,42.94788,0
            -73.64467,42.94785,0
            -73.64509,42.94744,0
            -73.6453,42.94722,0
            -73.64544,42.94706,0
            -73.6457,42.94672,0
            -73.64594,42.94637,0
            -73.64601,42.94625,0
            -73.64798,42.94323,0
            -73.64823,42.94282,0
            -73.64826,42.94275,0
            -73.64831,42.94268,0
            -73.64854,42.94225,0
            -73.64883,42.94155,0
            -73.6489,42.94135,0
            -73.64907,42.94093,0
            -73.64917,42.94078,0
            -73.6496,42.94034,0
            -73.64988,42.94009,0
            -73.65013,42.93989,0
            -73.65061,42.93954,0
            -73.65062,42.93953,0
            -73.65089,42.93935,0
            -73.65189,42.9389,0
            -73.65223,42.93877,0
            -73.65255,42.93867,0
            -73.65521,42.93776,0
            -73.65546,42.93769,0
            -73.65548,42.93769,0
            -73.65559,42.93766,0
            -73.65578,42.93762,0
            -73.65592,42.9376,0
            -73.65595,42.93759,0
            -73.65601,42.93759,0
            -73.65614,42.93757,0
            -73.65621,42.93757,0
            -73.65628,42.93756,0
            -73.65635,42.93756,0
            -73.65646,42.93755,0
            -73.65658,42.93755,0
            -73.65668,42.93754,0
            -73.65717,42.93754,0
            -73.65722,42.93755,0
            -73.65728,42.93755,0
            -73.65734,42.93756,0
            -73.65747,42.93757,0
            -73.6579,42.93763,0
            -73.65799,42.93763,0
            -73.65803,42.93764,0
            -73.65824,42.93764,0
            -73.6583,42.93763,0
            -73.65834,42.93763,0
            -73.65838,42.93762,0
            -73.65841,42.93762,0
            -73.65847,42.93761,0
            -73.65851,42.93761,0
            -73.65854,42.9376,0
            -73.65868,42.93758,0
            -73.65876,42.93756,0
            -73.65891,42.93751,0
            -73.65897,42.93748,0
            -73.65902,42.93746,0
            -73.65912,42.93741,0
            -73.65915,42.93739,0
            -73.65921,42.93736,0
            -73.65929,42.9373,0
            -73.6594,42.93723,0
            -73.65955,42.93709,0
            -73.65967,42.937,0
            -73.66001,42.9367,0
            -73.66093,42.93582,0
            -73.66126,42.93553,0
            -73.66133,42.93548,0
            -73.66137,42.93544,0
            -73.66145,42.93539,0
            -73.66158,42.93529,0
            -73.66166,42.93524,0
            -73.66174,42.93517,0
            -73.66219,42.93482,0
            -73.66223,42.9348,0
            -73.66231,42.93473,0
            -73.66282,42.93435,0
            -73.6629,42.93428,0
            -73.66306,42.93416,0
            -73.66326,42.93404,0
            -73.66333,42.93399,0
            -73.66359,42.93384,0
            -73.66373,42.93375,0
            -73.66377,42.93373,0
            -73.66392,42.93364,0
            -73.66402,42.93357,0
            -73.66403,42.93357,0
            -73.66417,42.93348,0
            -73.66421,42.93345,0
            -73.66426,42.93342,0
            -73.6643,42.93338,0
            -73.66438,42.93332,0
            -73.66442,42.93328,0
            -73.6645,42.93322,0
            -73.66453,42.93318,0
            -73.66463,42.93308,0
            -73.66526,42.93227,0
            -73.66557,42.93192,0
            -73.66563,42.93186,0
            -73.66581,42.93165,0
            -73.6659,42.93156,0
            -73.66612,42.93131,0
            -73.66619,42.93125,0
            -73.66639,42.93102,0
            -73.66641,42.93099,0
            -73.66644,42.93096,0
            -73.66672,42.93062,0
            -73.66683,42.9305,0
            -73.66709,42.93019,0
            -73.6672,42.93008,0
            -73.66767,42.92957,0
            -73.66772,42.92953,0
            -73.66777,42.92948,0
            -73.66855,42.92878,0
            -73.66883,42.9285,0
            -73.66894,42.92837,0
            -73.66895,42.92835,0
            -73.66904,42.92823,0
            -73.6691,42.92813,0
            -73.66917,42.92803,0
            -73.6692,42.92798,0
            -73.66921,42.92795,0
            -73.66924,42.92791,0
            -73.66926,42.92786,0
            -73.66931,42.92778,0
            -73.66938,42.92764,0
            -73.66944,42.92754,0
            -73.66948,42.92746,0
            -73.66952,42.9274,0
            -73.66954,42.92736,0
            -73.66963,42.92722,0
            -73.66965,42.9272,0
            -73.66969,42.92713,0
            -73.66976,42.92704,0
            -73.66976,42.92703,0
            -73.66982,42.92694,0
            -73.66991,42.92682,0
            -73.66992,42.9268,0
            -73.66998,42.92672,0
            -73.66999,42.92671,0
            -73.67016,42.92647,0
            -73.67036,42.92621,0
            -73.67056,42.92592,0
            -73.67062,42.92582,0
            -73.67069,42.92568,0
            -73.6707,42.92568,0
            -73.67081,42.92544,0
            -73.67097,42.92502,0
            -73.671,42.9249,0
            -73.67126,42.92413,0
            -73.67129,42.92408,0
            -73.67133,42.92397,0
            -73.67133,42.92396,0
            -73.67162,42.92328,0
            -73.67176,42.92303,0
            -73.67178,42.92298,0
            -73.67228,42.92205,0
            -73.67232,42.92199,0
            -73.67239,42.92186,0
            -73.67251,42.92167,0
            -73.67254,42.92161,0
            -73.67258,42.92156,0
            -73.67262,42.9215,0
            -73.67299,42.92105,0
            -73.67305,42.92099,0
            -73.67306,42.92097,0
            -73.67327,42.92074,0
            -73.67356,42.92045,0
            -73.67367,42.92036,0
            -73.67372,42.92031,0
            -73.67378,42.92027,0
            -73.67386,42.92019,0
            -73.67488,42.91946,0
            -73.67489,42.91945,0
            -73.67499,42.91938,0
            -73.67505,42.91933,0
            -73.67508,42.9193,0
            -73.6752,42.91921,0
            -73.67523,42.91918,0
            -73.67529,42.91914,0
            -73.67541,42.91902,0
            -73.67551,42.91894,0
            -73.67626,42.91822,0
            -73.67674,42.91779,0
            -73.67766,42.91704,0
            -73.67877,42.91608,0
            -73.67913,42.91575,0
            -73.67918,42.91571,0
            -73.6794,42.91549,0
            -73.67974,42.91507,0
            -73.67984,42.91496,0
            -73.68231,42.91176,0
            -73.68234,42.91171,0
            -73.68254,42.91142,0
            -73.6826,42.9113,0
            -73.68271,42.91112,0
            -73.68272,42.91109,0
            -73.68282,42.91089,0
            -73.68283,42.91085,0
            -73.68289,42.91074,0
            -73.68293,42.91064,0
            -73.68301,42.91047,0
            -73.68306,42.91038,0
            -73.68308,42.91033,0
            -73.68309,42.91032,0
            -73.68314,42.91024,0
            -73.6833,42.91006,0
            -73.68342,42.90995,0
            -73.68347,42.90992,0
            -73.68359,42.90982,0
            -73.68378,42.9097,0
            -73.68362,42.90948,0
            -73.68362,42.90947,0
            -73.6836,42.90944,0
            -73.68357,42.90933,0
            -73.68356,42.90931,0
            -73.68356,42.9093,0
            -73.68355,42.90928,0
            -73.68357,42.90915,0
            -73.68359,42.90907,0
            -73.68361,42.90895,0
            -73.68394,42.9078,0
            -73.6844,42.90597,0
            -73.68399,42.9059,0
            -73.68392,42.90588,0
            -73.6839,42.90588,0
            -73.68383,42.90586,0
            -73.68369,42.90583,0
            -73.68126,42.90508,0
            -73.68124,42.90507,0
            -73.67987,42.90464,0
            -73.67679,42.90356,0
            -73.67691,42.90328,0
            -73.67693,42.90321,0
            -73.67694,42.9032,0
            -73.67701,42.90301,0
            -73.67707,42.90287,0
            -73.6771,42.90278,0
            -73.67717,42.90261,0
            -73.6772,42.90252,0
            -73.6773,42.90228,0
            -73.67732,42.90222,0
            -73.67818,42.90006,0
            -73.67826,42.89981,0
            -73.67833,42.89964,0
            -73.67859,42.89886,0
            -73.67862,42.8988,0
            -73.67887,42.89804,0
            -73.67898,42.89767,0
            -73.67904,42.8975,0
            -73.67931,42.89662,0
            -73.67935,42.89645,0
            -73.67936,42.89636,0
            -73.67936,42.89619,0
            -73.67934,42.89604,0
            -73.67934,42.89598,0
            -73.67932,42.89588,0
            -73.6793,42.89572,0
            -73.67883,42.8936,0
            -73.6787,42.89293,0
            -73.67858,42.8924,0
            -73.67858,42.89237,0
            -73.67854,42.89222,0
            -73.67854,42.89219,0
            -73.67852,42.89209,0
            -73.67848,42.89195,0
            -73.67842,42.89169,0
            -73.6784,42.89163,0
            -73.67833,42.8913,0
            -73.67831,42.89124,0
            -73.67816,42.8906,0
            -73.67815,42.89058,0
            -73.6781,42.89042,0
            -73.67808,42.89033,0
            -73.67792,42.8899,0
            -73.67778,42.88956,0
            -73.67778,42.88955,0
            -73.67771,42.88938,0
            -73.67765,42.88926,0
            -73.67763,42.88921,0
            -73.67753,42.88905,0
            -73.67746,42.88891,0
            -73.67734,42.88872,0
            -73.67718,42.8885,0
            -73.67701,42.88829,0
            -73.67698,42.88824,0
            -73.6769,42.88813,0
            -73.67686,42.88809,0
            -73.67683,42.88804,0
            -73.67667,42.88781,0
            -73.67666,42.8878,0
            -73.67633,42.88733,0
            -73.67629,42.88729,0
            -73.67621,42.88718,0
            -73.67605,42.88698,0
            -73.67597,42.88687,0
            -73.67596,42.88687,0
            -73.67592,42.88682,0
            -73.67572,42.8866,0
            -73.67564,42.88653,0
            -73.6755,42.88638,0
            -73.6752,42.8861,0
            -73.67497,42.88584,0
            -73.67493,42.88578,0
            -73.67489,42.88573,0
            -73.67482,42.88562,0
            -73.67481,42.8856,0
            -73.6747,42.88543,0
            -73.67464,42.88531,0
            -73.67462,42.88525,0
            -73.67456,42.88513,0
            -73.67436,42.88461,0
            -73.67435,42.8846,0
            -73.67434,42.88456,0
            -73.674,42.88379,0
            -73.67399,42.88375,0
            -73.67398,42.88374,0
            -73.67397,42.8837,0
            -73.67391,42.88358,0
            -73.67391,42.88357,0
            -73.67383,42.88341,0
            -73.67383,42.8834,0
            -73.67382,42.88337,0
            -73.67375,42.88324,0
            -73.67375,42.88323,0
            -73.67367,42.88307,0
            -73.67367,42.88306,0
            -73.67318,42.88206,0
            -73.67315,42.88198,0
            -73.67314,42.88197,0
            -73.67314,42.88196,0
            -73.67295,42.88164,0
            -73.67268,42.88115,0
            -73.67262,42.88106,0
            -73.67258,42.88099,0
            -73.67258,42.88097,0
            -73.67227,42.88046,0
            -73.67211,42.88016,0
            -73.67211,42.88014,0
            -73.67208,42.88008,0
            -73.6718,42.87939,0
            -73.6717,42.8792,0
            -73.67158,42.87894,0
            -73.67158,42.87893,0
            -73.67154,42.87886,0
            -73.67149,42.87872,0
            -73.67145,42.87856,0
            -73.67142,42.87839,0
            -73.67135,42.87808,0
            -73.67132,42.87791,0
            -73.67103,42.8768,0
            -73.67097,42.87652,0
            -73.67089,42.87606,0
            -73.67086,42.8756,0
            -73.67086,42.87508,0
            -73.67088,42.8748,0
            -73.67089,42.87476,0
            -73.67089,42.87466,0
            -73.67092,42.87448,0
            -73.67092,42.87447,0
            -73.67098,42.87428,0
            -73.67103,42.87409,0
            -73.67103,42.87408,0
            -73.67118,42.87356,0
            -73.67118,42.87353,0
            -73.67121,42.87341,0
            -73.67122,42.87339,0
            -73.67122,42.87338,0
            -73.67124,42.87326,0
            -73.67127,42.87316,0
            -73.67139,42.87284,0
            -73.67157,42.87248,0
            -73.67164,42.87232,0
            -73.67169,42.87218,0
            -73.67174,42.87194,0
            -73.67191,42.87081,0
            -73.67193,42.87038,0
            -73.67194,42.87032,0
            -73.67193,42.8702,0
            -73.67192,42.86955,0
            -73.67187,42.86894,0
            -73.67187,42.86858,0
            -73.67186,42.86842,0
            -73.67184,42.86824,0
            -73.67184,42.86816,0
            -73.67182,42.86806,0
            -73.67182,42.86805,0
            -73.67174,42.86784,0
            -73.67159,42.86755,0
            -73.67158,42.86754,0
            -73.67155,42.86748,0
            -73.67132,42.86687,0
            -73.67118,42.86645,0
            -73.67093,42.86582,0
            -73.67093,42.8658,0
            -73.67085,42.86561,0
            -73.67067,42.86512,0
            -73.67067,42.86511,0
            -73.67066,42.86509,0
            -73.67061,42.86495,0
            -73.67059,42.86486,0
            -73.67057,42.8648,0
            -73.67056,42.86471,0
            -73.67055,42.86467,0
            -73.67055,42.86459,0
            -73.67058,42.86441,0
            -73.67058,42.8644,0
            -73.67059,42.86436,0
            -73.67082,42.86371,0
            -73.67084,42.86367,0
            -73.67085,42.86363,0
            -73.67103,42.86308,0
            -73.67128,42.86213,0
            -73.67157,42.86076,0
            -73.67159,42.86057,0
            -73.67202,42.85839,0
            -73.67205,42.85818,0
            -73.67206,42.85806,0
            -73.67207,42.85804,0
            -73.67207,42.85799,0
            -73.67209,42.85786,0
            -73.67209,42.85769,0
            -73.67207,42.85732,0
            -73.67198,42.85678,0
            -73.67192,42.85652,0
            -73.67189,42.85642,0
            -73.6718,42.85593,0
            -73.67179,42.8559,0
            -73.67179,42.85589,0
            -73.67158,42.85471,0
            -73.67153,42.85449,0
            -73.67153,42.85448,0
            -73.67149,42.85432,0
            -73.67149,42.85429,0
            -73.67141,42.85395,0
            -73.67138,42.85378,0
            -73.67138,42.85376,0
            -73.67137,42.8537,0
            -73.67132,42.85349,0
            -73.67127,42.85323,0
            -73.67127,42.85322,0
            -73.67124,42.85308,0
            -73.67124,42.85307,0
            -73.67112,42.85242,0
            -73.67106,42.85201,0
            -73.67106,42.85197,0
            -73.67105,42.85192,0
            -73.67104,42.85183,0
            -73.67104,42.85179,0
            -73.67101,42.85145,0
            -73.67075,42.84929,0
            -73.67075,42.84923,0
            -73.67071,42.84895,0
            -73.6707,42.84891,0
            -73.67063,42.84846,0
            -73.67059,42.84829,0
            -73.67058,42.84826,0
            -73.67058,42.84825,0
            -73.67055,42.84815,0
            -73.67051,42.84805,0
            -73.67033,42.84752,0
            -73.67028,42.84735,0
            -73.67027,42.84734,0
            -73.67022,42.84717,0
            -73.67006,42.84651,0
            -73.66999,42.84632,0
            -73.66949,42.84528,0
            -73.66949,42.84527,0
            -73.66909,42.84443,0
            -73.66903,42.84429,0
            -73.669,42.84425,0
            -73.66876,42.8438,0
            -73.66874,42.84375,0
            -73.66796,42.8424,0
            -73.66765,42.84178,0
            -73.66754,42.84159,0
            -73.66754,42.84158,0
            -73.6675,42.84149,0
            -73.66748,42.84146,0
            -73.66726,42.84104,0
            -73.6668,42.84006,0
            -73.6665,42.83962,0
            -73.66642,42.83949,0
            -73.66637,42.83942,0
            -73.66637,42.83941,0
            -73.66623,42.83919,0
            -73.66609,42.83894,0
            -73.666,42.83875,0
            -73.666,42.83874,0
            -73.66583,42.83839,0
            -73.66578,42.83825,0
            -73.6657,42.83806,0
            -73.66569,42.83801,0
            -73.66567,42.83797,0
            -73.66565,42.83789,0
            -73.66558,42.83771,0
            -73.6653,42.83684,0
            -73.66529,42.83683,0
            -73.66526,42.83675,0
            -73.66524,42.83666,0
            -73.66518,42.83651,0
            -73.66503,42.83603,0
            -73.66502,42.83597,0
            -73.66496,42.83579,0
            -73.66496,42.83578,0
            -73.66489,42.83552,0
            -73.66486,42.83544,0
            -73.66485,42.8354,0
            -73.66482,42.83534,0
            -73.66479,42.83526,0
            -73.66479,42.83525,0
            -73.66475,42.83517,0
            -73.66474,42.83514,0
            -73.66469,42.83503,0
            -73.66459,42.83484,0
            -73.6645,42.83469,0
            -73.66429,42.83437,0
            -73.66428,42.83436,0
            -73.66418,42.83422,0
            -73.66416,42.8342,0
            -73.66411,42.83413,0
            -73.66409,42.83411,0
            -73.66399,42.83398,0
            -73.66394,42.83393,0
            -73.66389,42.83386,0
            -73.66385,42.83382,0
            -73.66366,42.83358,0
            -73.66348,42.83337,0
            -73.66339,42.83328,0
            -73.66322,42.83295,0
            -73.66319,42.83288,0
            -73.66265,42.83195,0
            -73.66254,42.83179,0
            -73.66223,42.8313,0
            -73.6619,42.83082,0
            -73.66169,42.83049,0
            -73.66153,42.83026,0
            -73.66138,42.82986,0
            -73.66127,42.82938,0
            -73.66119,42.82893,0
            -73.66119,42.82889,0
            -73.66108,42.82839,0
            -73.66107,42.82837,0
            -73.66102,42.82819,0
            -73.66097,42.82808,0
            -73.66095,42.82805,0
            -73.66081,42.82766,0
            -73.66078,42.82752,0
            -73.66078,42.82734,0
            -73.66077,42.82716,0
            -73.66077,42.82662,0
            -73.66078,42.82645,0
            -73.66076,42.82555,0
            -73.66067,42.82515,0
            -73.66063,42.82502,0
            -73.66067,42.82515,0
            -73.66076,42.82555,0
            -73.66078,42.82645,0
            -73.66077,42.82662,0
            -73.66077,42.82716,0
            -73.66078,42.82734,0
            -73.66078,42.82752,0
            -73.66081,42.82766,0
            -73.66095,42.82805,0
            -73.66097,42.82808,0
            -73.66102,42.82819,0
            -73.66107,42.82837,0
            -73.66108,42.82839,0
            -73.66119,42.82889,0
            -73.66119,42.82893,0
            -73.66127,42.82938,0
            -73.66138,42.82986,0
            -73.66153,42.83026,0
            -73.66169,42.83049,0
            -73.6619,42.83082,0
            -73.66223,42.8313,0
            -73.66254,42.83179,0
            -73.66265,42.83195,0
            -73.66319,42.83288,0
            -73.66322,42.83295,0
            -73.66339,42.83328,0
            -73.66323,42.83322,0
            -73.66315,42.83321,0
            -73.66313,42.8332,0
            -73.66307,42.8332,0
            -73.663,42.83319,0
            -73.66286,42.83319,0
            -73.66257,42.83323,0
            -73.6622,42.8333,0
            -73.66217,42.83331,0
            -73.66211,42.83332,0
            -73.66206,42.83332,0
            -73.66199,42.83333,0
            -73.66179,42.83333,0
            -73.66175,42.83332,0
            -73.66162,42.8333,0
            -73.66115,42.83317,0
            -73.661,42.83312,0
            -73.66036,42.83294,0
            -73.66014,42.83291,0
            -73.6601,42.83291,0
            -73.66007,42.8329,0
            -73.65964,42.83288,0
            -73.65949,42.83288,0
            -73.65937,42.83289,0
            -73.65929,42.83289,0
            -73.65912,42.8329,0
            -73.65864,42.83295,0
            -73.6586,42.83296,0
            -73.65792,42.83306,0
            -73.65791,42.83306,0
            -73.65788,42.83307,0
            -73.65722,42.83319,0
            -73.65717,42.83319,0
            -73.65696,42.83322,0
            -73.65693,42.83322,0
            -73.65658,42.83327,0
            -73.65599,42.83332,0
            -73.65595,42.83332,0
            -73.65575,42.83334,0
            -73.65571,42.83334,0
            -73.65547,42.83336,0
            -73.65516,42.83336,0
            -73.65502,42.83334,0
            -73.65498,42.83334,0
            -73.65477,42.8333,0
            -73.65474,42.83329,0
            -73.65458,42.83326,0
            -73.65454,42.83324,0
            -73.65431,42.83319,0
            -73.65375,42.83299,0
            -73.65366,42.83295,0
            -73.65356,42.83289,0
            -73.65345,42.83284,0
            -73.65315,42.83265,0
            -73.65303,42.83259,0
            -73.64928,42.83029,0
            -73.64927,42.83028,0
            -73.64909,42.83018,0
            -73.6489,42.83006,0
            -73.64885,42.83004,0
            -73.64885,42.83003,0
            -73.64847,42.82981,0
            -73.64839,42.82977,0
            -73.64785,42.82944,0
            -73.64775,42.82939,0
            -73.6477,42.82935,0
            -73.64758,42.82929,0
            -73.64746,42.82924,0
            -73.64733,42.8292,0
            -73.64728,42.82919,0
            -73.64723,42.82917,0
            -73.64703,42.82914,0
            -73.64694,42.82912,0
            -73.6466,42.8291,0
            -73.64648,42.82911,0
            -73.64637,42.82911,0
            -73.64635,42.82912,0
            -73.64616,42.82913,0
            -73.64613,42.82914,0
            -73.64583,42.82919,0
            -73.645,42.82937,0
            -73.64495,42.82939,0
            -73.64489,42.8294,0
            -73.64472,42.82945,0
            -73.6447,42.82946,0
            -73.64425,42.82956,0
            -73.64402,42.82959,0
            -73.64399,42.8296,0
            -73.64378,42.82963,0
            -73.64344,42.82965,0
            -73.64328,42.82965,0
            -73.6431,42.82964,0
            -73.64305,42.82963,0
            -73.64281,42.8296,0
            -73.6428,42.82959,0
            -73.64257,42.82956,0
            -73.64242,42.82953,0
            -73.64241,42.82953,0
            -73.64232,42.82951,0
            -73.64185,42.82944,0
            -73.64184,42.82944,0
            -73.64172,42.82942,0
            -73.64171,42.82941,0
            -73.6416,42.8294,0
            -73.64137,42.82936,0
            -73.64132,42.82936,0
            -73.64058,42.82926,0
            -73.64048,42.82926,0
            -73.6404,42.82925,0
            -73.63952,42.82919,0
            -73.6395,42.82918,0
            -73.63943,42.82918,0
            -73.63873,42.82908,0
            -73.63871,42.82907,0
            -73.63856,42.82904,0
            -73.63854,42.82904,0
            -73.63851,42.82903,0
            -73.6376,42.82883,0
            -73.63753,42.82882,0
            -73.63692,42.82868,0
            -73.6369,42.82868,0
            -73.63683,42.82866,0
            -73.63669,42.82863,0
            -73.63667,42.82862,0
            -73.63612,42.8285,0
            -73.63598,42.82846,0
            -73.63595,42.82846,0
            -73.63575,42.8284,0
            -73.63566,42.82838,0
            -73.6354,42.8283,0
            -73.63539,42.8283,0
            -73.63494,42.82814,0
            -73.63425,42.82786,0
            -73.63421,42.82785,0
            -73.63413,42.82781,0
            -73.63372,42.82765,0
            -73.63306,42.82737,0
            -73.6325,42.82709,0
            -73.63246,42.82706,0
            -73.63243,42.82705,0
            -73.63203,42.82682,0
            -73.63172,42.82666,0
            -73.63167,42.82664,0
            -73.63106,42.82632,0
            -73.63071,42.82615,0
            -73.63066,42.82612,0
            -73.63005,42.82583,0
            -73.62994,42.82577,0
            -73.62989,42.82575,0
            -73.62938,42.8255,0
            -73.62968,42.82487,0
            -73.63029,42.82348,0
            -73.63045,42.82305,0
            -73.63045,42.82304,0
            -73.63059,42.8225,0
            -73.63088,42.82127,0
            -73.63104,42.82071,0
            -73.63109,42.82056,0
            -73.63133,42.81999,0
            -73.63137,42.81993,0
            -73.63151,42.81967,0
            -73.63203,42.81892,0
            -73.63207,42.81887,0
            -73.63252,42.81823,0
            -73.63257,42.81815,0
            -73.63261,42.8181,0
            -73.63267,42.818,0
            -73.63268,42.81799,0
            -73.63272,42.8179,0
            -73.63284,42.8177,0
            -73.63299,42.81738,0
            -73.6331,42.81705,0
            -73.63313,42.81698,0
            -73.63315,42.8169,0
            -73.63322,42.81672,0
            -73.63325,42.81661,0
            -73.63396,42.81449,0
            -73.63405,42.81411,0
            -73.63408,42.81393,0
            -73.63418,42.81029,0
            -73.63428,42.80929,0
            -73.6343,42.80899,0
            -73.63429,42.80816,0
            -73.63419,42.80661,0
            -73.63419,42.80655,0
            -73.63413,42.80564,0
            -73.63413,42.80554,0
            -73.63412,42.8055,0
            -73.6341,42.80518,0
            -73.6341,42.805,0
            -73.63413,42.80482,0
            -73.63426,42.80457,0
            -73.63434,42.80445,0
            -73.63456,42.80425,0
            -73.64012,42.7997,0
            -73.6406,42.79933,0
            -73.64062,42.79932,0
            -73.64165,42.79853,0
            -73.64334,42.79729,0
            -73.64337,42.79726,0
            -73.64372,42.79701,0
            -73.64399,42.7968,0
            -73.64419,42.79667,0
            -73.64427,42.79661,0
            -73.64471,42.79634,0
            -73.64472,42.79634,0
            -73.64509,42.7961,0
            -73.64535,42.79595,0
            -73.64568,42.79574,0
            -73.64756,42.79441,0
            -73.64775,42.79426,0
            -73.64783,42.79419,0
            -73.64794,42.79411,0
            -73.64813,42.79392,0
            -73.64814,42.79392,0
            -73.64818,42.79387,0
            -73.64851,42.79352,0
            -73.6486,42.79341,0
            -73.64894,42.79304,0
            -73.64898,42.79301,0
            -73.64906,42.79292,0
            -73.6493,42.79269,0
            -73.64981,42.79229,0
            -73.65035,42.79211,0
            -73.65076,42.79194,0
            -73.65139,42.79171,0
            -73.65163,42.79161,0
            -73.65205,42.79146,0
            -73.65215,42.79143,0
            -73.65271,42.79122,0
            -73.65281,42.79119,0
            -73.65358,42.7909,0
            -73.65371,42.79086,0
            -73.65622,42.78994,0
            -73.65712,42.78958,0
            -73.65734,42.78947,0
            -73.65741,42.78943,0
            -73.65751,42.78936,0
            -73.65757,42.7893,0
            -73.65763,42.78925,0
            -73.65837,42.78855,0
            -73.65842,42.78851,0
            -73.65857,42.78837,0
            -73.65915,42.78787,0
            -73.6592,42.78782,0
            -73.65946,42.78759,0
            -73.65947,42.78757,0
            -73.65953,42.7875,0
            -73.65958,42.78745,0
            -73.6596,42.78742,0
            -73.65962,42.7874,0
            -73.65981,42.7871,0
            -73.66031,42.7871,0
            -73.66131,42.78715,0
            -73.66142,42.78714,0
            -73.6615,42.78714,0
            -73.66153,42.78713,0
            -73.6616,42.78713,0
            -73.66173,42.7871,0
            -73.66177,42.7871,0
            -73.66223,42.78699,0
            -73.66274,42.78689,0
            -73.66277,42.78688,0
            -73.66297,42.78684,0
            -73.66325,42.7868,0
            -73.66344,42.78676,0
            -73.66349,42.78676,0
            -73.666,42.78635,0
            -73.66682,42.78618,0
            -73.66687,42.78616,0
            -73.66694,42.78615,0
            -73.66777,42.78583,0
            -73.66783,42.7858,0
            -73.66788,42.78579,0
            -73.66792,42.78577,0
            -73.66794,42.78577,0
            -73.66799,42.78576,0
            -73.66802,42.78575,0
            -73.66822,42.78575,0
            -73.66882,42.78592,0
            -73.6717,42.78664,0
            -73.67116,42.78783,0
            -73.67205,42.78808,0
            -73.67253,42.78824,0
            -73.67263,42.78828,0
            -73.6733,42.78851,0
            -73.67375,42.78865,0
            -73.67433,42.78885,0
            -73.67442,42.78887,0
            -73.67464,42.78895,0
            -73.6756,42.78924,0
            -73.67568,42.78927,0
            -73.67604,42.78938,0
            -73.6766,42.78958,0
            -73.67683,42.78965,0
            -73.68052,42.79092,0
            -73.68098,42.79102,0
            -73.68101,42.79103,0
            -73.6815,42.79103,0
            -73.68153,42.79104,0
            -73.68174,42.79104,0
            -73.68192,42.79108,0
            -73.68292,42.79139,0
            -73.68349,42.79167,0
            -73.6836,42.79171,0
            -73.68365,42.79172,0
            -73.6838,42.79172,0
            -73.68385,42.79171,0
            -73.68396,42.79167,0
            -73.68397,42.79166,0
            -73.68486,42.79122,0
            -73.68625,42.79062,0
            -73.68789,42.79034,0
            -73.68807,42.79029,0
            -73.68824,42.79022,0
            -73.68938,42.7895,0
            -73.68943,42.78949,0
            -73.68945,42.78949,0
            -73.68945,42.78948,0
            -73.68946,42.78948,0
            -73.69091,42.7886,0
            -73.69159,42.7881,0
            -73.6921,42.78775,0
            -73.69223,42.78768,0
            -73.69225,42.78766,0
            -73.69226,42.78766,0
            -73.69234,42.7876,0
            -73.69373,42.78682,0
            -73.69381,42.78678,0
            -73.69389,42.78673,0
            -73.69394,42.78669,0
            -73.694,42.78663,0
            -73.69406,42.78658,0
            -73.69417,42.7864,0
            -73.69434,42.78595,0
            -73.69477,42.78501,0
            -73.69484,42.78484,0
            -73.69492,42.78467,0
            -73.69506,42.78433,0
            -73.6951,42.7842,0
            -73.69516,42.78406,0
            -73.6952,42.78393,0
            -73.69521,42.78391,0
            -73.69531,42.7836,0
            -73.69532,42.78358,0
            -73.69539,42.78339,0
            -73.69563,42.7826,0
            -73.69635,42.78047,0
            -73.69641,42.78021,0
            -73.69642,42.78009,0
            -73.69642,42.78002,0
            -73.6964,42.77994,0
            -73.6964,42.77985,0
            -73.69639,42.77977,0
            -73.69636,42.7792,0
            -73.69638,42.77885,0
            -73.69645,42.77843,0
            -73.69651,42.77819,0
            -73.69669,42.77735,0
            -73.69674,42.77707,0
            -73.69676,42.77703,0
            -73.69684,42.77679,0
            -73.69689,42.77668,0
            -73.69699,42.77651,0
            -73.69711,42.77633,0
            -73.69724,42.77608,0
            -73.69728,42.77596,0
            -73.69736,42.77564,0
            -73.69769,42.77574,0
            -73.69794,42.77578,0
            -73.69805,42.77582,0
            -73.69823,42.77591,0
            -73.69837,42.77599,0
            -73.69879,42.77627,0
            -73.69891,42.77634,0
            -73.6994,42.77667,0
            -73.69958,42.77678,0
            -73.69959,42.77679,0
            -73.69988,42.77697,0
            -73.70003,42.77705,0
            -73.70023,42.77717,0
            -73.70042,42.77727,0
            -73.70042,42.77728,0
            -73.70081,42.7775,0
            -73.70101,42.7776,0
            -73.70123,42.77773,0
            -73.70126,42.77774,0
            -73.70188,42.7781,0
            -73.702,42.77818,0
            -73.70203,42.77819,0
            -73.7021,42.77825,0
            -73.70215,42.77828,0
            -73.70224,42.77836,0
            -73.70228,42.77839,0
            -73.70233,42.77845,0
            -73.70246,42.77858,0
            -73.70314,42.77943,0
            -73.70319,42.77948,0
            -73.70322,42.7795,0
            -73.70331,42.7796,0
            -73.70345,42.77972,0
            -73.70352,42.77979,0
            -73.70386,42.78008,0
            -73.70468,42.78083,0
            -73.70477,42.78092,0
            -73.70496,42.78108,0
            -73.70711,42.78301,0
            -73.70728,42.78314,0
            -73.70764,42.78336,0
            -73.70766,42.78336,0
            -73.70789,42.78348,0
            -73.70804,42.78354,0
            -73.70848,42.78369,0
            -73.70859,42.78372,0
            -73.70864,42.78372,0
            -73.70883,42.78377,0
            -73.70949,42.78389,0
            -73.70975,42.78395,0
            -73.70988,42.784,0
            -73.70996,42.78404,0
            -73.71011,42.78415,0
            -73.71016,42.78421,0
            -73.71021,42.78425,0
            -73.71046,42.78453,0
            -73.71072,42.7848,0
            -73.71094,42.78509,0
            -73.71102,42.78527,0
            -73.71102,42.78529,0
            -73.71102,42.78527,0
            -73.71094,42.78509,0
            -73.71072,42.7848,0
            -73.71046,42.78453,0
            -73.71021,42.78425,0
            -73.71016,42.78421,0
            -73.71011,42.78415,0
            -73.70996,42.78404,0
            -73.70988,42.784,0
            -73.70975,42.78395,0
            -73.70949,42.78389,0
            -73.70883,42.78377,0
            -73.70864,42.78372,0
            -73.70859,42.78372,0
            -73.70848,42.78369,0
            -73.70804,42.78354,0
            -73.70789,42.78348,0
            -73.70766,42.78336,0
            -73.70764,42.78336,0
            -73.70728,42.78314,0
            -73.70711,42.78301,0
            -73.70496,42.78108,0
            -73.70477,42.78092,0
            -73.70468,42.78083,0
            -73.70386,42.78008,0
            -73.70352,42.77979,0
            -73.70345,42.77972,0
            -73.70331,42.7796,0
            -73.70322,42.7795,0
            -73.70319,42.77948,0
            -73.70314,42.77943,0
            -73.70246,42.77858,0
            -73.70233,42.77845,0
            -73.70228,42.77839,0
            -73.70224,42.77836,0
            -73.70215,42.77828,0
            -73.7021,42.77825,0
            -73.70203,42.77819,0
            -73.702,42.77818,0
            -73.70188,42.7781,0
            -73.70126,42.77774,0
            -73.70123,42.77773,0
            -73.70101,42.7776,0
            -73.70081,42.7775,0
            -73.70042,42.77728,0
            -73.70042,42.77727,0
            -73.70023,42.77717,0
            -73.70003,42.77705,0
            -73.69988,42.77697,0
            -73.69959,42.77679,0
            -73.69958,42.77678,0
            -73.6994,42.77667,0
            -73.69891,42.77634,0
            -73.69879,42.77627,0
            -73.69837,42.77599,0
            -73.69823,42.77591,0
            -73.69805,42.77582,0
            -73.69794,42.77578,0
            -73.69776,42.77566,0
            -73.69774,42.77565,0
            -73.69759,42.7756,0
            -73.69733,42.7755,0
            -73.69729,42.77547,0
            -73.69723,42.77544,0
            -73.69707,42.7753,0
            -73.69691,42.77511,0
            -73.69684,42.775,0
            -73.69679,42.77491,0
            -73.69677,42.77485,0
            -73.69676,42.77483,0
            -73.69675,42.77478,0
            -73.69673,42.77473,0
            -73.69671,42.7746,0
            -73.69671,42.77437,0
            -73.69676,42.77407,0
            -73.69716,42.7723,0
            -73.69719,42.77219,0
            -73.6972,42.77212,0
            -73.69723,42.77201,0
            -73.69728,42.77177,0
            -73.6973,42.7717,0
            -73.69739,42.7713,0
            -73.69741,42.77117,0
            -73.69747,42.77093,0
            -73.69767,42.77,0
            -73.69776,42.76964,0
            -73.69806,42.76859,0
            -73.69852,42.76735,0
            -73.69867,42.7669,0
            -73.69877,42.76646,0
            -73.69885,42.76591,0
            -73.69885,42.76586,0
            -73.69886,42.76582,0
            -73.69887,42.76573,0
            -73.69889,42.76534,0
            -73.69888,42.76498,0
            -73.69865,42.76259,0
            -73.69857,42.76192,0
            -73.69854,42.76141,0
            -73.69853,42.7614,0
            -73.69852,42.76122,0
            -73.69845,42.76049,0
            -73.69845,42.76045,0
            -73.6984,42.75998,0
            -73.69835,42.75925,0
            -73.69835,42.75906,0
            -73.69836,42.75899,0
            -73.69836,42.75881,0
            -73.69841,42.75827,0
            -73.69841,42.75823,0
            -73.69849,42.75765,0
            -73.69849,42.75763,0
            -73.6985,42.7576,0
            -73.6985,42.75756,0
            -73.69863,42.75658,0
            -73.69863,42.75656,0
            -73.69864,42.75648,0
            -73.69866,42.75638,0
            -73.69877,42.75544,0
            -73.69884,42.75498,0
            -73.69885,42.75496,0
            -73.69885,42.75494,0
            -73.6993,42.75141,0
            -73.69936,42.75076,0
            -73.69935,42.74992,0
            -73.69922,42.74915,0
            -73.69913,42.74881,0
            -73.69901,42.74845,0
            -73.69893,42.74824,0
            -73.69881,42.74796,0
            -73.6988,42.74792,0
            -73.69877,42.74784,0
            -73.69876,42.74783,0
            -73.69764,42.74514,0
            -73.69757,42.74493,0
            -73.69754,42.74482,0
            -73.69751,42.74468,0
            -73.69748,42.74446,0
            -73.69747,42.74442,0
            -73.69746,42.74435,0
            -73.69746,42.74425,0
            -73.69745,42.74409,0
            -73.69745,42.74376,0
            -73.69749,42.74342,0
            -73.69753,42.74321,0
            -73.69757,42.74305,0
            -73.69777,42.74243,0
            -73.6978,42.7423,0
            -73.69782,42.74224,0
            -73.69784,42.74216,0
            -73.69793,42.74191,0
            -73.69827,42.74084,0
            -73.69828,42.74082,0
            -73.69884,42.73911,0
            -73.69895,42.73881,0
            -73.69905,42.73857,0
            -73.6992,42.73809,0
            -73.69931,42.73767,0
            -73.69935,42.73727,0
            -73.69936,42.73707,0
            -73.69933,42.73667,0
            -73.69931,42.73651,0
            -73.69928,42.73636,0
            -73.69903,42.7355,0
            -73.69898,42.7354,0
            -73.69895,42.73528,0
            -73.6989,42.73516,0
            -73.69867,42.73448,0
            -73.69855,42.73417,0
            -73.69845,42.73383,0
            -73.6984,42.73358,0
            -73.6984,42.73354,0
            -73.69838,42.73342,0
            -73.69837,42.73339,0
            -73.69836,42.73321,0
            -73.69835,42.73315,0
            -73.69835,42.7331,0
            -73.69834,42.73304,0
            -73.69834,42.73277,0
            -73.69837,42.73239,0
            -73.69842,42.7321,0
            -73.69849,42.73181,0
            -73.6986,42.7315,0
            -73.69863,42.73139,0
            -73.69867,42.7313,0
            -73.69871,42.73118,0
            -73.69895,42.73058,0
            -73.69896,42.73057,0
            -73.69907,42.73028,0
            -73.69912,42.73017,0
            -73.6994,42.72946,0
            -73.69956,42.72901,0
            -73.69964,42.72862,0
            -73.69964,42.72861,0
            -73.69965,42.7286,0
            -73.69966,42.72849,0
            -73.69968,42.7284,0
            -73.69971,42.72808,0
            -73.69971,42.72783,0
            -73.69972,42.72758,0
            -73.69968,42.72706,0
            -73.69965,42.7263,0
            -73.69965,42.72603,0
            -73.6997,42.72555,0
            -73.69972,42.72548,0
            -73.69974,42.72535,0
            -73.69983,42.725,0
            -73.6999,42.72482,0
            -73.69993,42.72472,0
            -73.70024,42.72391,0
            -73.7003,42.72373,0
            -73.70037,42.72355,0
            -73.70038,42.72351,0
            -73.70054,42.72312,0
            -73.70077,42.72249,0
            -73.70116,42.72151,0
            -73.7013,42.72113,0
            -73.70153,42.72056,0
            -73.70173,42.72002,0
            -73.70186,42.71961,0
            -73.70286,42.71703,0
            -73.70318,42.71629,0
            -73.70318,42.71628,0
            -73.70342,42.71576,0
            -73.70346,42.71566,0
            -73.70385,42.71482,0
            -73.70404,42.71434,0
            -73.70409,42.71423,0
            -73.70422,42.71386,0
            -73.70443,42.7132,0
            -73.70443,42.71318,0
            -73.70447,42.71305,0
            -73.70448,42.713,0
            -73.70474,42.71211,0
            -73.70474,42.71209,0
            -73.70671,42.70527,0
            -73.70682,42.70494,0
            -73.70714,42.70384,0
            -73.70716,42.70375,0
            -73.70719,42.70366,0
            -73.70778,42.70158,0
            -73.70782,42.70148,0
            -73.70796,42.70096,0
            -73.7084,42.69949,0
            -73.70854,42.69898,0
            -73.70885,42.69795,0
            -73.70893,42.69762,0
            -73.70902,42.6973,0
            -73.70926,42.69654,0
            -73.70939,42.69608,0
            -73.70954,42.69563,0
            -73.70984,42.69492,0
            -73.71007,42.69447,0
            -73.71019,42.69426,0
            -73.71054,42.69372,0
            -73.71073,42.69345,0
            -73.71119,42.69287,0
            -73.71137,42.69266,0
            -73.71155,42.69247,0
            -73.71192,42.69211,0
            -73.71243,42.69165,0
            -73.71486,42.68957,0
            -73.71604,42.6886,0
            -73.71608,42.68856,0
            -73.71883,42.68623,0
            -73.71909,42.68599,0
            -73.71973,42.68544,0
            -73.72037,42.68484,0
            -73.7208,42.68439,0
            -73.72138,42.68374,0
            -73.72192,42.68304,0
            -73.72232,42.68249,0
            -73.72234,42.68244,0
            -73.72244,42.68231,0
            -73.72253,42.68216,0
            -73.72266,42.68197,0
            -73.72313,42.68118,0
            -73.7235,42.68042,0
            -73.72354,42.6803,0
            -73.72494,42.67697,0
            -73.72524,42.67622,0
            -73.72535,42.67597,0
            -73.72547,42.67566,0
            -73.72551,42.67559,0
            -73.72554,42.67551,0
            -73.72567,42.67524,0
            -73.72605,42.67457,0
            -73.72624,42.67429,0
            -73.72682,42.67355,0
            -73.72685,42.67352,0
            -73.72693,42.67342,0
            -73.727,42.67335,0
            -73.72702,42.67332,0
            -73.72712,42.67322,0
            -73.72719,42.67314,0
            -73.72742,42.67291,0
            -73.72745,42.67289,0
            -73.72755,42.67279,0
            -73.72773,42.67263,0
            -73.72793,42.67243,0
            -73.72871,42.6717,0
            -73.72881,42.67158,0
            -73.72899,42.6714,0
            -73.72917,42.67124,0
            -73.72935,42.67106,0
            -73.72954,42.67089,0
            -73.72963,42.6708,0
            -73.72972,42.67072,0
            -73.7299,42.67054,0
            -73.73009,42.67037,0
            -73.73027,42.67019,0
            -73.73045,42.67003,0
            -73.73054,42.66994,0
            -73.73063,42.66986,0
            -73.73073,42.66976,0
            -73.73082,42.66968,0
            -73.73091,42.66959,0
            -73.731,42.66951,0
            -73.73109,42.66942,0
            -73.73118,42.66934,0
            -73.73128,42.66924,0
            -73.73137,42.66916,0
            -73.73147,42.66906,0
            -73.73156,42.66898,0
            -73.73165,42.66889,0
            -73.73171,42.66884,0
            -73.73266,42.66794,0
            -73.73267,42.66792,0
            -73.73271,42.66788,0
            -73.73275,42.66785,0
            -73.73336,42.66723,0
            -73.73344,42.66713,0
            -73.73377,42.66676,0
            -73.73384,42.66667,0
            -73.73416,42.6663,0
            -73.73452,42.66582,0
            -73.73484,42.66536,0
            -73.7349,42.66526,0
            -73.73516,42.66487,0
            -73.73528,42.66467,0
            -73.73535,42.66457,0
            -73.73547,42.66437,0
            -73.73549,42.66435,0
            -73.73559,42.66427,0
            -73.7364,42.663,0
            -73.73642,42.66295,0
            -73.7368,42.66236,0
            -73.73687,42.66227,0
            -73.73693,42.66217,0
            -73.73707,42.66198,0
            -73.73714,42.66187,0
            -73.73738,42.66157,0
            -73.73751,42.66139,0
            -73.73766,42.66121,0
            -73.73782,42.661,0
            -73.73789,42.66093,0
            -73.73792,42.66089,0
            -73.73792,42.66088,0
            -73.73821,42.66056,0
            -73.73831,42.66046,0
            -73.73862,42.66012,0
            -73.73926,42.65949,0
            -73.7397,42.65909,0
            -73.73998,42.65885,0
            -73.74081,42.65818,0
            -73.74083,42.65817,0
            -73.74101,42.65802,0
            -73.74123,42.65786,0
            -73.74123,42.65785,0
            -73.74142,42.6577,0
            -73.74163,42.65752,0
            -73.74207,42.65717,0
            -73.74252,42.65684,0
            -73.7429,42.65653,0
            -73.74527,42.65469,0
            -73.74539,42.65458,0
            -73.74548,42.65451,0
            -73.74571,42.65431,0
            -73.74595,42.65407,0
            -73.74599,42.65402,0
            -73.74619,42.65382,0
            -73.74623,42.65377,0
            -73.74635,42.65364,0
            -73.74673,42.65315,0
            -73.747,42.65277,0
            -73.747,42.65276,0
            -73.74726,42.65233,0
            -73.74759,42.65173,0
            -73.74789,42.65112,0
            -73.74794,42.651,0
            -73.74799,42.65091,0
            -73.74834,42.65007,0
            -73.74857,42.64933,0
            -73.7486,42.64921,0
            -73.74871,42.64867,0
            -73.74875,42.64837,0
            -73.74877,42.64827,0
            -73.74878,42.64816,0
            -73.7488,42.64805,0
            -73.74882,42.64785,0
            -73.74889,42.64738,0
            -73.7489,42.64727,0
            -73.74896,42.64698,0
            -73.74902,42.64677,0
            -73.74904,42.64667,0
            -73.74918,42.64626,0
            -73.74932,42.64591,0
            -73.74935,42.64586,0
            -73.74941,42.64573,0
            -73.74942,42.6457,0
            -73.74974,42.64517,0
            -73.74991,42.64495,0
            -73.75,42.64482,0
            -73.75111,42.64342,0
            -73.75118,42.64334,0
            -73.75156,42.64281,0
            -73.75167,42.64263,0
            -73.75168,42.6426,0
            -73.75319,42.63989,0
            -73.75333,42.63969,0
            -73.75346,42.63952,0
            -73.7537,42.63925,0
            -73.75378,42.63918,0
            -73.75389,42.63907,0
            -73.75391,42.63906,0
            -73.75411,42.63889,0
            -73.75439,42.63867,0
            -73.75482,42.63836,0
            -73.75484,42.63835,0
            -73.75526,42.63807,0
            -73.75584,42.63772,0
            -73.75658,42.63732,0
            -73.75684,42.63719,0
            -73.76405,42.63333,0
            -73.76426,42.63323,0
            -73.76466,42.63307,0
            -73.76477,42.63304,0
            -73.76482,42.63302,0
            -73.76525,42.63291,0
            -73.76562,42.63284,0
            -73.76585,42.63282,0
            -73.7659,42.63281,0
            -73.76617,42.63279,0
            -73.76674,42.63279,0
            -73.76688,42.6328,0
            -73.76704,42.63282,0
            -73.76742,42.63285,0
            -73.76767,42.63288,0
            -73.76793,42.6329,0
            -73.76825,42.63294,0
            -73.76928,42.63303,0
            -73.77613,42.63375,0
            -73.77627,42.63377,0
            -73.77643,42.63378,0
            -73.77656,42.6338,0
            -73.77657,42.6338,0
            -73.77671,42.63383,0
            -73.77697,42.63391,0
            -73.7771,42.63396,0
            -73.77723,42.63402,0
            -73.77724,42.63403,0
            -73.77735,42.63409,0
            -73.77744,42.63415,0
            -73.77755,42.63424,0
            -73.77764,42.63433,0
            -73.77771,42.63442,0
            -73.77777,42.63451,0
            -73.77786,42.6347,0
            -73.77788,42.63479,0
            -73.7779,42.63498,0
            -73.77789,42.63506,0
            -73.77786,42.6352,0
            -73.77765,42.63591,0
            -73.77706,42.63581,0
            -73.77697,42.6358,0
            -73.77679,42.63576,0
            -73.77652,42.63567,0
            -73.77638,42.63561,0
            -73.77627,42.63557,0
            -73.77593,42.63539,0
            -73.77574,42.63527,0
            -73.77563,42.63519,0
            -73.77558,42.63514,0
            -73.77553,42.6351,0
            -73.77546,42.63503,0
            -73.77539,42.63497,0
            -73.77533,42.63491,0
            -73.77523,42.63479,0
            -73.77518,42.63472,0
            -73.77511,42.6346,0
            -73.77505,42.63446,0
            -73.77503,42.63439,0
            -73.775,42.63433,0
            -73.775,42.63431,0
            -73.77499,42.63427,0
            -73.77499,42.63421,0
            -73.77498,42.63414,0
            -73.775,42.634,0
            -73.77551,42.63246,0
            -73.77571,42.63192,0
            -73.77574,42.63182,0
            -73.77577,42.63174,0
            -73.77581,42.63159,0
            -73.77587,42.63143,0
            -73.77622,42.63035,0
            -73.77636,42.62988,0
            -73.77652,42.62912,0
            -73.77657,42.62882,0
            -73.77665,42.62812,0
            -73.77673,42.62805,0
            -73.77673,42.62801,0
            -73.77675,42.62783,0
            -73.77677,42.62751,0
            -73.77682,42.62712,0
            -73.77682,42.62707,0
            -73.77684,42.62694,0
            -73.77685,42.6268,0
            -73.77686,42.62676,0
            -73.7769,42.62643,0
            -73.77701,42.62581,0
            -73.77712,42.62464,0
            -73.77714,42.62428,0
            -73.77722,42.6236,0
            -73.77723,42.62357,0
            -73.77732,42.62278,0
            -73.77732,42.62271,0
            -73.77737,42.62246,0
            -73.77738,42.62238,0
            -73.7774,42.62233,0
            -73.77741,42.62229,0
            -73.77746,42.62215,0
            -73.77751,42.62203,0
            -73.77765,42.62177,0
            -73.77779,42.62158,0
            -73.7778,42.62156,0
            -73.77786,42.62148,0
            -73.77793,42.6214,0
            -73.77797,42.62134,0
            -73.77799,42.62133,0
            -73.77801,42.6213,0
            -73.77807,42.62124,0
            -73.77839,42.62098,0
            -73.77876,42.62073,0
            -73.77899,42.6206,0
            -73.77912,42.62054,0
            -73.77915,42.62053,0
            -73.77924,42.62048,0
            -73.77939,42.62042,0
            -73.77979,42.62029,0
            -73.77987,42.62027,0
            -73.77995,42.62026,0
            -73.78006,42.62023,0
            -73.78021,42.62021,0
            -73.78036,42.62018,0
            -73.78078,42.62012,0
            -73.7808,42.62012,0
            -73.78179,42.61997,0
            -73.78248,42.61981,0
            -73.78302,42.61965,0
            -73.78338,42.61951,0
            -73.78345,42.61947,0
            -73.78362,42.61939,0
            -73.78381,42.61928,0
            -73.78387,42.61924,0
            -73.78396,42.61919,0
            -73.78424,42.61899,0
            -73.7844,42.61883,0
            -73.78447,42.61875,0
            -73.78455,42.61867,0
            -73.7846,42.6186,0
            -73.78473,42.61844,0
            -73.7848,42.61833,0
            -73.78481,42.61833,0
            -73.78499,42.61802,0
            -73.78512,42.61792,0
            -73.78514,42.6179,0
            -73.78536,42.6176,0
            -73.78555,42.61731,0
            -73.78561,42.61723,0
            -73.78563,42.61721,0
            -73.78567,42.61715,0
            -73.78578,42.61702,0
            -73.78592,42.61688,0
            -73.78597,42.61684,0
            -73.78601,42.6168,0
            -73.78606,42.61676,0
            -73.78607,42.61676,0
            -73.78612,42.61671,0
            -73.78632,42.61657,0
            -73.7866,42.6164,0
            -73.78704,42.6162,0
            -73.78747,42.61606,0
            -73.78759,42.61603,0
            -73.7877,42.61601,0
            -73.78782,42.61598,0
            -73.78801,42.61595,0
            -73.7885,42.6159,0
            -73.78875,42.6159,0
            -73.7889,42.61591,0
            -73.78905,42.61591,0
            -73.7898,42.61598,0
            -73.78995,42.616,0
            -73.79285,42.61626,0
            -73.79759,42.61663,0
            -73.79796,42.61665,0
            -73.79817,42.61667,0
            -73.79862,42.61669,0
            -73.79925,42.61669,0
            -73.79934,42.61668,0
            -73.79947,42.61668,0
            -73.80026,42.61661,0
            -73.8011,42.61645,0
            -73.80133,42.61639,0
            -73.80139,42.61638,0
            -73.80207,42.61617,0
            -73.80289,42.61587,0
            -73.803,42.61584,0
            -73.80327,42.61574,0
            -73.80333,42.61571,0
            -73.8077,42.6141,0
            -73.80771,42.6141,0
            -73.8085,42.61381,0
            -73.80935,42.61347,0
            -73.81012,42.61312,0
            -73.8166,42.60938,0
            -73.81667,42.60935,0
            -73.81745,42.60892,0
            -73.82058,42.60729,0
            -73.82062,42.60726,0
            -73.82267,42.60619,0
            -73.82298,42.60605,0
            -73.82305,42.60601,0
            -73.82319,42.60595,0
            -73.8233,42.60591,0
            -73.82345,42.60584,0
            -73.82382,42.60571,0
            -73.82452,42.60552,0
            -73.82455,42.60552,0
            -73.82495,42.60544,0
            -73.82567,42.60536,0
            -73.82572,42.60536,0
            -73.82575,42.60535,0
            -73.82591,42.60535,0
            -73.82597,42.60534,0
            -73.82648,42.60534,0
            -73.83521,42.60562,0
            -73.83541,42.60562,0
            -73.84176,42.60583,0
            -73.84259,42.60588,0
            -73.84236,42.60561,0
            -73.84209,42.60532,0
            -73.84205,42.60529,0
            -73.84087,42.60396,0
            -73.84079,42.60386,0
            -73.84073,42.6038,0
            -73.84068,42.60372,0
            -73.84062,42.60365,0
            -73.84048,42.60341,0
            -73.84033,42.60301,0
            -73.84032,42.60295,0
            -73.84029,42.60288,0
            -73.84023,42.60264,0
            -73.84022,42.60258,0
            -73.84023,42.60252,0
            -73.84023,42.6025,0
            -73.84021,42.60245,0
            -73.84017,42.6021,0
            -73.83979,42.60045,0
            -73.83964,42.59998,0
            -73.83958,42.59987,0
            -73.83926,42.59851,0
            -73.8392,42.59813,0
            -73.83919,42.59793,0
            -73.83916,42.59764,0
            -73.83916,42.59706,0
            -73.83917,42.59701,0
            -73.83917,42.59696,0
            -73.83919,42.59684,0
            -73.83919,42.59682,0
            -73.83925,42.59633,0
            -73.83934,42.59594,0
            -73.83936,42.59589,0
            -73.83944,42.59559,0
            -73.83949,42.59543,0
            -73.83949,42.59542,0
            -73.83953,42.59533,0
            -73.83963,42.59506,0
            -73.8397,42.59492,0
            -73.83977,42.59476,0
            -73.83977,42.59475,0
            -73.83998,42.59435,0
            -73.84026,42.5939,0
            -73.84066,42.59335,0
            -73.84079,42.59319,0
            -73.84105,42.5929,0
            -73.84128,42.59267,0
            -73.8416,42.59237,0
            -73.84183,42.59217,0
            -73.84221,42.59188,0
            -73.84228,42.59182,0
            -73.84277,42.59148,0
            -73.84309,42.59128,0
            -73.84351,42.59104,0
            -73.84417,42.59071,0
            -73.84451,42.59056,0
            -73.84493,42.59039,0
            -73.84576,42.59011,0
            -73.84604,42.59003,0
            -73.84625,42.58998,0
            -73.84641,42.58993,0
            -73.84705,42.58979,0
            -73.84759,42.58969,0
            -73.84762,42.58969,0
            -73.84832,42.5896,0
            -73.84923,42.58952,0
            -73.84928,42.58952,0
            -73.85114,42.58936,0
            -73.85188,42.58926,0
            -73.8524,42.58917,0
            -73.85358,42.58891,0
            -73.85365,42.5889,0
            -73.85462,42.58867,0
            -73.85482,42.58863,0
            -73.85491,42.5886,0
            -73.85558,42.58842,0
            -73.8564,42.58815,0
            -73.8574,42.58777,0
            -73.85766,42.58766,0
            -73.85777,42.5876,0
            -73.85798,42.58751,0
            -73.85804,42.58749,0
            -73.86062,42.58623,0
            -73.86124,42.58595,0
            -73.86158,42.58581,0
            -73.86256,42.58545,0
            -73.86334,42.58522,0
            -73.86336,42.58522,0
            -73.86364,42.58514,0
            -73.86589,42.58462,0
            -73.86639,42.58448,0
            -73.86666,42.58439,0
            -73.86707,42.58421,0
            -73.86712,42.58418,0
            -73.86724,42.58412,0
            -73.86734,42.58409,0
            -73.86744,42.58404,0
            -73.86771,42.58385,0
            -73.86778,42.58379,0
            -73.86786,42.58373,0
            -73.86793,42.58366,0
            -73.868,42.5836,0
            -73.86807,42.58352,0
            -73.86817,42.58342,0
            -73.86842,42.58312,0
            -73.86922,42.58225,0
            -73.86961,42.58188,0
            -73.86979,42.58173,0
            -73.87017,42.58144,0
            -73.87039,42.58129,0
            -73.87073,42.58109,0
            -73.87125,42.58081,0
            -73.87167,42.58062,0
            -73.87174,42.58057,0
            -73.87197,42.58047,0
            -73.87219,42.58039,0
            -73.87353,42.57984,0
            -73.87394,42.57969,0
            -73.87402,42.57967,0
            -73.87437,42.57956,0
            -73.87529,42.5793,0
            -73.87534,42.57929,0
            -73.87538,42.57927,0
            -73.87548,42.57924,0
            -73.87567,42.57916,0
            -73.87571,42.57915,0
            -73.8782,42.57812,0
            -73.87816,42.57795,0
            -73.87815,42.57785,0
            -73.87816,42.57779,0
            -73.87816,42.57776,0
            -73.8783,42.57745,0
            -73.87842,42.57725,0
            -73.87845,42.57719,0
            -73.87847,42.57708,0
            -73.87844,42.57695,0
            -73.87843,42.57693,0
            -73.87842,42.5769,0
            -73.8784,42.57686,0
            -73.87832,42.57676,0
            -73.87831,42.57674,0
            -73.87734,42.5758,0
            -73.87706,42.57548,0
            -73.87623,42.57461,0
            -73.87617,42.57454,0
            -73.87518,42.57353,0
            -73.87514,42.57348,0
            -73.87499,42.57335,0
            -73.87401,42.57268,0
            -73.87398,42.57267,0
            -73.87389,42.5726,0
            -73.87329,42.57221,0
            -73.87325,42.57219,0
            -73.87321,42.57216,0
            -73.87271,42.57184,0
            -73.87266,42.57182,0
            -73.87255,42.57176,0
            -73.87249,42.57174,0
            -73.87206,42.57153,0
            -73.87182,42.57149,0
            -73.87169,42.57146,0
            -73.87161,42.57145,0
            -73.87153,42.57143,0
            -73.87124,42.57134,0
            -73.87114,42.5713,0
            -73.87091,42.57123,0
            -73.87056,42.571,0
            -73.87036,42.57085,0
            -73.86959,42.57032,0
            -73.86947,42.5702,0
            -73.86934,42.57002,0
            -73.86919,42.56979,0
            -73.86918,42.56978,0
            -73.86892,42.56939,0
            -73.8683,42.56851,0
            -73.86829,42.5685,0
            -73.86828,42.56848,0
            -73.86818,42.56836,0
            -73.86817,42.56834,0
            -73.86815,42.56832,0
            -73.86813,42.56829,0
            -73.86805,42.56819,0
            -73.86795,42.56802,0
            -73.86793,42.568,0
            -73.86785,42.56787,0
            -73.86785,42.56786,0
            -73.86784,42.56785,0
            -73.8678,42.56778,0
            -73.86752,42.56738,0
            -73.86751,42.56736,0
            -73.8675,42.56735,0
            -73.86745,42.56727,0
            -73.86742,42.56723,0
            -73.86741,42.56722,0
            -73.8674,42.5672,0
            -73.86739,42.56719,0
            -73.86736,42.56714,0
            -73.86712,42.56683,0
            -73.86684,42.56644,0
            -73.86683,42.56643,0
            -73.86682,42.56641,0
            -73.86681,42.5664,0
            -73.86679,42.56637,0
            -73.86677,42.56635,0
            -73.86636,42.56579,0
            -73.86635,42.56578,0
            -73.86632,42.56574,0
            -73.8663,42.5657,0
            -73.86613,42.56548,0
            -73.86608,42.5654,0
            -73.86605,42.56537,0
            -73.86602,42.56532,0
            -73.86572,42.56493,0
            -73.86567,42.56485,0
            -73.86551,42.56465,0
            -73.86546,42.5646,0
            -73.86541,42.56454,0
            -73.86533,42.56447,0
            -73.86531,42.56446,0
            -73.86529,42.56444,0
            -73.86508,42.56431,0
            -73.86505,42.5643,0
            -73.86496,42.56424,0
            -73.86486,42.56419,0
            -73.86416,42.56379,0
            -73.86408,42.56375,0
            -73.86357,42.56344,0
            -73.86342,42.56336,0
            -73.8634,42.56334,0
            -73.86332,42.5633,0
            -73.86307,42.56314,0
            -73.8629,42.56298,0
            -73.8628,42.5629,0
            -73.86261,42.56269,0
            -73.8626,42.56267,0
            -73.86254,42.56261,0
            -73.86248,42.56254,0
            -73.86247,42.56252,0
            -73.86236,42.56238,0
            -73.86234,42.56237,0
            -73.86232,42.56234,0
            -73.86224,42.56216,0
            -73.86223,42.56213,0
            -73.86221,42.56204,0
            -73.86221,42.56202,0
            -73.86211,42.56133,0
            -73.86211,42.56131,0
            -73.86199,42.56042,0
            -73.86195,42.5602,0
            -73.86194,42.56007,0
            -73.86194,42.55985,0
            -73.86197,42.55959,0
            -73.86197,42.55954,0
            -73.86205,42.55918,0
            -73.86218,42.55881,0
            -73.8622,42.55873,0
            -73.86245,42.55793,0
            -73.86245,42.55792,0
            -73.86258,42.55752,0
            -73.86259,42.55751,0
            -73.86261,42.5574,0
            -73.86267,42.55716,0
            -73.8628,42.55645,0
            -73.86288,42.55611,0
            -73.86303,42.55557,0
            -73.86309,42.55527,0
            -73.86312,42.55516,0
            -73.86327,42.55443,0
            -73.86328,42.55442,0
            -73.86332,42.55423,0
            -73.86341,42.55394,0
            -73.86352,42.55371,0
            -73.86373,42.5532,0
            -73.86464,42.55153,0
            -73.8649,42.55114,0
            -73.86498,42.55093,0
            -73.865,42.55086,0
            -73.86503,42.55068,0
            -73.86515,42.55015,0
            -73.8652,42.54997,0
            -73.86523,42.5499,0
            -73.8653,42.54977,0
            -73.86561,42.54932,0
            -73.86562,42.5493,0
            -73.86572,42.54916,0
            -73.86574,42.54914,0
            -73.8658,42.54899,0
            -73.86583,42.54895,0
            -73.86587,42.54882,0
            -73.86589,42.54872,0
            -73.86589,42.54859,0
            -73.8659,42.54854,0
            -73.8659,42.54823,0
            -73.86589,42.54805,0
            -73.86589,42.5478,0
            -73.8659,42.54769,0
            -73.8659,42.54715,0
            -73.86588,42.54686,0
            -73.86587,42.54679,0
            -73.86584,42.54665,0
            -73.86583,42.54662,0
            -73.8658,42.54647,0
            -73.8658,42.54644,0
            -73.86569,42.54591,0
            -73.86568,42.54572,0
            -73.86567,42.54566,0
            -73.86569,42.5454,0
            -73.8657,42.54537,0
            -73.86571,42.54524,0
            -73.86571,42.54514,0
            -73.86587,42.54452,0
            -73.86587,42.54451,0
            -73.86589,42.54446,0
            -73.8659,42.54442,0
            -73.86592,42.5443,0
            -73.86594,42.54424,0
            -73.86607,42.54341,0
            -73.86609,42.54323,0
            -73.86621,42.54242,0
          </coordinates>
        </LineString>
      </Placemark>
      <Placemark>
        <name>Brauer Geologic Field Station</name>
        <styleUrl>#icon-1899-DB4436-nodesc</styleUrl>
        <Point>
          <coordinates>
            -73.8662068,42.5424194,0
          </coordinates>
        </Point>
      </Placemark>
      <Placemark>
        <name>Lester Park stromatolites</name>
        <styleUrl>#icon-1899-DB4436-nodesc</styleUrl>
        <Point>
          <coordinates>
            -73.8469662,43.095188,0
          </coordinates>
        </Point>
      </Placemark>
      <Placemark>
        <name>Saratoga Spa State Park</name>
        <styleUrl>#icon-1899-DB4436-nodesc</styleUrl>
        <Point>
          <coordinates>
            -73.7979417,43.0540852,0
          </coordinates>
        </Point>
      </Placemark>
      <Placemark>
        <name><![CDATA[Stark's Knob]]></name>
        <styleUrl>#icon-1899-DB4436-nodesc</styleUrl>
        <Point>
          <coordinates>
            -73.5866957,43.1181213,0
          </coordinates>
        </Point>
      </Placemark>
      <Placemark>
        <name>Albany clay</name>
        <styleUrl>#icon-1899-DB4436-nodesc</styleUrl>
        <Point>
          <coordinates>
            -73.6606266,42.82502,0
          </coordinates>
        </Point>
      </Placemark>
      <Placemark>
        <name>Cohoes Falls overlook park</name>
        <styleUrl>#icon-1899-DB4436-nodesc</styleUrl>
        <Point>
          <coordinates>
            -73.7110193,42.7852851,0
          </coordinates>
        </Point>
      </Placemark>
      <Placemark>
        <name>Brauer Geologic Field Station</name>
        <styleUrl>#icon-1899-DB4436-nodesc</styleUrl>
        <Point>
          <coordinates>
            -73.8662068,42.5424194,0
          </coordinates>
        </Point>
      </Placemark>
    </Folder>
    <Folder>
      <name>Day 3</name>
      <Placemark>
        <name>Day 3</name>
        <styleUrl>#line-1267FF-5000-nodesc</styleUrl>
        <LineString>
          <tessellate>1</tessellate>
          <coordinates>
            -73.86621,42.54242,0
            -73.86609,42.54323,0
            -73.86607,42.54341,0
            -73.86594,42.54424,0
            -73.86592,42.5443,0
            -73.8659,42.54442,0
            -73.86589,42.54446,0
            -73.86587,42.54451,0
            -73.86587,42.54452,0
            -73.86571,42.54514,0
            -73.86571,42.54524,0
            -73.8657,42.54537,0
            -73.86569,42.5454,0
            -73.86567,42.54566,0
            -73.86568,42.54572,0
            -73.86569,42.54591,0
            -73.86573,42.54608,0
            -73.8658,42.54644,0
            -73.8658,42.54647,0
            -73.86583,42.54662,0
            -73.86584,42.54665,0
            -73.86587,42.54679,0
            -73.86588,42.54686,0
            -73.8659,42.54715,0
            -73.8659,42.54769,0
            -73.86589,42.5478,0
            -73.86589,42.54805,0
            -73.8659,42.54823,0
            -73.8659,42.54854,0
            -73.86589,42.54859,0
            -73.86589,42.54872,0
            -73.86587,42.54882,0
            -73.86583,42.54895,0
            -73.8658,42.54899,0
            -73.86574,42.54914,0
            -73.86572,42.54916,0
            -73.86562,42.5493,0
            -73.86561,42.54932,0
            -73.8653,42.54977,0
            -73.86523,42.5499,0
            -73.8652,42.54997,0
            -73.86515,42.55015,0
            -73.86503,42.55068,0
            -73.865,42.55086,0
            -73.86498,42.55093,0
            -73.8649,42.55114,0
            -73.86464,42.55153,0
            -73.86427,42.55219,0
            -73.86373,42.5532,0
            -73.86352,42.55371,0
            -73.86341,42.55394,0
            -73.86332,42.55423,0
            -73.86328,42.55442,0
            -73.86327,42.55443,0
            -73.86312,42.55516,0
            -73.86309,42.55527,0
            -73.86303,42.55557,0
            -73.86288,42.55611,0
            -73.8628,42.55645,0
            -73.86267,42.55716,0
            -73.86261,42.5574,0
            -73.86259,42.55751,0
            -73.86258,42.55752,0
            -73.86245,42.55792,0
            -73.86245,42.55793,0
            -73.86242,42.55804,0
            -73.86245,42.55793,0
            -73.86245,42.55792,0
            -73.86258,42.55752,0
            -73.86259,42.55751,0
            -73.86261,42.5574,0
            -73.86267,42.55716,0
            -73.8628,42.55645,0
            -73.86288,42.55611,0
            -73.86303,42.55557,0
            -73.86309,42.55527,0
            -73.86312,42.55516,0
            -73.86327,42.55443,0
            -73.86328,42.55442,0
            -73.86332,42.55423,0
            -73.86341,42.55394,0
            -73.86352,42.55371,0
            -73.86373,42.5532,0
            -73.86427,42.55219,0
            -73.86464,42.55153,0
            -73.8649,42.55114,0
            -73.86498,42.55093,0
            -73.865,42.55086,0
            -73.86503,42.55068,0
            -73.86515,42.55015,0
            -73.8652,42.54997,0
            -73.86523,42.5499,0
            -73.8653,42.54977,0
            -73.86561,42.54932,0
            -73.86562,42.5493,0
            -73.86572,42.54916,0
            -73.86574,42.54914,0
            -73.8658,42.54899,0
            -73.86583,42.54895,0
            -73.86587,42.54882,0
            -73.86589,42.54872,0
            -73.86589,42.54859,0
            -73.8659,42.54854,0
            -73.8659,42.54823,0
            -73.86589,42.54805,0
            -73.86589,42.5478,0
            -73.8659,42.54769,0
            -73.8659,42.54715,0
            -73.86588,42.54686,0
            -73.86587,42.54679,0
            -73.86584,42.54665,0
            -73.86583,42.54662,0
            -73.8658,42.54647,0
            -73.8658,42.54644,0
            -73.86573,42.54608,0
            -73.86569,42.54591,0
            -73.86568,42.54572,0
            -73.86567,42.54566,0
            -73.86569,42.5454,0
            -73.8657,42.54537,0
            -73.86571,42.54524,0
            -73.86571,42.54514,0
            -73.86587,42.54452,0
            -73.86587,42.54451,0
            -73.86589,42.54446,0
            -73.8659,42.54442,0
            -73.86592,42.5443,0
            -73.86594,42.54424,0
            -73.86607,42.54341,0
            -73.86609,42.54323,0
            -73.86626,42.5421,0
            -73.86627,42.54198,0
            -73.86631,42.5418,0
            -73.86633,42.54168,0
            -73.86635,42.54162,0
            -73.86636,42.54156,0
            -73.86651,42.54094,0
            -73.86668,42.54034,0
            -73.86672,42.54023,0
            -73.86681,42.53988,0
            -73.86681,42.53987,0
            -73.8669,42.53963,0
            -73.86707,42.53936,0
            -73.86728,42.53899,0
            -73.8675,42.53867,0
            -73.86795,42.53805,0
            -73.86844,42.53745,0
            -73.86856,42.53729,0
            -73.86862,42.53723,0
            -73.86872,42.5371,0
            -73.86882,42.53699,0
            -73.86887,42.53692,0
            -73.86898,42.5368,0
            -73.86912,42.53661,0
            -73.86921,42.53644,0
            -73.86922,42.53643,0
            -73.86926,42.53635,0
            -73.86931,42.53622,0
            -73.86938,42.536,0
            -73.86938,42.53586,0
            -73.86935,42.53564,0
            -73.86934,42.5356,0
            -73.86934,42.53556,0
            -73.86924,42.53509,0
            -73.86915,42.53485,0
            -73.86895,42.53399,0
            -73.8689,42.53381,0
            -73.86886,42.53363,0
            -73.86869,42.53298,0
            -73.86869,42.53292,0
            -73.86868,42.53285,0
            -73.86868,42.53262,0
            -73.86871,42.53243,0
            -73.86878,42.53215,0
            -73.86888,42.53191,0
            -73.8689,42.53189,0
            -73.86897,42.53174,0
            -73.86905,42.5316,0
            -73.86906,42.53157,0
            -73.86914,42.53141,0
            -73.86919,42.53129,0
            -73.86922,42.53124,0
            -73.86929,42.53106,0
            -73.86936,42.53091,0
            -73.86956,42.53039,0
            -73.86957,42.53037,0
            -73.8697,42.53003,0
            -73.86976,42.52985,0
            -73.86981,42.52974,0
            -73.86988,42.5295,0
            -73.86992,42.52933,0
            -73.86995,42.52925,0
            -73.86997,42.52902,0
            -73.86998,42.52897,0
            -73.86998,42.52856,0
            -73.86997,42.52847,0
            -73.86997,42.52843,0
            -73.86993,42.52807,0
            -73.86992,42.52806,0
            -73.8699,42.52789,0
            -73.86989,42.52785,0
            -73.86987,42.52772,0
            -73.86986,42.52769,0
            -73.86984,42.52744,0
            -73.86984,42.52718,0
            -73.86987,42.52646,0
            -73.86989,42.52627,0
            -73.86992,42.5261,0
            -73.86997,42.52593,0
            -73.86998,42.52592,0
            -73.87003,42.52575,0
            -73.87004,42.52574,0
            -73.87017,42.5254,0
            -73.87029,42.52515,0
            -73.87041,42.52495,0
            -73.87043,42.5249,0
            -73.87044,42.52489,0
            -73.8705,42.52474,0
            -73.8705,42.52473,0
            -73.87054,42.52463,0
            -73.87071,42.524,0
            -73.87071,42.52397,0
            -73.87076,42.52379,0
            -73.87077,42.52373,0
            -73.8708,42.52362,0
            -73.87083,42.52344,0
            -73.87084,42.52341,0
            -73.87084,42.52325,0
            -73.87082,42.52308,0
            -73.87081,42.52305,0
            -73.87071,42.52255,0
            -73.8707,42.52244,0
            -73.8707,42.52222,0
            -73.87074,42.52201,0
            -73.87075,42.52198,0
            -73.87078,42.52183,0
            -73.87082,42.5217,0
            -73.87086,42.52153,0
            -73.8709,42.5213,0
            -73.87095,42.52076,0
            -73.87096,42.5207,0
            -73.87108,42.52017,0
            -73.87109,42.5201,0
            -73.87111,42.52003,0
            -73.87113,42.51987,0
            -73.87116,42.51971,0
            -73.87116,42.51969,0
            -73.87119,42.51942,0
            -73.87116,42.51916,0
            -73.87114,42.51872,0
            -73.87114,42.51848,0
            -73.87116,42.51826,0
            -73.87117,42.51823,0
            -73.8712,42.51802,0
            -73.87122,42.51778,0
            -73.87123,42.51772,0
            -73.87124,42.5177,0
            -73.87125,42.51758,0
            -73.87127,42.51744,0
            -73.8713,42.51731,0
            -73.87132,42.51718,0
            -73.87138,42.51694,0
            -73.87142,42.51683,0
            -73.87147,42.51666,0
            -73.87149,42.51657,0
            -73.87156,42.51637,0
            -73.87179,42.5156,0
            -73.87184,42.51547,0
            -73.8719,42.51525,0
            -73.87196,42.51508,0
            -73.87196,42.51506,0
            -73.87201,42.51492,0
            -73.87201,42.5149,0
            -73.87204,42.51473,0
            -73.87204,42.51471,0
            -73.87205,42.51464,0
            -73.87204,42.51457,0
            -73.87204,42.51452,0
            -73.87202,42.51447,0
            -73.87202,42.51446,0
            -73.87198,42.5143,0
            -73.87198,42.51427,0
            -73.87186,42.51385,0
            -73.87183,42.51377,0
            -73.87183,42.51375,0
            -73.87174,42.51348,0
            -73.8717,42.5134,0
            -73.87165,42.51328,0
            -73.87156,42.51314,0
            -73.87154,42.51309,0
            -73.87152,42.51307,0
            -73.87132,42.51277,0
            -73.87122,42.51258,0
            -73.8712,42.51253,0
            -73.87118,42.51249,0
            -73.87117,42.51245,0
            -73.87116,42.51243,0
            -73.87116,42.51241,0
            -73.87115,42.51239,0
            -73.87113,42.51227,0
            -73.87112,42.51223,0
            -73.8711,42.51207,0
            -73.8711,42.51205,0
            -73.87107,42.5119,0
            -73.87107,42.51187,0
            -73.87102,42.5116,0
            -73.87101,42.51151,0
            -73.87101,42.51129,0
            -73.87103,42.51118,0
            -73.87103,42.51115,0
            -73.87108,42.51098,0
            -73.87112,42.51087,0
            -73.87113,42.51083,0
            -73.87119,42.51067,0
            -73.87123,42.51052,0
            -73.87125,42.5104,0
            -73.87125,42.51025,0
            -73.87124,42.51021,0
            -73.87124,42.51019,0
            -73.87122,42.51012,0
            -73.87121,42.51012,0
            -73.87121,42.5101,0
            -73.87117,42.51002,0
            -73.87112,42.50996,0
            -73.8711,42.50993,0
            -73.87088,42.50965,0
            -73.87086,42.50962,0
            -73.87073,42.50947,0
            -73.8705,42.50917,0
            -73.87049,42.50916,0
            -73.87039,42.50902,0
            -73.87037,42.509,0
            -73.8703,42.5089,0
            -73.87026,42.50883,0
            -73.87022,42.50873,0
            -73.8702,42.50869,0
            -73.8702,42.50866,0
            -73.87019,42.50864,0
            -73.87018,42.5086,0
            -73.87018,42.50856,0
            -73.87017,42.50851,0
            -73.87015,42.5082,0
            -73.87015,42.50813,0
            -73.87014,42.50811,0
            -73.87011,42.50795,0
            -73.8701,42.50793,0
            -73.87006,42.50777,0
            -73.87006,42.50774,0
            -73.87001,42.50755,0
            -73.86999,42.50745,0
            -73.86998,42.50742,0
            -73.86995,42.50724,0
            -73.86993,42.50696,0
            -73.86993,42.50688,0
            -73.86992,42.50681,0
            -73.86992,42.5067,0
            -73.86989,42.50625,0
            -73.86989,42.50592,0
            -73.8699,42.50585,0
            -73.8699,42.50579,0
            -73.87,42.50534,0
            -73.87002,42.50527,0
            -73.87005,42.50509,0
            -73.87009,42.50493,0
            -73.87009,42.50491,0
            -73.87013,42.50473,0
            -73.87018,42.50444,0
            -73.8702,42.50438,0
            -73.87024,42.50422,0
            -73.8703,42.50405,0
            -73.87031,42.50403,0
            -73.87034,42.50394,0
            -73.87042,42.50376,0
            -73.87054,42.50352,0
            -73.87056,42.50345,0
            -73.87061,42.50334,0
            -73.87062,42.5033,0
            -73.87067,42.50317,0
            -73.87068,42.50315,0
            -73.87073,42.50301,0
            -73.87074,42.503,0
            -73.87079,42.50286,0
            -73.8708,42.50282,0
            -73.87084,42.50274,0
            -73.87095,42.50237,0
            -73.87095,42.50213,0
            -73.87093,42.50204,0
            -73.87087,42.50183,0
            -73.87084,42.50177,0
            -73.87084,42.50174,0
            -73.87039,42.50074,0
            -73.87029,42.50049,0
            -73.87026,42.50031,0
            -73.87027,42.50026,0
            -73.87027,42.50021,0
            -73.87028,42.50016,0
            -73.87032,42.50004,0
            -73.87032,42.50001,0
            -73.87036,42.4999,0
            -73.87046,42.49969,0
            -73.87052,42.49954,0
            -73.87061,42.49936,0
            -73.87061,42.49935,0
            -73.87067,42.49923,0
            -73.87069,42.49918,0
            -73.8707,42.49913,0
            -73.87075,42.49901,0
            -73.87077,42.49894,0
            -73.87081,42.49883,0
            -73.87083,42.49873,0
            -73.87086,42.49847,0
            -73.87086,42.49838,0
            -73.87082,42.49801,0
            -73.87082,42.49765,0
            -73.87083,42.49758,0
            -73.87083,42.49754,0
            -73.87086,42.49722,0
            -73.87086,42.49709,0
            -73.87087,42.49704,0
            -73.87087,42.4965,0
            -73.87086,42.49643,0
            -73.87085,42.49607,0
            -73.87084,42.49596,0
            -73.87084,42.49576,0
            -73.87083,42.49565,0
            -73.87083,42.49562,0
            -73.87082,42.49558,0
            -73.8708,42.49553,0
            -73.87079,42.49548,0
            -73.87077,42.49543,0
            -73.87076,42.49542,0
            -73.87073,42.49537,0
            -73.8706,42.49521,0
            -73.87053,42.49515,0
            -73.87048,42.4951,0
            -73.87041,42.49504,0
            -73.87035,42.49498,0
            -73.87028,42.49492,0
            -73.87009,42.49479,0
            -73.86999,42.49473,0
            -73.86991,42.49469,0
            -73.86979,42.49464,0
            -73.86976,42.49462,0
            -73.86969,42.49459,0
            -73.8696,42.49454,0
            -73.86959,42.49454,0
            -73.869,42.49423,0
            -73.86899,42.49423,0
            -73.86868,42.49408,0
            -73.86861,42.49404,0
            -73.86843,42.49396,0
            -73.86839,42.49393,0
            -73.86838,42.49393,0
            -73.86822,42.49382,0
            -73.8682,42.49381,0
            -73.86809,42.4937,0
            -73.86806,42.49366,0
            -73.86802,42.49363,0
            -73.86793,42.49351,0
            -73.86781,42.49337,0
            -73.86768,42.4932,0
            -73.86755,42.49305,0
            -73.86749,42.49297,0
            -73.86747,42.49295,0
            -73.86743,42.49289,0
            -73.86729,42.49272,0
            -73.86708,42.49243,0
            -73.86702,42.49229,0
            -73.867,42.49223,0
            -73.86699,42.49218,0
            -73.86697,42.49211,0
            -73.86697,42.4921,0
            -73.86687,42.49157,0
            -73.86686,42.49155,0
            -73.86676,42.49098,0
            -73.86674,42.49083,0
            -73.86672,42.49073,0
            -73.86667,42.49034,0
            -73.86667,42.4903,0
            -73.86664,42.49004,0
            -73.86664,42.48999,0
            -73.86663,42.48994,0
            -73.86663,42.48985,0
            -73.86662,42.48976,0
            -73.86662,42.48963,0
            -73.86663,42.48953,0
            -73.86663,42.4894,0
            -73.86664,42.4894,0
            -73.86664,42.48922,0
            -73.86665,42.48916,0
            -73.86665,42.489,0
            -73.86664,42.48891,0
            -73.86663,42.48886,0
            -73.86663,42.48884,0
            -73.86662,42.48879,0
            -73.86662,42.48877,0
            -73.86661,42.4887,0
            -73.86661,42.48868,0
            -73.86659,42.48855,0
            -73.86655,42.48837,0
            -73.8665,42.48805,0
            -73.86648,42.48797,0
            -73.86647,42.48795,0
            -73.86646,42.48788,0
            -73.86645,42.48786,0
            -73.86644,42.4878,0
            -73.86643,42.48777,0
            -73.86643,42.48774,0
            -73.86636,42.4875,0
            -73.86631,42.48737,0
            -73.86628,42.48724,0
            -73.86628,42.48723,0
            -73.86625,42.48713,0
            -73.86625,42.48709,0
            -73.86624,42.48707,0
            -73.86624,42.48704,0
            -73.86622,42.48688,0
            -73.86622,42.48627,0
            -73.86623,42.48619,0
            -73.86623,42.48581,0
            -73.86622,42.48572,0
            -73.86621,42.48528,0
            -73.8662,42.48516,0
            -73.8662,42.4848,0
            -73.86621,42.48475,0
            -73.86625,42.48409,0
            -73.86625,42.48401,0
            -73.86626,42.48394,0
            -73.86626,42.48386,0
            -73.86625,42.48373,0
            -73.86625,42.48357,0
            -73.86622,42.48328,0
            -73.86622,42.4832,0
            -73.86623,42.48315,0
            -73.86623,42.48314,0
            -73.86624,42.48311,0
            -73.86624,42.48309,0
            -73.86626,42.48304,0
            -73.86626,42.48302,0
            -73.86629,42.48293,0
            -73.86635,42.48278,0
            -73.86635,42.48277,0
            -73.86643,42.48259,0
            -73.86645,42.48252,0
            -73.86648,42.48245,0
            -73.86649,42.48245,0
            -73.8665,42.48242,0
            -73.86665,42.48209,0
            -73.86668,42.48199,0
            -73.8667,42.4819,0
            -73.86671,42.4818,0
            -73.86671,42.48165,0
            -73.86669,42.48154,0
            -73.86668,42.48144,0
            -73.86666,42.48136,0
            -73.86663,42.48119,0
            -73.86662,42.48117,0
            -73.86662,42.48116,0
            -73.86656,42.48082,0
            -73.86655,42.48072,0
            -73.86655,42.48065,0
            -73.86654,42.48056,0
            -73.86654,42.48025,0
            -73.86657,42.47979,0
            -73.86662,42.47949,0
            -73.86662,42.47932,0
            -73.86657,42.47905,0
            -73.86651,42.47888,0
            -73.86643,42.47872,0
            -73.86642,42.47869,0
            -73.86641,42.47868,0
            -73.86626,42.47839,0
            -73.86611,42.47807,0
            -73.86602,42.47782,0
            -73.866,42.4777,0
            -73.866,42.47765,0
            -73.86599,42.47761,0
            -73.86598,42.47752,0
            -73.86598,42.47722,0
            -73.866,42.47695,0
            -73.86601,42.47693,0
            -73.86602,42.4768,0
            -73.86605,42.47663,0
            -73.86609,42.4765,0
            -73.86619,42.47622,0
            -73.86633,42.47588,0
            -73.86634,42.47587,0
            -73.86636,42.47582,0
            -73.86637,42.47576,0
            -73.86641,42.47562,0
            -73.86649,42.47513,0
            -73.86648,42.47495,0
            -73.86648,42.47487,0
            -73.86645,42.47472,0
            -73.86641,42.47459,0
            -73.86638,42.47452,0
            -73.86633,42.47443,0
            -73.86624,42.4743,0
            -73.86624,42.47429,0
            -73.86579,42.47372,0
            -73.86575,42.47368,0
            -73.86543,42.47331,0
            -73.8653,42.4732,0
            -73.86542,42.47316,0
            -73.86557,42.47312,0
            -73.86575,42.4731,0
            -73.86591,42.47309,0
            -73.86611,42.47309,0
            -73.86626,42.47308,0
            -73.86639,42.47306,0
            -73.86663,42.47304,0
            -73.86668,42.47303,0
            -73.86751,42.47297,0
            -73.86668,42.47303,0
            -73.86663,42.47304,0
            -73.86639,42.47306,0
            -73.86626,42.47308,0
            -73.86611,42.47309,0
            -73.86591,42.47309,0
            -73.86575,42.4731,0
            -73.86557,42.47312,0
            -73.86542,42.47316,0
            -73.8653,42.4732,0
            -73.86543,42.47331,0
            -73.86575,42.47368,0
            -73.86579,42.47372,0
            -73.86624,42.47429,0
            -73.86624,42.4743,0
            -73.86633,42.47443,0
            -73.86638,42.47452,0
            -73.86641,42.47459,0
            -73.86645,42.47472,0
            -73.86648,42.47487,0
            -73.86648,42.47495,0
            -73.86649,42.47513,0
            -73.86641,42.47562,0
            -73.86637,42.47576,0
            -73.86636,42.47582,0
            -73.86634,42.47587,0
            -73.86633,42.47588,0
            -73.86619,42.47622,0
            -73.86609,42.4765,0
            -73.86605,42.47663,0
            -73.86602,42.4768,0
            -73.86601,42.47693,0
            -73.866,42.47695,0
            -73.86598,42.47722,0
            -73.86598,42.47752,0
            -73.86599,42.47761,0
            -73.866,42.47765,0
            -73.866,42.4777,0
            -73.86602,42.47782,0
            -73.86611,42.47807,0
            -73.86626,42.47839,0
            -73.86641,42.47868,0
            -73.86642,42.47869,0
            -73.86643,42.47872,0
            -73.86651,42.47888,0
            -73.86657,42.47905,0
            -73.86662,42.47932,0
            -73.86662,42.47949,0
            -73.86657,42.47979,0
            -73.86654,42.48025,0
            -73.86654,42.48056,0
            -73.86655,42.48065,0
            -73.86655,42.48072,0
            -73.86656,42.48082,0
            -73.86662,42.48116,0
            -73.86662,42.48117,0
            -73.86663,42.48119,0
            -73.86666,42.48136,0
            -73.86668,42.48144,0
            -73.86669,42.48154,0
            -73.86671,42.48165,0
            -73.86671,42.4818,0
            -73.8667,42.4819,0
            -73.86668,42.48199,0
            -73.86665,42.48209,0
            -73.8665,42.48242,0
            -73.86649,42.48245,0
            -73.86648,42.48245,0
            -73.86645,42.48252,0
            -73.86643,42.48259,0
            -73.86635,42.48277,0
            -73.86635,42.48278,0
            -73.86629,42.48293,0
            -73.86626,42.48302,0
            -73.86626,42.48304,0
            -73.86624,42.48309,0
            -73.86624,42.48311,0
            -73.86623,42.48314,0
            -73.86623,42.48315,0
            -73.86622,42.4832,0
            -73.86622,42.48328,0
            -73.86625,42.48357,0
            -73.86625,42.48373,0
            -73.86626,42.48386,0
            -73.86626,42.48394,0
            -73.86625,42.48401,0
            -73.86625,42.48409,0
            -73.86621,42.48475,0
            -73.8662,42.4848,0
            -73.8662,42.48516,0
            -73.86621,42.48528,0
            -73.86622,42.48572,0
            -73.86623,42.48581,0
            -73.86623,42.48619,0
            -73.86622,42.48627,0
            -73.86622,42.48688,0
            -73.86624,42.48704,0
            -73.86624,42.48707,0
            -73.86625,42.48709,0
            -73.86625,42.48713,0
            -73.86628,42.48723,0
            -73.86628,42.48724,0
            -73.86631,42.48737,0
            -73.86636,42.4875,0
            -73.86643,42.48774,0
            -73.86643,42.48777,0
            -73.86644,42.4878,0
            -73.86645,42.48786,0
            -73.86646,42.48788,0
            -73.86647,42.48795,0
            -73.86648,42.48797,0
            -73.8665,42.48805,0
            -73.86655,42.48837,0
            -73.86659,42.48855,0
            -73.86661,42.48868,0
            -73.86661,42.4887,0
            -73.86662,42.48877,0
            -73.86662,42.48879,0
            -73.86663,42.48884,0
            -73.86663,42.48886,0
            -73.86664,42.48891,0
            -73.86665,42.489,0
            -73.86665,42.48916,0
            -73.86664,42.48922,0
            -73.86664,42.4894,0
            -73.86663,42.4894,0
            -73.86663,42.48953,0
            -73.86662,42.48963,0
            -73.86662,42.48976,0
            -73.86663,42.48985,0
            -73.86663,42.48994,0
            -73.86664,42.48999,0
            -73.86664,42.49004,0
            -73.86667,42.4903,0
            -73.86667,42.49034,0
            -73.86672,42.49073,0
            -73.86674,42.49083,0
            -73.86676,42.49098,0
            -73.86686,42.49155,0
            -73.86687,42.49157,0
            -73.86697,42.4921,0
            -73.86697,42.49211,0
            -73.86699,42.49218,0
            -73.867,42.49223,0
            -73.86702,42.49229,0
            -73.86708,42.49243,0
            -73.86729,42.49272,0
            -73.86743,42.49289,0
            -73.86747,42.49295,0
            -73.86749,42.49297,0
            -73.86755,42.49305,0
            -73.86768,42.4932,0
            -73.86781,42.49337,0
            -73.86793,42.49351,0
            -73.86802,42.49363,0
            -73.86806,42.49366,0
            -73.86809,42.4937,0
            -73.8682,42.49381,0
            -73.86822,42.49382,0
            -73.86838,42.49393,0
            -73.86839,42.49393,0
            -73.86843,42.49396,0
            -73.86861,42.49404,0
            -73.86868,42.49408,0
            -73.86899,42.49423,0
            -73.869,42.49423,0
            -73.86959,42.49454,0
            -73.8696,42.49454,0
            -73.86969,42.49459,0
            -73.86976,42.49462,0
            -73.86979,42.49464,0
            -73.86991,42.49469,0
            -73.86999,42.49473,0
            -73.87009,42.49479,0
            -73.87028,42.49492,0
            -73.87035,42.49498,0
            -73.87041,42.49504,0
            -73.87048,42.4951,0
            -73.87053,42.49515,0
            -73.8706,42.49521,0
            -73.87073,42.49537,0
            -73.87076,42.49542,0
            -73.87077,42.49543,0
            -73.87079,42.49548,0
            -73.8708,42.49553,0
            -73.87082,42.49558,0
            -73.87083,42.49562,0
            -73.87083,42.49565,0
            -73.87084,42.49576,0
            -73.87084,42.49596,0
            -73.87085,42.49607,0
            -73.87086,42.49643,0
            -73.87087,42.4965,0
            -73.87087,42.49704,0
            -73.87086,42.49709,0
            -73.87086,42.49722,0
            -73.87083,42.49754,0
            -73.87083,42.49758,0
            -73.87082,42.49765,0
            -73.87082,42.49801,0
            -73.87086,42.49838,0
            -73.87086,42.49847,0
            -73.87083,42.49873,0
            -73.87081,42.49883,0
            -73.87077,42.49894,0
            -73.87075,42.49901,0
            -73.8707,42.49913,0
            -73.87069,42.49918,0
            -73.87067,42.49923,0
            -73.87061,42.49935,0
            -73.87061,42.49936,0
            -73.87052,42.49954,0
            -73.87046,42.49969,0
            -73.87036,42.4999,0
            -73.87032,42.50001,0
            -73.87032,42.50004,0
            -73.87028,42.50016,0
            -73.87027,42.50021,0
            -73.87027,42.50026,0
            -73.87026,42.50031,0
            -73.87029,42.50049,0
            -73.87039,42.50074,0
            -73.87084,42.50174,0
            -73.87084,42.50177,0
            -73.87087,42.50183,0
            -73.87093,42.50204,0
            -73.87095,42.50213,0
            -73.87095,42.50237,0
            -73.87084,42.50274,0
            -73.8708,42.50282,0
            -73.87079,42.50286,0
            -73.87074,42.503,0
            -73.87073,42.50301,0
            -73.87068,42.50315,0
            -73.87067,42.50317,0
            -73.87062,42.5033,0
            -73.87061,42.50334,0
            -73.87056,42.50345,0
            -73.87054,42.50352,0
            -73.87042,42.50376,0
            -73.87034,42.50394,0
            -73.87031,42.50403,0
            -73.8703,42.50405,0
            -73.87024,42.50422,0
            -73.8702,42.50438,0
            -73.87018,42.50444,0
            -73.87013,42.50473,0
            -73.87009,42.50491,0
            -73.87009,42.50493,0
            -73.87005,42.50509,0
            -73.87002,42.50527,0
            -73.87,42.50534,0
            -73.8699,42.50579,0
            -73.8699,42.50585,0
            -73.86989,42.50592,0
            -73.86989,42.50625,0
            -73.86992,42.5067,0
            -73.86992,42.50681,0
            -73.86993,42.50688,0
            -73.86993,42.50696,0
            -73.86995,42.50724,0
            -73.86998,42.50742,0
            -73.86999,42.50745,0
            -73.87001,42.50755,0
            -73.87006,42.50774,0
            -73.87006,42.50777,0
            -73.8701,42.50793,0
            -73.87011,42.50795,0
            -73.87014,42.50811,0
            -73.87015,42.50813,0
            -73.87015,42.5082,0
            -73.87017,42.50851,0
            -73.87018,42.50856,0
            -73.87018,42.5086,0
            -73.87019,42.50864,0
            -73.8702,42.50866,0
            -73.8702,42.50869,0
            -73.87022,42.50873,0
            -73.87026,42.50883,0
            -73.8703,42.5089,0
            -73.87037,42.509,0
            -73.87039,42.50902,0
            -73.87049,42.50916,0
            -73.8705,42.50917,0
            -73.87073,42.50947,0
            -73.87086,42.50962,0
            -73.87088,42.50965,0
            -73.8711,42.50993,0
            -73.87112,42.50996,0
            -73.87117,42.51002,0
            -73.87121,42.5101,0
            -73.87121,42.51012,0
            -73.87122,42.51012,0
            -73.87124,42.51019,0
            -73.87124,42.51021,0
            -73.87125,42.51025,0
            -73.87125,42.5104,0
            -73.87123,42.51052,0
            -73.87119,42.51067,0
            -73.87113,42.51083,0
            -73.87112,42.51087,0
            -73.87108,42.51098,0
            -73.87103,42.51115,0
            -73.87103,42.51118,0
            -73.87101,42.51129,0
            -73.87101,42.51151,0
            -73.87102,42.5116,0
            -73.87107,42.51187,0
            -73.87107,42.5119,0
            -73.8711,42.51205,0
            -73.8711,42.51207,0
            -73.87112,42.51223,0
            -73.87113,42.51227,0
            -73.87115,42.51239,0
            -73.87116,42.51241,0
            -73.87116,42.51243,0
            -73.87117,42.51245,0
            -73.87118,42.51249,0
            -73.8712,42.51253,0
            -73.87122,42.51258,0
            -73.87132,42.51277,0
            -73.87152,42.51307,0
            -73.87154,42.51309,0
            -73.87156,42.51314,0
            -73.87165,42.51328,0
            -73.8717,42.5134,0
            -73.87174,42.51348,0
            -73.87183,42.51375,0
            -73.87183,42.51377,0
            -73.87186,42.51385,0
            -73.87198,42.51427,0
            -73.87198,42.5143,0
            -73.87202,42.51446,0
            -73.87202,42.51447,0
            -73.87204,42.51452,0
            -73.87204,42.51457,0
            -73.87205,42.51464,0
            -73.87204,42.51471,0
            -73.87204,42.51473,0
            -73.87201,42.5149,0
            -73.87201,42.51492,0
            -73.87196,42.51506,0
            -73.87196,42.51508,0
            -73.8719,42.51525,0
            -73.87184,42.51547,0
            -73.87179,42.5156,0
            -73.87156,42.51637,0
            -73.87149,42.51657,0
            -73.87147,42.51666,0
            -73.87142,42.51683,0
            -73.87138,42.51694,0
            -73.87132,42.51718,0
            -73.8713,42.51731,0
            -73.87127,42.51744,0
            -73.87125,42.51758,0
            -73.87124,42.5177,0
            -73.87123,42.51772,0
            -73.87122,42.51778,0
            -73.8712,42.51802,0
            -73.87117,42.51823,0
            -73.87116,42.51826,0
            -73.87114,42.51848,0
            -73.87114,42.51872,0
            -73.87116,42.51916,0
            -73.87119,42.51942,0
            -73.87116,42.51969,0
            -73.87116,42.51971,0
            -73.87113,42.51987,0
            -73.87111,42.52003,0
            -73.87109,42.5201,0
            -73.87108,42.52017,0
            -73.87096,42.5207,0
            -73.87095,42.52076,0
            -73.8709,42.5213,0
            -73.87086,42.52153,0
            -73.87082,42.5217,0
            -73.87078,42.52183,0
            -73.87075,42.52198,0
            -73.87074,42.52201,0
            -73.8707,42.52222,0
            -73.8707,42.52244,0
            -73.87071,42.52255,0
            -73.87081,42.52305,0
            -73.87082,42.52308,0
            -73.87084,42.52325,0
            -73.87084,42.52341,0
            -73.87083,42.52344,0
            -73.8708,42.52362,0
            -73.87077,42.52373,0
            -73.87076,42.52379,0
            -73.87071,42.52397,0
            -73.87071,42.524,0
            -73.87054,42.52463,0
            -73.8705,42.52473,0
            -73.8705,42.52474,0
            -73.87044,42.52489,0
            -73.87043,42.5249,0
            -73.87041,42.52495,0
            -73.87029,42.52515,0
            -73.87017,42.5254,0
            -73.87004,42.52574,0
            -73.87003,42.52575,0
            -73.86998,42.52592,0
            -73.86997,42.52593,0
            -73.86992,42.5261,0
            -73.86989,42.52627,0
            -73.86987,42.52646,0
            -73.86984,42.52718,0
            -73.86984,42.52744,0
            -73.86986,42.52769,0
            -73.86987,42.52772,0
            -73.86989,42.52785,0
            -73.8699,42.52789,0
            -73.86992,42.52806,0
            -73.86993,42.52807,0
            -73.86997,42.52843,0
            -73.86997,42.52847,0
            -73.86998,42.52856,0
            -73.86998,42.52897,0
            -73.86997,42.52902,0
            -73.86995,42.52925,0
            -73.86992,42.52933,0
            -73.86988,42.5295,0
            -73.86981,42.52974,0
            -73.86976,42.52985,0
            -73.8697,42.53003,0
            -73.86957,42.53037,0
            -73.86956,42.53039,0
            -73.86936,42.53091,0
            -73.86929,42.53106,0
            -73.86922,42.53124,0
            -73.86919,42.53129,0
            -73.86914,42.53141,0
            -73.86906,42.53157,0
            -73.86905,42.5316,0
            -73.86897,42.53174,0
            -73.8689,42.53189,0
            -73.86888,42.53191,0
            -73.86878,42.53215,0
            -73.86871,42.53243,0
            -73.86868,42.53262,0
            -73.86868,42.53285,0
            -73.86869,42.53292,0
            -73.86869,42.53298,0
            -73.86886,42.53363,0
            -73.8689,42.53381,0
            -73.86895,42.53399,0
            -73.86915,42.53485,0
            -73.87033,42.53465,0
            -73.87034,42.53464,0
            -73.87058,42.5346,0
            -73.87082,42.53457,0
            -73.87097,42.53454,0
            -73.87175,42.53442,0
            -73.87178,42.53442,0
            -73.87226,42.53438,0
            -73.87239,42.53438,0
            -73.87434,42.5343,0
            -73.87475,42.53426,0
            -73.87548,42.53417,0
            -73.87655,42.534,0
            -73.87689,42.53392,0
            -73.8769,42.53392,0
            -73.87702,42.53388,0
            -73.87712,42.53386,0
            -73.87776,42.53365,0
            -73.87804,42.53357,0
            -73.87834,42.5335,0
            -73.87858,42.53347,0
            -73.87867,42.53345,0
            -73.87906,42.53342,0
            -73.8793,42.53339,0
            -73.88003,42.53333,0
            -73.88025,42.5333,0
            -73.88085,42.53325,0
            -73.881,42.53325,0
            -73.88117,42.53324,0
            -73.88173,42.53324,0
            -73.88187,42.53325,0
            -73.88198,42.53325,0
            -73.88208,42.53324,0
            -73.88247,42.53323,0
            -73.88292,42.53319,0
            -73.88295,42.53319,0
            -73.88303,42.53318,0
            -73.88332,42.53316,0
            -73.88347,42.53313,0
            -73.88351,42.53313,0
            -73.88357,42.53311,0
            -73.88371,42.53308,0
            -73.88639,42.53226,0
            -73.8864,42.53225,0
            -73.88658,42.53221,0
            -73.88663,42.53219,0
            -73.88727,42.53202,0
            -73.88732,42.53201,0
            -73.8875,42.53196,0
            -73.88755,42.53195,0
            -73.88777,42.53189,0
            -73.88778,42.53189,0
            -73.89001,42.53126,0
            -73.89006,42.53125,0
            -73.89047,42.53113,0
            -73.89098,42.531,0
            -73.89138,42.53088,0
            -73.89143,42.53086,0
            -73.89184,42.53075,0
            -73.89186,42.53074,0
            -73.89289,42.53046,0
            -73.89345,42.53033,0
            -73.8939,42.53025,0
            -73.89392,42.53024,0
            -73.89397,42.53024,0
            -73.89429,42.53019,0
            -73.89446,42.53018,0
            -73.89478,42.53018,0
            -73.89494,42.53019,0
            -73.89517,42.53023,0
            -73.89518,42.53023,0
            -73.89542,42.53029,0
            -73.89555,42.53033,0
            -73.89559,42.53035,0
            -73.89569,42.53039,0
            -73.89592,42.53051,0
            -73.89639,42.53078,0
            -73.89641,42.5308,0
            -73.89658,42.53089,0
            -73.8966,42.53091,0
            -73.89788,42.53171,0
            -73.89791,42.53172,0
            -73.8986,42.53215,0
            -73.89879,42.53224,0
            -73.89902,42.53236,0
            -73.89913,42.5324,0
            -73.89928,42.53247,0
            -73.89932,42.53248,0
            -73.89947,42.53253,0
            -73.89949,42.53254,0
            -73.8995,42.53255,0
            -73.89962,42.53258,0
            -73.89988,42.53266,0
            -73.90154,42.53308,0
            -73.90157,42.53309,0
            -73.90162,42.5331,0
            -73.90203,42.53321,0
            -73.90226,42.53326,0
            -73.90484,42.53393,0
            -73.90504,42.53399,0
            -73.90513,42.53401,0
            -73.90524,42.53405,0
            -73.90563,42.53422,0
            -73.90586,42.53436,0
            -73.90593,42.53441,0
            -73.90602,42.53446,0
            -73.90617,42.53459,0
            -73.90628,42.5347,0
            -73.90632,42.53473,0
            -73.90641,42.53482,0
            -73.90669,42.5352,0
            -73.90681,42.53535,0
            -73.90735,42.53614,0
            -73.90737,42.53616,0
            -73.90747,42.53631,0
            -73.9076,42.53647,0
            -73.90764,42.53653,0
            -73.90771,42.53661,0
            -73.90772,42.53663,0
            -73.90778,42.53671,0
            -73.9082,42.53716,0
            -73.90827,42.53722,0
            -73.90849,42.53745,0
            -73.90873,42.53772,0
            -73.90895,42.53799,0
            -73.909,42.53806,0
            -73.90924,42.53845,0
            -73.90935,42.53865,0
            -73.90984,42.53944,0
            -73.90995,42.5396,0
            -73.91043,42.54039,0
            -73.91057,42.5406,0
            -73.91074,42.54089,0
            -73.91076,42.54091,0
            -73.91105,42.54141,0
            -73.91135,42.54188,0
            -73.91135,42.5419,0
            -73.91206,42.54308,0
            -73.91258,42.54401,0
            -73.91265,42.54415,0
            -73.91269,42.54421,0
            -73.91269,42.54422,0
            -73.91275,42.54431,0
            -73.91282,42.54445,0
            -73.91288,42.54455,0
            -73.91288,42.54456,0
            -73.91302,42.54482,0
            -73.91322,42.54523,0
            -73.91332,42.54549,0
            -73.91341,42.54576,0
            -73.91349,42.54608,0
            -73.9136,42.54641,0
            -73.91365,42.54653,0
            -73.91376,42.54675,0
            -73.91376,42.54676,0
            -73.91416,42.5474,0
            -73.91425,42.54757,0
            -73.91429,42.54763,0
            -73.91433,42.54771,0
            -73.91437,42.54775,0
            -73.91445,42.54787,0
            -73.91452,42.54795,0
            -73.91471,42.5482,0
            -73.91472,42.54821,0
            -73.91475,42.54826,0
            -73.91484,42.54839,0
            -73.91488,42.54846,0
            -73.91491,42.54853,0
            -73.91493,42.54856,0
            -73.91506,42.54887,0
            -73.91519,42.54921,0
            -73.91519,42.54922,0
            -73.91527,42.54939,0
            -73.91528,42.54942,0
            -73.91534,42.54956,0
            -73.91535,42.5496,0
            -73.91549,42.5499,0
            -73.91559,42.55007,0
            -73.91587,42.55039,0
            -73.91603,42.55053,0
            -73.91616,42.55063,0
            -73.91644,42.5508,0
            -73.91733,42.55123,0
            -73.91738,42.55125,0
            -73.91758,42.55136,0
            -73.91761,42.55137,0
            -73.91778,42.55146,0
            -73.91816,42.55168,0
            -73.91817,42.55169,0
            -73.91834,42.55177,0
            -73.91863,42.55186,0
            -73.91868,42.55188,0
            -73.91885,42.5519,0
            -73.91894,42.55192,0
            -73.91929,42.55196,0
            -73.92028,42.55204,0
            -73.92033,42.55204,0
            -73.92083,42.55208,0
            -73.92108,42.55211,0
            -73.92126,42.55212,0
            -73.92138,42.55214,0
            -73.92146,42.55214,0
            -73.92149,42.55215,0
            -73.92152,42.55215,0
            -73.92163,42.55217,0
            -73.92173,42.55218,0
            -73.92213,42.55225,0
            -73.9228,42.55241,0
            -73.9229,42.55244,0
            -73.92296,42.55245,0
            -73.92382,42.55269,0
            -73.92399,42.55273,0
            -73.92405,42.55274,0
            -73.92413,42.55276,0
            -73.92426,42.55278,0
            -73.92435,42.5528,0
            -73.92453,42.55282,0
            -73.92477,42.55282,0
            -73.92482,42.55281,0
            -73.92503,42.55279,0
            -73.92525,42.55276,0
            -73.92596,42.55263,0
            -73.9262,42.5526,0
            -73.92644,42.55256,0
            -73.92675,42.55252,0
            -73.92692,42.55249,0
            -73.92716,42.55247,0
            -73.92721,42.55246,0
            -73.92789,42.55243,0
            -73.93086,42.55236,0
            -73.9315,42.55236,0
            -73.93155,42.55237,0
            -73.93161,42.55237,0
            -73.93176,42.55239,0
            -73.93182,42.55241,0
            -73.93194,42.55243,0
            -73.93293,42.55269,0
            -73.93295,42.55269,0
            -73.93473,42.55316,0
            -73.93529,42.55329,0
            -73.93532,42.55329,0
            -73.93537,42.5533,0
            -73.93541,42.5533,0
            -73.93573,42.55333,0
            -73.93583,42.55335,0
            -73.93588,42.55335,0
            -73.9359,42.55336,0
            -73.9365,42.55346,0
            -73.93659,42.55348,0
            -73.9366,42.55348,0
            -73.93675,42.55351,0
            -73.93684,42.55354,0
            -73.93704,42.55359,0
            -73.93705,42.5536,0
            -73.93713,42.55362,0
            -73.93728,42.55367,0
            -73.93729,42.55368,0
            -73.93749,42.55375,0
            -73.9375,42.55375,0
            -73.93798,42.55393,0
            -73.93808,42.55396,0
            -73.93816,42.55399,0
            -73.9382,42.554,0
            -73.93909,42.55429,0
            -73.93924,42.55435,0
            -73.93968,42.55455,0
            -73.9401,42.55476,0
            -73.94125,42.55541,0
            -73.94162,42.55564,0
            -73.94166,42.55566,0
            -73.9417,42.5557,0
            -73.94184,42.55581,0
            -73.94188,42.55585,0
            -73.94192,42.55588,0
            -73.94194,42.55591,0
            -73.94206,42.55603,0
            -73.94234,42.55635,0
            -73.94249,42.55651,0
            -73.94276,42.55682,0
            -73.94286,42.55691,0
            -73.943,42.55707,0
            -73.94313,42.5572,0
            -73.94326,42.55731,0
            -73.9433,42.55735,0
            -73.94335,42.55738,0
            -73.94352,42.5575,0
            -73.94353,42.55751,0
            -73.94364,42.55757,0
            -73.94371,42.55762,0
            -73.94381,42.55767,0
            -73.94463,42.55813,0
            -73.94528,42.55844,0
            -73.9454,42.55848,0
            -73.94552,42.55853,0
            -73.94574,42.55861,0
            -73.94595,42.55867,0
            -73.94597,42.55867,0
            -73.94606,42.5587,0
            -73.94619,42.55872,0
            -73.94648,42.55878,0
            -73.94784,42.55901,0
            -73.94914,42.55926,0
            -73.9493,42.55928,0
            -73.94953,42.55928,0
            -73.94955,42.55927,0
            -73.9496,42.55927,0
            -73.94964,42.55926,0
            -73.94983,42.55923,0
            -73.94991,42.5592,0
            -73.94999,42.55918,0
            -73.95032,42.55906,0
            -73.95057,42.55898,0
            -73.95066,42.55896,0
            -73.95072,42.55894,0
            -73.95104,42.55889,0
            -73.95111,42.55911,0
            -73.95112,42.55916,0
            -73.95113,42.55918,0
            -73.95115,42.5593,0
            -73.95115,42.55934,0
            -73.95116,42.55936,0
            -73.95116,42.55938,0
            -73.95118,42.55952,0
            -73.95118,42.55956,0
            -73.95121,42.55977,0
            -73.95122,42.55988,0
            -73.95123,42.55992,0
            -73.95127,42.56024,0
            -73.95127,42.56028,0
            -73.95129,42.56042,0
            -73.9514,42.56152,0
            -73.95142,42.56166,0
            -73.95142,42.56172,0
            -73.95143,42.56184,0
            -73.95144,42.56185,0
            -73.95146,42.56203,0
            -73.95147,42.56206,0
            -73.95149,42.5622,0
            -73.95149,42.56221,0
            -73.95151,42.56225,0
            -73.95152,42.56232,0
            -73.95156,42.56244,0
            -73.95161,42.56254,0
            -73.95163,42.5626,0
            -73.9517,42.56271,0
            -73.9517,42.56272,0
            -73.95173,42.56276,0
            -73.95174,42.56278,0
            -73.95181,42.56288,0
            -73.95182,42.5629,0
            -73.95216,42.56336,0
            -73.95217,42.56336,0
            -73.95219,42.5634,0
            -73.9522,42.5634,0
            -73.95228,42.56352,0
            -73.95254,42.56387,0
            -73.95259,42.56393,0
            -73.95286,42.56431,0
            -73.95328,42.56487,0
            -73.95332,42.56494,0
            -73.95334,42.56496,0
            -73.95343,42.5651,0
            -73.95344,42.56513,0
            -73.95345,42.56514,0
            -73.95357,42.56538,0
            -73.95359,42.56544,0
            -73.95361,42.56548,0
            -73.95364,42.56556,0
            -73.9537,42.56579,0
            -73.95372,42.56583,0
            -73.95373,42.56588,0
            -73.95374,42.56591,0
            -73.95379,42.56633,0
            -73.95378,42.56646,0
            -73.95378,42.56656,0
            -73.95375,42.56684,0
            -73.95367,42.56713,0
            -73.95364,42.56722,0
            -73.95363,42.56722,0
            -73.95357,42.56737,0
            -73.95339,42.56772,0
            -73.95339,42.56773,0
            -73.95331,42.56787,0
            -73.95329,42.56789,0
            -73.95319,42.56805,0
            -73.95316,42.56809,0
            -73.95309,42.56821,0
            -73.95309,42.56822,0
            -73.95299,42.56838,0
            -73.95291,42.56855,0
            -73.9529,42.56858,0
            -73.95288,42.56862,0
            -73.95287,42.56866,0
            -73.95283,42.56878,0
            -73.9528,42.56891,0
            -73.95278,42.56904,0
            -73.95277,42.56908,0
            -73.95277,42.56931,0
            -73.95278,42.56936,0
            -73.95279,42.56939,0
            -73.9528,42.56945,0
            -73.9528,42.56949,0
            -73.95283,42.56957,0
            -73.95284,42.56962,0
            -73.95287,42.56968,0
            -73.95289,42.56973,0
            -73.95297,42.56988,0
            -73.95301,42.56994,0
            -73.95303,42.56998,0
            -73.95309,42.57005,0
            -73.95315,42.57013,0
            -73.9533,42.57028,0
            -73.95339,42.57035,0
            -73.95347,42.57042,0
            -73.95364,42.57053,0
            -73.95395,42.5707,0
            -73.95455,42.57098,0
            -73.95483,42.5711,0
            -73.95489,42.57112,0
            -73.95497,42.57116,0
            -73.9551,42.57121,0
            -73.95524,42.57128,0
            -73.95571,42.57149,0
            -73.95593,42.5716,0
            -73.95598,42.57162,0
            -73.95621,42.57173,0
            -73.9563,42.57178,0
            -73.95633,42.5718,0
            -73.95655,42.57191,0
            -73.95658,42.57193,0
            -73.95797,42.57269,0
            -73.95812,42.57278,0
            -73.95856,42.57302,0
            -73.95859,42.57303,0
            -73.95886,42.57316,0
            -73.95916,42.57328,0
            -73.95956,42.5734,0
            -73.95962,42.57343,0
            -73.95967,42.57346,0
            -73.9597,42.57347,0
            -73.95972,42.57349,0
            -73.95976,42.57352,0
            -73.95978,42.57355,0
            -73.95981,42.57357,0
            -73.95993,42.57371,0
            -73.95998,42.57376,0
            -73.96002,42.57379,0
            -73.96012,42.57384,0
            -73.96015,42.57386,0
            -73.96061,42.57403,0
            -73.96065,42.57405,0
            -73.96179,42.57449,0
            -73.9619,42.57452,0
            -73.96195,42.57454,0
            -73.96196,42.57454,0
            -73.96202,42.57455,0
            -73.96207,42.57457,0
            -73.9622,42.5746,0
            -73.96243,42.57464,0
            -73.96246,42.57465,0
            -73.9627,42.57469,0
            -73.96278,42.57471,0
            -73.96287,42.57474,0
            -73.96291,42.57476,0
            -73.96299,42.57479,0
            -73.96304,42.57482,0
            -73.96306,42.57484,0
            -73.96308,42.57485,0
            -73.96323,42.575,0
            -73.96332,42.57512,0
            -73.96337,42.57517,0
            -73.96345,42.57527,0
            -73.96346,42.57527,0
            -73.96356,42.57539,0
            -73.96369,42.57552,0
            -73.96384,42.5757,0
            -73.96388,42.57576,0
            -73.96393,42.57585,0
            -73.96401,42.57585,0
            -73.96413,42.57584,0
            -73.96434,42.57585,0
            -73.96449,42.57585,0
            -73.96466,42.57586,0
            -73.96474,42.57586,0
            -73.96522,42.57589,0
            -73.9658,42.57589,0
            -73.96587,42.57588,0
            -73.96593,42.57588,0
            -73.96652,42.57583,0
            -73.96676,42.57582,0
            -73.96681,42.57581,0
            -73.9672,42.57579,0
            -73.96725,42.57578,0
            -73.96738,42.57578,0
            -73.96741,42.57577,0
            -73.9675,42.57577,0
            -73.96765,42.57576,0
            -73.9681,42.57576,0
            -73.96823,42.57577,0
            -73.96835,42.57577,0
            -73.96839,42.57578,0
            -73.96892,42.57582,0
            -73.96895,42.57583,0
            -73.96914,42.57585,0
            -73.9692,42.57585,0
            -73.96943,42.57587,0
            -73.96956,42.57587,0
            -73.96962,42.57588,0
            -73.96994,42.57588,0
            -73.97013,42.57586,0
            -73.97023,42.57586,0
            -73.97072,42.57578,0
            -73.97089,42.57573,0
            -73.97099,42.57571,0
            -73.97106,42.57568,0
            -73.97109,42.57568,0
            -73.97118,42.57565,0
            -73.97122,42.57564,0
            -73.97144,42.57556,0
            -73.97181,42.57547,0
            -73.97214,42.57541,0
            -73.97234,42.57539,0
            -73.9724,42.57538,0
            -73.97247,42.57538,0
            -73.97261,42.57537,0
            -73.97288,42.57537,0
            -73.97325,42.5754,0
            -73.97348,42.57543,0
            -73.97379,42.57551,0
            -73.97389,42.57553,0
            -73.97403,42.57558,0
            -73.97414,42.57561,0
            -73.97436,42.5757,0
            -73.9746,42.57582,0
            -73.97478,42.57592,0
            -73.9753,42.57628,0
            -73.97532,42.5763,0
            -73.97535,42.57631,0
            -73.97539,42.57634,0
            -73.97551,42.57645,0
            -73.97565,42.57656,0
            -73.97567,42.57657,0
            -73.97581,42.5767,0
            -73.97588,42.57675,0
            -73.97598,42.57686,0
            -73.976,42.57687,0
            -73.97611,42.57698,0
            -73.97612,42.577,0
            -73.97622,42.57709,0
            -73.97634,42.57723,0
            -73.97651,42.57741,0
            -73.97652,42.57743,0
            -73.97668,42.5776,0
            -73.97679,42.57773,0
            -73.97748,42.57845,0
            -73.97751,42.57849,0
            -73.97761,42.57859,0
            -73.97766,42.57865,0
            -73.97806,42.57905,0
            -73.9787,42.57964,0
            -73.97925,42.58011,0
            -73.9793,42.58016,0
            -73.97979,42.58059,0
            -73.98007,42.58086,0
            -73.98029,42.58109,0
            -73.98035,42.58116,0
            -73.98037,42.58119,0
            -73.98044,42.58126,0
            -73.98066,42.58152,0
            -73.98085,42.58177,0
            -73.98106,42.58209,0
            -73.98109,42.58213,0
            -73.98153,42.5828,0
            -73.98158,42.58289,0
            -73.98203,42.58362,0
            -73.98203,42.58363,0
            -73.98293,42.5851,0
            -73.98296,42.58514,0
            -73.98298,42.58518,0
            -73.98304,42.58526,0
            -73.98314,42.58544,0
            -73.98322,42.58556,0
            -73.98344,42.58594,0
            -73.98349,42.58605,0
            -73.98356,42.58627,0
            -73.98358,42.58645,0
            -73.98357,42.58653,0
            -73.98357,42.58658,0
            -73.98356,42.58668,0
            -73.98354,42.58673,0
            -73.98352,42.58685,0
            -73.98342,42.58712,0
            -73.98336,42.58726,0
            -73.98336,42.58727,0
            -73.9832,42.58769,0
            -73.98317,42.58779,0
            -73.98314,42.58792,0
            -73.98311,42.58812,0
            -73.98311,42.58814,0
            -73.98309,42.58832,0
            -73.98312,42.58863,0
            -73.98312,42.58868,0
            -73.98313,42.58878,0
            -73.98314,42.58879,0
            -73.98319,42.58904,0
            -73.98325,42.58921,0
            -73.98329,42.5893,0
            -73.9833,42.58933,0
            -73.98337,42.58947,0
            -73.98345,42.58961,0
            -73.98363,42.58985,0
            -73.98381,42.59006,0
            -73.98433,42.59058,0
            -73.98442,42.59068,0
            -73.98471,42.59097,0
            -73.98499,42.59127,0
            -73.98542,42.5917,0
            -73.98549,42.59178,0
            -73.98633,42.59266,0
            -73.98656,42.59295,0
            -73.98621,42.59301,0
            -73.98594,42.59303,0
            -73.98081,42.59322,0
            -73.98056,42.59322,0
            -73.97827,42.59331,0
            -73.97815,42.59331,0
            -73.97778,42.59333,0
            -73.97763,42.59333,0
            -73.97716,42.59336,0
            -73.97657,42.59345,0
            -73.97628,42.59351,0
            -73.97601,42.59358,0
            -73.97588,42.59362,0
            -73.97586,42.59363,0
            -73.97575,42.59366,0
            -73.97564,42.5937,0
            -73.97522,42.59388,0
            -73.97469,42.59416,0
            -73.97469,42.59417,0
            -73.97435,42.5944,0
            -73.97408,42.59463,0
            -73.974,42.59472,0
            -73.97396,42.59474,0
            -73.97362,42.59513,0
            -73.97362,42.59514,0
            -73.97356,42.59521,0
            -73.9735,42.59529,0
            -73.9735,42.5953,0
            -73.97348,42.59533,0
            -73.97341,42.59546,0
            -73.97339,42.59549,0
            -73.97338,42.59552,0
            -73.97333,42.59563,0
            -73.97331,42.59566,0
            -73.97325,42.5958,0
            -73.97323,42.59583,0
            -73.97322,42.59587,0
            -73.97318,42.59597,0
            -73.97313,42.59614,0
            -73.97309,42.59631,0
            -73.97307,42.59647,0
            -73.97306,42.5965,0
            -73.97306,42.59655,0
            -73.97304,42.59668,0
            -73.97304,42.59672,0
            -73.97303,42.59684,0
            -73.97303,42.59693,0
            -73.97304,42.59704,0
            -73.97304,42.59716,0
            -73.97305,42.59725,0
            -73.97305,42.59732,0
            -73.97307,42.59739,0
            -73.97307,42.5974,0
            -73.97313,42.59764,0
            -73.97318,42.59779,0
            -73.97322,42.59797,0
            -73.97323,42.59799,0
            -73.97334,42.59846,0
            -73.97336,42.5985,0
            -73.97341,42.59867,0
            -73.97342,42.59873,0
            -73.97346,42.59885,0
            -73.97353,42.59912,0
            -73.97354,42.59914,0
            -73.97355,42.5992,0
            -73.97359,42.59932,0
            -73.9736,42.59938,0
            -73.97363,42.59949,0
            -73.97364,42.5995,0
            -73.97368,42.59967,0
            -73.97373,42.59984,0
            -73.97373,42.59985,0
            -73.97374,42.59991,0
            -73.97377,42.60003,0
            -73.97377,42.60005,0
            -73.97378,42.60008,0
            -73.9738,42.6002,0
            -73.97381,42.60032,0
            -73.97381,42.60052,0
            -73.9738,42.60062,0
            -73.97379,42.60066,0
            -73.97379,42.60076,0
            -73.97378,42.6008,0
            -73.97378,42.60084,0
            -73.97375,42.601,0
            -73.97375,42.60102,0
            -73.9737,42.60119,0
            -73.97369,42.60121,0
            -73.97366,42.60129,0
            -73.97364,42.60137,0
            -73.97362,42.6014,0
            -73.97357,42.60154,0
            -73.97357,42.60155,0
            -73.97352,42.60167,0
            -73.97347,42.60177,0
            -73.97336,42.60204,0
            -73.97332,42.6021,0
            -73.97315,42.60253,0
            -73.97309,42.60265,0
            -73.97292,42.60305,0
            -73.97251,42.60395,0
            -73.97223,42.60463,0
            -73.97213,42.60484,0
            -73.97199,42.60519,0
            -73.97146,42.60637,0
            -73.97145,42.60638,0
            -73.97126,42.60686,0
            -73.97125,42.6069,0
            -73.97123,42.60695,0
            -73.97115,42.60736,0
            -73.97115,42.60766,0
            -73.97116,42.60779,0
            -73.97119,42.60797,0
            -73.97125,42.60851,0
            -73.97125,42.6086,0
            -73.9713,42.60903,0
            -73.9713,42.60905,0
            -73.97134,42.60941,0
            -73.97142,42.60998,0
            -73.97145,42.61012,0
            -73.97145,42.61014,0
            -73.97149,42.61029,0
            -73.97149,42.6103,0
            -73.97154,42.61046,0
            -73.97155,42.61047,0
            -73.97163,42.61071,0
            -73.97175,42.61099,0
            -73.97221,42.6119,0
            -73.97244,42.61229,0
            -73.97278,42.61277,0
            -73.9732,42.61328,0
            -73.97329,42.61338,0
            -73.97339,42.61351,0
            -73.97397,42.61418,0
            -73.97411,42.61436,0
            -73.97433,42.61462,0
            -73.97452,42.61483,0
            -73.97459,42.61492,0
            -73.97476,42.61499,0
            -73.97477,42.61499,0
            -73.97487,42.61503,0
            -73.97496,42.61506,0
            -73.97498,42.61507,0
            -73.97524,42.61514,0
            -73.97533,42.61515,0
            -73.97539,42.61515,0
            -73.97549,42.61516,0
            -73.97561,42.61515,0
            -73.97569,42.61515,0
            -73.97573,42.61514,0
            -73.97593,42.61512,0
            -73.97616,42.61505,0
            -73.9762,42.61503,0
            -73.97631,42.61501,0
            -73.97639,42.61499,0
            -73.97651,42.61498,0
            -73.97662,42.61498,0
            -73.97671,42.61497,0
            -73.97678,42.61498,0
            -73.97686,42.61498,0
            -73.97711,42.61503,0
            -73.97713,42.61504,0
            -73.97718,42.61505,0
            -73.97733,42.61511,0
            -73.97734,42.61511,0
            -73.9774,42.61514,0
            -73.97748,42.61519,0
            -73.97755,42.61522,0
            -73.97768,42.61533,0
            -73.97769,42.61535,0
            -73.97777,42.61542,0
            -73.97784,42.61549,0
            -73.97796,42.61565,0
            -73.97797,42.61566,0
            -73.97808,42.61582,0
            -73.97815,42.61595,0
            -73.97826,42.61623,0
            -73.97869,42.61745,0
            -73.9788,42.6178,0
            -73.97894,42.61819,0
            -73.97907,42.6186,0
            -73.97916,42.61885,0
            -73.97921,42.61902,0
            -73.97922,42.61904,0
            -73.97926,42.6192,0
            -73.97937,42.61955,0
            -73.97937,42.61956,0
            -73.97941,42.61973,0
            -73.97946,42.6199,0
            -73.97953,42.62023,0
            -73.97954,42.62026,0
            -73.97958,42.62043,0
            -73.97958,42.62044,0
            -73.9797,42.62077,0
            -73.9797,42.62078,0
            -73.97979,42.62095,0
            -73.97987,42.62108,0
            -73.97994,42.62118,0
            -73.97998,42.62126,0
            -73.98,42.62128,0
            -73.98033,42.62176,0
            -73.98054,42.62204,0
            -73.98067,42.62224,0
            -73.98156,42.62349,0
            -73.98157,42.62351,0
            -73.98192,42.62401,0
            -73.982,42.62416,0
            -73.98202,42.62419,0
            -73.98205,42.62426,0
            -73.98209,42.62433,0
            -73.98209,42.62434,0
            -73.98222,42.62467,0
            -73.98225,42.62481,0
            -73.98228,42.62501,0
            -73.98229,42.62515,0
            -73.9823,42.62521,0
            -73.9823,42.62528,0
            -73.98232,42.62557,0
            -73.98233,42.62561,0
            -73.98234,42.62571,0
            -73.98234,42.62575,0
            -73.98238,42.62599,0
            -73.98245,42.62627,0
            -73.9825,42.62641,0
            -73.98251,42.62646,0
            -73.98253,42.62652,0
            -73.98256,42.62666,0
            -73.98283,42.6275,0
            -73.98283,42.62751,0
            -73.98289,42.62768,0
            -73.98291,42.62775,0
            -73.98292,42.62777,0
            -73.98301,42.62803,0
            -73.98306,42.62821,0
            -73.98312,42.62838,0
            -73.98312,42.62841,0
            -73.98322,42.62872,0
            -73.98322,42.62873,0
            -73.98349,42.62961,0
            -73.9835,42.62968,0
            -73.98354,42.62979,0
            -73.98355,42.62985,0
            -73.98357,42.62992,0
            -73.98359,42.63003,0
            -73.98362,42.63014,0
            -73.98368,42.63043,0
            -73.98369,42.6305,0
            -73.98375,42.6308,0
            -73.98385,42.63139,0
            -73.98389,42.63157,0
            -73.98389,42.63159,0
            -73.984,42.63216,0
            -73.9841,42.63248,0
            -73.98412,42.63252,0
            -73.98416,42.63263,0
            -73.98426,42.63282,0
            -73.98433,42.63297,0
            -73.98449,42.63327,0
            -73.98476,42.63386,0
            -73.98518,42.63472,0
            -73.98521,42.63479,0
            -73.98532,42.635,0
            -73.98537,42.63508,0
            -73.98565,42.63562,0
            -73.98567,42.63567,0
            -73.98571,42.63573,0
            -73.98576,42.63582,0
            -73.98577,42.63583,0
            -73.98585,42.63599,0
            -73.98585,42.636,0
            -73.98593,42.63614,0
            -73.98605,42.63633,0
            -73.98607,42.63635,0
            -73.9862,42.63655,0
            -73.98621,42.63656,0
            -73.98628,42.63665,0
            -73.98637,42.63679,0
            -73.98639,42.63681,0
            -73.9865,42.63697,0
            -73.9866,42.63714,0
            -73.98663,42.6372,0
            -73.9867,42.63731,0
            -73.98689,42.6377,0
            -73.98689,42.63771,0
            -73.98716,42.6383,0
            -73.98729,42.63855,0
            -73.98731,42.6386,0
            -73.98735,42.63865,0
            -73.98739,42.63871,0
            -73.98748,42.63882,0
            -73.98762,42.63896,0
            -73.98768,42.63901,0
            -73.98779,42.63909,0
            -73.98781,42.6391,0
            -73.98785,42.63913,0
            -73.98798,42.6392,0
            -73.98819,42.63929,0
            -73.98842,42.63935,0
            -73.9885,42.63938,0
            -73.98865,42.63941,0
            -73.98871,42.63943,0
            -73.98873,42.63943,0
            -73.98892,42.63947,0
            -73.9893,42.63958,0
            -73.98953,42.63968,0
            -73.98954,42.63969,0
            -73.98957,42.6397,0
            -73.98962,42.63973,0
            -73.98963,42.63974,0
            -73.9897,42.63978,0
            -73.98985,42.63989,0
            -73.99001,42.64003,0
            -73.99007,42.6401,0
            -73.99013,42.64016,0
            -73.99022,42.64031,0
            -73.99027,42.64038,0
            -73.9904,42.64061,0
            -73.99045,42.64067,0
            -73.99052,42.64077,0
            -73.99054,42.64079,0
            -73.99061,42.64088,0
            -73.9907,42.64098,0
            -73.99212,42.64231,0
            -73.99251,42.64265,0
            -73.99342,42.64335,0
            -73.99344,42.64337,0
            -73.99382,42.64366,0
            -73.99384,42.64368,0
            -73.9939,42.64372,0
            -73.99401,42.64381,0
            -73.99412,42.64389,0
            -73.99418,42.64394,0
            -73.99429,42.64402,0
            -73.99431,42.64403,0
            -73.99435,42.64407,0
            -73.99563,42.64505,0
            -73.99565,42.64506,0
            -73.99571,42.6451,0
            -73.99597,42.64531,0
            -73.99599,42.64532,0
            -73.99666,42.64584,0
            -73.99673,42.6459,0
            -73.99698,42.64608,0
            -73.99709,42.64614,0
            -73.99713,42.64617,0
            -73.99722,42.64622,0
            -73.99733,42.64627,0
            -73.99735,42.64627,0
            -73.99764,42.64638,0
            -73.99792,42.64646,0
            -73.998,42.64647,0
            -73.99807,42.64649,0
            -73.99824,42.64651,0
            -73.99827,42.64652,0
            -73.99946,42.64663,0
            -73.99961,42.64665,0
            -73.99997,42.64668,0
            -74.00018,42.64671,0
            -74.00041,42.64673,0
            -74.00042,42.64674,0
            -74.0008,42.64679,0
            -74.00084,42.6468,0
            -74.0009,42.6468,0
            -74.0012,42.64685,0
            -74.00277,42.64717,0
            -74.00301,42.64721,0
            -74.00303,42.64722,0
            -74.00321,42.64725,0
            -74.00325,42.64726,0
            -74.00327,42.64727,0
            -74.0033,42.64727,0
            -74.00348,42.64731,0
            -74.0035,42.64732,0
            -74.00368,42.64735,0
            -74.00395,42.64742,0
            -74.00396,42.64742,0
            -74.00413,42.64747,0
            -74.00414,42.64747,0
            -74.00418,42.64748,0
            -74.00419,42.64749,0
            -74.0043,42.64752,0
            -74.00461,42.64764,0
            -74.0047,42.64768,0
            -74.00473,42.6477,0
            -74.00479,42.64772,0
            -74.0048,42.64773,0
            -74.00491,42.64778,0
            -74.00522,42.64795,0
            -74.00555,42.64817,0
            -74.00571,42.6483,0
            -74.00581,42.64839,0
            -74.00591,42.64849,0
            -74.00594,42.64851,0
            -74.00605,42.64863,0
            -74.0062,42.64878,0
            -74.00641,42.64902,0
            -74.00654,42.64919,0
            -74.00655,42.64921,0
            -74.00657,42.64923,0
            -74.0066,42.64927,0
            -74.00668,42.6494,0
            -74.00675,42.64953,0
            -74.00675,42.64954,0
            -74.00683,42.6497,0
            -74.00689,42.64984,0
            -74.0071,42.65043,0
            -74.00716,42.65057,0
            -74.00728,42.65092,0
            -74.00742,42.65126,0
            -74.00745,42.65135,0
            -74.00745,42.65136,0
            -74.00748,42.65143,0
            -74.0075,42.65146,0
            -74.00752,42.65152,0
            -74.00756,42.65158,0
            -74.00761,42.65167,0
            -74.00768,42.65176,0
            -74.00768,42.65177,0
            -74.00774,42.65183,0
            -74.00778,42.65188,0
            -74.00793,42.652,0
            -74.00804,42.65208,0
            -74.00817,42.65216,0
            -74.00838,42.65225,0
            -74.00839,42.65226,0
            -74.00849,42.65229,0
            -74.00851,42.6523,0
            -74.00863,42.65234,0
            -74.00888,42.65239,0
            -74.00902,42.65241,0
            -74.00912,42.65241,0
            -74.00922,42.65242,0
            -74.00933,42.65242,0
            -74.00956,42.6524,0
            -74.00961,42.6524,0
            -74.01022,42.65229,0
            -74.01027,42.65227,0
            -74.01261,42.6518,0
            -74.01263,42.6518,0
            -74.01287,42.65176,0
            -74.01289,42.65175,0
            -74.01309,42.65173,0
            -74.01311,42.65173,0
            -74.01319,42.65172,0
            -74.01348,42.65172,0
            -74.01384,42.65175,0
            -74.01407,42.65179,0
            -74.01412,42.65181,0
            -74.01434,42.65187,0
            -74.01445,42.65191,0
            -74.01478,42.65207,0
            -74.01521,42.65234,0
            -74.01571,42.65263,0
            -74.01628,42.653,0
            -74.0167,42.65325,0
            -74.01687,42.65336,0
            -74.01711,42.65354,0
            -74.01756,42.6539,0
            -74.01798,42.65428,0
            -74.01782,42.65436,0
            -74.01776,42.6544,0
            -74.01771,42.65445,0
            -74.01767,42.65452,0
            -74.01765,42.65461,0
            -74.01767,42.65467,0
            -74.0177,42.65471,0
            -74.01791,42.65493,0
            -74.0177,42.65471,0
            -74.01767,42.65467,0
            -74.01765,42.65461,0
            -74.01767,42.65452,0
            -74.01771,42.65445,0
            -74.01776,42.6544,0
            -74.01782,42.65436,0
            -74.01798,42.65428,0
            -74.0181,42.6544,0
            -74.01846,42.65473,0
            -74.01859,42.65483,0
            -74.0186,42.65484,0
            -74.01891,42.65505,0
            -74.01911,42.65515,0
            -74.01916,42.65518,0
            -74.01923,42.65521,0
            -74.01948,42.6553,0
            -74.01969,42.65535,0
            -74.01981,42.65537,0
            -74.02081,42.65549,0
            -74.02154,42.65555,0
            -74.0218,42.65555,0
            -74.02208,42.65556,0
            -74.02272,42.65553,0
            -74.02276,42.65552,0
            -74.02319,42.65548,0
            -74.02409,42.65537,0
            -74.02442,42.65535,0
            -74.02573,42.65535,0
            -74.02607,42.65531,0
            -74.02632,42.65526,0
            -74.02634,42.65526,0
            -74.02643,42.65524,0
            -74.02645,42.65523,0
            -74.02651,42.65522,0
            -74.02687,42.65509,0
            -74.02688,42.65509,0
            -74.02695,42.65506,0
            -74.02719,42.65494,0
            -74.02744,42.6548,0
            -74.0277,42.65459,0
            -74.0289,42.6553,0
            -74.02941,42.65554,0
            -74.02948,42.65558,0
            -74.02965,42.65564,0
            -74.02999,42.65572,0
            -74.03024,42.65576,0
            -74.03042,42.65578,0
            -74.03058,42.65578,0
            -74.03179,42.6557,0
            -74.03203,42.65567,0
            -74.03255,42.65563,0
            -74.03298,42.65562,0
            -74.033,42.65563,0
            -74.03324,42.65566,0
            -74.03341,42.6557,0
            -74.03372,42.65584,0
            -74.0338,42.65589,0
            -74.03402,42.65608,0
            -74.03406,42.65612,0
            -74.03411,42.65616,0
            -74.03457,42.65661,0
            -74.03482,42.65681,0
            -74.03504,42.65695,0
            -74.03515,42.65701,0
            -74.03524,42.65705,0
            -74.03535,42.65712,0
            -74.03693,42.65792,0
            -74.03713,42.65803,0
            -74.03823,42.65857,0
            -74.03843,42.65868,0
            -74.03884,42.65888,0
            -74.03928,42.65911,0
            -74.03985,42.65939,0
            -74.04005,42.65948,0
            -74.04024,42.65958,0
            -74.04067,42.65978,0
            -74.04104,42.65997,0
            -74.0417,42.66026,0
            -74.04171,42.66027,0
            -74.04209,42.6604,0
            -74.0423,42.66044,0
            -74.04266,42.66048,0
            -74.04274,42.66048,0
            -74.04299,42.6605,0
            -74.04443,42.66054,0
            -74.04516,42.6606,0
            -74.0454,42.66063,0
            -74.04783,42.66084,0
            -74.04807,42.66085,0
            -74.04859,42.66089,0
            -74.04929,42.66091,0
            -74.04953,42.66088,0
            -74.04967,42.66087,0
            -74.04978,42.66085,0
            -74.05009,42.66081,0
            -74.05323,42.66026,0
            -74.05431,42.66002,0
            -74.05473,42.6599,0
            -74.05474,42.6599,0
            -74.05526,42.65976,0
            -74.05571,42.65961,0
            -74.05604,42.65952,0
            -74.05635,42.65947,0
            -74.05648,42.65944,0
            -74.05682,42.6594,0
            -74.05735,42.65932,0
            -74.05741,42.65959,0
            -74.05748,42.65983,0
            -74.05763,42.66043,0
            -74.05764,42.66044,0
            -74.05773,42.66077,0
            -74.05775,42.66082,0
            -74.0578,42.661,0
            -74.05839,42.66272,0
            -74.0584,42.66274,0
            -74.05862,42.66341,0
            -74.05862,42.66344,0
            -74.05884,42.66412,0
            -74.05884,42.66414,0
            -74.05889,42.66429,0
            -74.05889,42.66432,0
            -74.05894,42.66447,0
            -74.05894,42.66449,0
            -74.05895,42.6645,0
            -74.05908,42.665,0
            -74.05909,42.66502,0
            -74.05932,42.66588,0
            -74.05932,42.66591,0
            -74.05965,42.66717,0
            -74.05967,42.66723,0
            -74.05971,42.66738,0
            -74.05975,42.66749,0
            -74.05979,42.66758,0
            -74.05979,42.66759,0
            -74.05984,42.66767,0
            -74.0599,42.66775,0
            -74.05993,42.6678,0
            -74.06001,42.66786,0
            -74.06004,42.66789,0
            -74.06022,42.66801,0
            -74.06042,42.66811,0
            -74.0611,42.66831,0
            -74.06127,42.66835,0
            -74.06305,42.66886,0
            -74.0635,42.66897,0
            -74.06363,42.66899,0
            -74.06368,42.66901,0
            -74.06386,42.66904,0
            -74.06509,42.6693,0
            -74.0655,42.6694,0
            -74.0655,42.66941,0
            -74.06619,42.66959,0
            -74.06675,42.66975,0
            -74.06687,42.66979,0
            -74.06702,42.66983,0
            -74.0671,42.66986,0
            -74.06725,42.66993,0
            -74.06731,42.66995,0
            -74.06788,42.67029,0
            -74.06806,42.67041,0
            -74.0686,42.67074,0
            -74.06862,42.67076,0
            -74.06881,42.67087,0
            -74.06997,42.67159,0
            -74.07016,42.67173,0
            -74.07023,42.67177,0
            -74.07026,42.6718,0
            -74.0704,42.6719,0
            -74.07042,42.67193,0
            -74.0706,42.67206,0
            -74.07108,42.6725,0
            -74.07362,42.675,0
            -74.07369,42.67506,0
            -74.07391,42.67523,0
            -74.07416,42.67539,0
            -74.07454,42.67559,0
            -74.07463,42.67563,0
            -74.078,42.6773,0
            -74.07809,42.67733,0
            -74.07816,42.67734,0
            -74.07818,42.67735,0
            -74.07823,42.67735,0
            -74.07828,42.67736,0
            -74.07842,42.67736,0
            -74.07912,42.67687,0
            -74.07953,42.67663,0
            -74.0797,42.67656,0
            -74.07976,42.67655,0
            -74.07995,42.6765,0
            -74.08004,42.67649,0
            -74.08011,42.67649,0
            -74.08016,42.67648,0
            -74.08035,42.67648,0
            -74.08042,42.67649,0
            -74.08053,42.67649,0
            -74.08074,42.67651,0
            -74.08084,42.67653,0
            -74.08108,42.67656,0
            -74.08208,42.67681,0
            -74.08246,42.67693,0
            -74.08269,42.67699,0
            -74.08291,42.67706,0
            -74.08293,42.67706,0
            -74.08315,42.67712,0
            -74.08501,42.67755,0
            -74.08536,42.67767,0
            -74.08559,42.67777,0
            -74.08582,42.67789,0
            -74.08626,42.67814,0
            -74.08586,42.67839,0
            -74.08577,42.67846,0
            -74.08576,42.67847,0
            -74.08568,42.67853,0
            -74.08555,42.67866,0
            -74.08548,42.67875,0
            -74.08548,42.67876,0
            -74.08543,42.67884,0
            -74.08539,42.67893,0
            -74.08536,42.67903,0
            -74.08527,42.67946,0
            -74.08527,42.67947,0
            -74.08518,42.67999,0
            -74.08517,42.68002,0
            -74.08514,42.68017,0
            -74.08513,42.68025,0
            -74.08502,42.6807,0
            -74.08499,42.68088,0
            -74.08496,42.68115,0
            -74.08495,42.68133,0
            -74.08495,42.68142,0
            -74.08494,42.68155,0
            -74.08494,42.6817,0
            -74.08495,42.68178,0
            -74.08495,42.6818,0
            -74.08497,42.68194,0
            -74.08501,42.68207,0
            -74.08504,42.68213,0
            -74.08505,42.68217,0
            -74.08512,42.68227,0
            -74.08513,42.6823,0
            -74.08527,42.6825,0
            -74.08542,42.6828,0
            -74.08555,42.68325,0
            -74.08558,42.68332,0
            -74.08562,42.68345,0
            -74.08578,42.68371,0
            -74.08589,42.68386,0
            -74.08669,42.68484,0
            -74.08683,42.685,0
            -74.08837,42.68693,0
            -74.08839,42.68696,0
            -74.08859,42.6872,0
            -74.08871,42.68733,0
            -74.08916,42.68797,0
            -74.08917,42.68799,0
            -74.08948,42.68845,0
            -74.08958,42.68862,0
            -74.08961,42.68866,0
            -74.08998,42.68927,0
            -74.09019,42.68955,0
            -74.09024,42.68963,0
            -74.09057,42.69001,0
            -74.09101,42.69055,0
            -74.09129,42.69095,0
            -74.09133,42.69102,0
            -74.0914,42.69111,0
            -74.09176,42.69164,0
            -74.09195,42.69189,0
            -74.09225,42.69218,0
            -74.09227,42.69219,0
            -74.09242,42.69234,0
            -74.09253,42.69242,0
            -74.09268,42.69254,0
            -74.09276,42.69259,0
            -74.09309,42.69286,0
            -74.09343,42.69312,0
            -74.09351,42.69319,0
            -74.09368,42.69332,0
            -74.09385,42.69347,0
            -74.09397,42.69359,0
            -74.09415,42.6938,0
            -74.09422,42.69393,0
            -74.09431,42.69414,0
            -74.09437,42.69435,0
            -74.09444,42.69469,0
            -74.0946,42.6953,0
            -74.09462,42.69542,0
            -74.09469,42.69568,0
            -74.09501,42.6971,0
            -74.09506,42.69728,0
            -74.09554,42.69943,0
            -74.09558,42.69958,0
            -74.09577,42.70048,0
            -74.10144,42.69989,0
            -74.10184,42.69986,0
            -74.10249,42.69986,0
            -74.10283,42.69988,0
            -74.10319,42.69992,0
            -74.10332,42.69994,0
            -74.10366,42.70002,0
            -74.10378,42.70004,0
            -74.10717,42.70089,0
            -74.10776,42.701,0
            -74.10805,42.70103,0
            -74.10834,42.70104,0
            -74.1084,42.70105,0
            -74.10907,42.70102,0
            -74.10924,42.701,0
            -74.10931,42.701,0
            -74.11026,42.70092,0
            -74.11029,42.70092,0
            -74.11393,42.70061,0
            -74.11418,42.70058,0
            -74.11428,42.70058,0
            -74.11588,42.70044,0
            -74.11594,42.70043,0
            -74.12516,42.69965,0
            -74.12522,42.69964,0
            -74.12638,42.69954,0
            -74.12647,42.69954,0
            -74.12662,42.69952,0
            -74.12737,42.69945,0
            -74.12759,42.69944,0
            -74.12773,42.69942,0
            -74.12808,42.69941,0
            -74.12818,42.69955,0
            -74.12824,42.69967,0
            -74.12834,42.70001,0
            -74.12881,42.70207,0
            -74.12886,42.70226,0
            -74.12887,42.70234,0
            -74.1289,42.70242,0
            -74.12892,42.7025,0
            -74.12903,42.70274,0
            -74.12915,42.70286,0
            -74.12917,42.70289,0
            -74.12933,42.70303,0
            -74.12942,42.7031,0
            -74.12967,42.70325,0
            -74.12984,42.70332,0
            -74.13005,42.70342,0
            -74.13047,42.7036,0
            -74.13068,42.7037,0
            -74.13091,42.70383,0
            -74.13117,42.70399,0
            -74.13141,42.70418,0
            -74.13165,42.70441,0
            -74.13167,42.70444,0
            -74.1318,42.7046,0
            -74.13194,42.7048,0
            -74.13203,42.70496,0
            -74.13214,42.70524,0
            -74.13219,42.70541,0
            -74.13264,42.70731,0
            -74.13269,42.70749,0
            -74.13308,42.70913,0
            -74.13312,42.70926,0
            -74.13382,42.7122,0
            -74.13384,42.71225,0
            -74.13392,42.7126,0
            -74.13399,42.71285,0
            -74.13403,42.71297,0
            -74.13413,42.71316,0
            -74.13422,42.7133,0
            -74.13439,42.7135,0
            -74.13454,42.71365,0
            -74.13498,42.714,0
            -74.13506,42.71407,0
            -74.13541,42.71434,0
            -74.13548,42.7144,0
            -74.13582,42.71463,0
            -74.13641,42.71496,0
            -74.13703,42.71528,0
            -74.13714,42.71533,0
            -74.13795,42.71575,0
            -74.13834,42.71598,0
            -74.1388,42.71628,0
            -74.13912,42.71651,0
            -74.13923,42.7166,0
            -74.13966,42.71691,0
            -74.13987,42.71705,0
            -74.14005,42.71714,0
            -74.14031,42.71724,0
            -74.14057,42.7173,0
            -74.14082,42.71733,0
            -74.14088,42.71733,0
            -74.14106,42.71735,0
            -74.1413,42.71736,0
            -74.14161,42.71736,0
            -74.14186,42.71734,0
            -74.14209,42.71731,0
            -74.14228,42.71727,0
            -74.14235,42.71726,0
            -74.14249,42.71723,0
            -74.14252,42.71723,0
            -74.14276,42.71718,0
            -74.14308,42.71709,0
            -74.14326,42.71703,0
            -74.14328,42.71702,0
            -74.1459,42.71607,0
            -74.14591,42.71607,0
            -74.14681,42.71574,0
            -74.14705,42.71566,0
            -74.14734,42.71558,0
            -74.14749,42.71556,0
            -74.14766,42.71555,0
            -74.14776,42.71556,0
            -74.148,42.71561,0
            -74.14816,42.71566,0
            -74.14827,42.71571,0
            -74.14848,42.71582,0
            -74.14993,42.71671,0
            -74.15019,42.71684,0
            -74.15022,42.71686,0
            -74.15065,42.71705,0
            -74.15085,42.71712,0
            -74.15126,42.71723,0
            -74.15158,42.71728,0
            -74.15176,42.7173,0
            -74.15195,42.71731,0
            -74.15472,42.71735,0
            -74.15517,42.71738,0
            -74.15528,42.71738,0
            -74.15569,42.71745,0
            -74.1573,42.71779,0
            -74.15792,42.71795,0
            -74.16146,42.71894,0
            -74.16317,42.71935,0
            -74.16318,42.71935,0
            -74.16363,42.71947,0
            -74.16369,42.71948,0
            -74.16377,42.7195,0
            -74.16393,42.71956,0
            -74.16395,42.71957,0
            -74.16413,42.71963,0
            -74.16464,42.71991,0
            -74.16474,42.71999,0
            -74.16479,42.72002,0
            -74.16506,42.72026,0
            -74.16522,42.72039,0
            -74.16597,42.72132,0
            -74.16706,42.72273,0
            -74.16732,42.72305,0
            -74.16793,42.7239,0
            -74.16798,42.724,0
            -74.16858,42.72498,0
            -74.16867,42.72515,0
            -74.16876,42.72534,0
            -74.16885,42.72567,0
            -74.16886,42.72574,0
            -74.16889,42.72585,0
            -74.1691,42.72701,0
            -74.16911,42.72712,0
            -74.16918,42.72755,0
            -74.16919,42.72766,0
            -74.16922,42.72781,0
            -74.16925,42.72801,0
            -74.16925,42.72807,0
            -74.16931,42.72852,0
            -74.16933,42.72862,0
            -74.16937,42.72898,0
            -74.16937,42.7291,0
            -74.16938,42.72923,0
            -74.16937,42.72934,0
            -74.16937,42.72943,0
            -74.16935,42.72961,0
            -74.16932,42.72977,0
            -74.16916,42.73046,0
            -74.16912,42.7306,0
            -74.16908,42.73077,0
            -74.16904,42.73087,0
            -74.169,42.73103,0
            -74.16868,42.73173,0
            -74.16861,42.73192,0
            -74.16855,42.73221,0
            -74.16856,42.73236,0
            -74.16858,42.73251,0
            -74.16859,42.73253,0
            -74.16863,42.73268,0
            -74.16863,42.73269,0
            -74.16866,42.73278,0
            -74.1687,42.73286,0
            -74.16877,42.73303,0
            -74.16918,42.73388,0
            -74.16926,42.73403,0
            -74.16926,42.73405,0
            -74.16941,42.73436,0
            -74.17,42.73591,0
            -74.17023,42.73646,0
            -74.17027,42.73657,0
            -74.17033,42.7367,0
            -74.17041,42.73683,0
            -74.17046,42.7369,0
            -74.17058,42.73702,0
            -74.17067,42.7371,0
            -74.17072,42.73713,0
            -74.17078,42.73718,0
            -74.17084,42.73722,0
            -74.17085,42.73722,0
            -74.17096,42.7373,0
            -74.17113,42.7374,0
            -74.17134,42.73756,0
            -74.17142,42.73763,0
            -74.17147,42.73768,0
            -74.17154,42.73776,0
            -74.17161,42.73785,0
            -74.17168,42.73797,0
            -74.17173,42.73803,0
            -74.17276,42.73793,0
            -74.17278,42.73793,0
            -74.17375,42.73782,0
            -74.17455,42.73775,0
            -74.1762,42.73757,0
            -74.17626,42.73756,0
            -74.17632,42.73756,0
            -74.17635,42.73755,0
            -74.17639,42.73755,0
            -74.17684,42.7375,0
            -74.17689,42.7375,0
            -74.17732,42.73745,0
            -74.17736,42.73745,0
            -74.17763,42.73741,0
            -74.17804,42.73733,0
            -74.1785,42.73722,0
            -74.17854,42.7372,0
            -74.17864,42.73717,0
            -74.17873,42.73715,0
            -74.17922,42.73701,0
            -74.17963,42.73688,0
            -74.17968,42.73686,0
            -74.18016,42.73671,0
            -74.18031,42.73667,0
            -74.1817,42.73623,0
            -74.18175,42.73621,0
            -74.18503,42.73516,0
            -74.18568,42.73498,0
            -74.1857,42.73497,0
            -74.18575,42.73497,0
            -74.18581,42.73499,0
            -74.18589,42.73494,0
            -74.18601,42.73488,0
            -74.18642,42.73472,0
            -74.18976,42.7336,0
            -74.18987,42.73357,0
            -74.19412,42.73215,0
            -74.1943,42.7321,0
            -74.19442,42.73206,0
            -74.19474,42.73198,0
            -74.19486,42.73196,0
            -74.19509,42.73191,0
            -74.1967,42.73172,0
            -74.19685,42.73171,0
            -74.19733,42.73165,0
            -74.20367,42.73099,0
            -74.20371,42.73098,0
            -74.20416,42.73094,0
            -74.20464,42.73088,0
            -74.20468,42.73088,0
            -74.20578,42.73076,0
            -74.20633,42.73067,0
            -74.20636,42.73067,0
            -74.20648,42.73064,0
            -74.20655,42.73063,0
            -74.20657,42.73063,0
            -74.20664,42.73061,0
            -74.2068,42.73058,0
            -74.20697,42.73054,0
            -74.20704,42.73053,0
            -74.21104,42.72967,0
            -74.21123,42.72962,0
            -74.21143,42.72959,0
            -74.21156,42.72956,0
            -74.21193,42.72951,0
            -74.21231,42.72948,0
            -74.21282,42.72948,0
            -74.21299,42.72949,0
            -74.21355,42.7295,0
            -74.21359,42.72951,0
            -74.21478,42.72951,0
            -74.21502,42.72949,0
            -74.21507,42.72949,0
            -74.21746,42.72931,0
            -74.21763,42.72929,0
            -74.2177,42.72929,0
            -74.21971,42.72912,0
            -74.22,42.72907,0
            -74.22032,42.72903,0
            -74.22322,42.72852,0
            -74.22382,42.72845,0
            -74.22705,42.72819,0
            -74.22729,42.72818,0
            -74.23153,42.72785,0
            -74.23192,42.72783,0
            -74.2329,42.72775,0
            -74.23297,42.72775,0
            -74.23314,42.72773,0
            -74.23392,42.72768,0
            -74.23589,42.72746,0
            -74.23749,42.72722,0
            -74.23797,42.72716,0
            -74.23811,42.72713,0
            -74.24013,42.72685,0
            -74.24181,42.72659,0
            -74.24234,42.72647,0
            -74.24257,42.72641,0
            -74.24743,42.72499,0
            -74.24849,42.72471,0
            -74.24858,42.72468,0
            -74.24881,42.72463,0
            -74.24885,42.72461,0
            -74.24904,42.72457,0
            -74.24997,42.72433,0
            -74.2502,42.72428,0
            -74.25079,42.72413,0
            -74.2509,42.72411,0
            -74.25113,42.72405,0
            -74.25136,42.724,0
            -74.25137,42.724,0
            -74.25157,42.72395,0
            -74.2516,42.72395,0
            -74.2523,42.7238,0
            -74.2523,42.72379,0
            -74.25413,42.72339,0
            -74.25626,42.72285,0
            -74.25671,42.72272,0
            -74.25672,42.72272,0
            -74.25716,42.72258,0
            -74.25718,42.72257,0
            -74.25762,42.72243,0
            -74.25784,42.72237,0
            -74.2592,42.72195,0
            -74.25928,42.72192,0
            -74.26716,42.7195,0
            -74.26717,42.7195,0
            -74.26934,42.71884,0
            -74.26943,42.71882,0
            -74.26966,42.71875,0
            -74.26977,42.71871,0
            -74.27034,42.71853,0
            -74.27112,42.71825,0
            -74.27178,42.71798,0
            -74.27349,42.71722,0
            -74.27352,42.71721,0
            -74.27411,42.71693,0
            -74.27612,42.71591,0
            -74.27618,42.71587,0
            -74.27774,42.71507,0
            -74.27775,42.71507,0
            -74.27934,42.71427,0
            -74.27935,42.71426,0
            -74.27993,42.714,0
            -74.28067,42.71374,0
            -74.28109,42.71362,0
            -74.28157,42.71351,0
            -74.28211,42.71341,0
            -74.28246,42.71336,0
            -74.28291,42.71331,0
            -74.28361,42.71327,0
            -74.28945,42.71321,0
            -74.2897,42.7132,0
            -74.29223,42.7132,0
            -74.29247,42.71321,0
            -74.29484,42.71322,0
            -74.29492,42.71323,0
            -74.29546,42.71323,0
            -74.29561,42.71322,0
            -74.29601,42.71322,0
            -74.29612,42.71321,0
            -74.29615,42.71321,0
            -74.29623,42.7132,0
            -74.29634,42.7132,0
            -74.29639,42.71319,0
            -74.29659,42.71318,0
            -74.29954,42.71287,0
            -74.29958,42.71287,0
            -74.2997,42.71285,0
            -74.30366,42.71243,0
            -74.30382,42.71242,0
            -74.30427,42.71237,0
            -74.3043,42.71236,0
            -74.30451,42.71234,0
            -74.30454,42.71234,0
            -74.3062,42.71216,0
            -74.30645,42.71214,0
            -74.30948,42.71181,0
            -74.30959,42.71179,0
            -74.31031,42.71169,0
            -74.31118,42.71155,0
            -74.31127,42.71154,0
            -74.31307,42.71123,0
            -74.31324,42.71121,0
            -74.31557,42.71082,0
            -74.31626,42.71069,0
            -74.31628,42.71068,0
            -74.31681,42.71057,0
            -74.31684,42.71056,0
            -74.31751,42.71042,0
            -74.31752,42.71042,0
            -74.31798,42.71031,0
            -74.3181,42.71029,0
            -74.31833,42.71023,0
            -74.31843,42.71021,0
            -74.31845,42.7102,0
            -74.31889,42.7101,0
            -74.31891,42.71009,0
            -74.31962,42.70993,0
            -74.31993,42.70985,0
            -74.31996,42.70985,0
            -74.32002,42.70983,0
            -74.32008,42.70982,0
            -74.32028,42.70976,0
            -74.32034,42.70975,0
            -74.32209,42.7093,0
            -74.32215,42.70929,0
            -74.32297,42.70908,0
            -74.32306,42.70905,0
            -74.32329,42.70899,0
            -74.3233,42.70899,0
            -74.32343,42.70896,0
            -74.32351,42.70893,0
            -74.32352,42.70893,0
            -74.32363,42.70889,0
            -74.32374,42.70886,0
            -74.32392,42.70879,0
            -74.3241,42.70873,0
            -74.32411,42.70872,0
            -74.32435,42.70861,0
            -74.32438,42.70859,0
            -74.32442,42.70858,0
            -74.32449,42.70854,0
            -74.32467,42.70845,0
            -74.32535,42.70808,0
            -74.32558,42.70797,0
            -74.32573,42.70789,0
            -74.32596,42.70775,0
            -74.32597,42.70775,0
            -74.32621,42.70762,0
            -74.32641,42.7075,0
            -74.32647,42.70747,0
            -74.32654,42.70742,0
            -74.32664,42.70738,0
            -74.32673,42.70733,0
            -74.32682,42.7073,0
            -74.3269,42.70726,0
            -74.32692,42.70726,0
            -74.32713,42.70718,0
            -74.32741,42.70711,0
            -74.32748,42.7071,0
            -74.32755,42.70708,0
            -74.32771,42.70706,0
            -74.3278,42.70704,0
            -74.32861,42.70697,0
            -74.32927,42.70687,0
            -74.32938,42.70684,0
            -74.32954,42.70681,0
            -74.3302,42.70666,0
            -74.33028,42.70665,0
            -74.33191,42.7063,0
            -74.33193,42.7063,0
            -74.33261,42.70616,0
            -74.33262,42.70616,0
            -74.33309,42.70606,0
            -74.33312,42.70605,0
            -74.33343,42.70599,0
            -74.3338,42.70589,0
            -74.33405,42.7058,0
            -74.33439,42.70565,0
            -74.33466,42.70552,0
            -74.33468,42.70552,0
            -74.33473,42.70549,0
            -74.33504,42.70535,0
            -74.33533,42.70525,0
            -74.33539,42.70535,0
            -74.3354,42.7054,0
            -74.33542,42.70544,0
            -74.33544,42.70554,0
            -74.33544,42.70563,0
            -74.33542,42.70581,0
            -74.33536,42.70615,0
            -74.33536,42.70617,0
            -74.33534,42.70635,0
            -74.33526,42.70688,0
            -74.33525,42.70699,0
            -74.33518,42.70742,0
            -74.33509,42.70814,0
            -74.33502,42.70855,0
            -74.33491,42.70939,0
            -74.33488,42.70957,0
            -74.33486,42.70975,0
            -74.33463,42.71127,0
            -74.33463,42.71131,0
            -74.33457,42.71179,0
            -74.33456,42.71195,0
            -74.33456,42.71207,0
            -74.3346,42.71233,0
            -74.33462,42.7124,0
            -74.33465,42.71248,0
            -74.33468,42.71258,0
            -74.33476,42.71273,0
            -74.33479,42.7128,0
            -74.33496,42.71305,0
            -74.33519,42.7133,0
            -74.33528,42.71341,0
            -74.33542,42.71356,0
            -74.3355,42.71366,0
            -74.33575,42.71391,0
            -74.33576,42.71393,0
            -74.33622,42.71444,0
            -74.33631,42.71457,0
            -74.33645,42.71484,0
            -74.33645,42.71485,0
            -74.33651,42.71496,0
            -74.33657,42.71513,0
            -74.33664,42.71528,0
            -74.33679,42.71571,0
            -74.33685,42.71593,0
            -74.33686,42.71599,0
            -74.33697,42.71615,0
            -74.33701,42.7162,0
            -74.33701,42.71622,0
            -74.33713,42.71649,0
            -74.33718,42.71663,0
            -74.3372,42.71666,0
            -74.33741,42.71718,0
            -74.33749,42.71735,0
            -74.3377,42.71788,0
            -74.33838,42.71791,0
            -74.33849,42.71792,0
            -74.33887,42.71793,0
            -74.34254,42.71815,0
            -74.34264,42.71815,0
            -74.34472,42.71827,0
            -74.34481,42.71828,0
            -74.34554,42.71832,0
            -74.34573,42.71834,0
            -74.34694,42.7184,0
            -74.34705,42.71841,0
            -74.3472,42.71841,0
            -74.34758,42.71845,0
            -74.34776,42.71848,0
            -74.34777,42.71849,0
            -74.34793,42.71853,0
            -74.348,42.71856,0
            -74.34801,42.71856,0
            -74.34806,42.71859,0
            -74.34818,42.71865,0
            -74.34844,42.71885,0
            -74.3487,42.71907,0
            -74.34935,42.71965,0
            -74.34951,42.71978,0
            -74.34985,42.72009,0
            -74.34999,42.72023,0
            -74.35007,42.72032,0
            -74.3501,42.72036,0
            -74.35013,42.72039,0
            -74.35019,42.72047,0
            -74.3502,42.72049,0
            -74.35022,42.72051,0
            -74.35054,42.72094,0
            -74.35075,42.72125,0
            -74.35076,42.72126,0
            -74.35079,42.72131,0
            -74.35085,42.72139,0
            -74.35096,42.72151,0
            -74.35106,42.7216,0
            -74.35125,42.72174,0
            -74.35142,42.72183,0
            -74.35151,42.72187,0
            -74.35166,42.72192,0
            -74.35172,42.72193,0
            -74.35177,42.72195,0
            -74.35202,42.722,0
            -74.35224,42.72202,0
            -74.35279,42.72202,0
            -74.35339,42.722,0
            -74.35363,42.72198,0
            -74.35381,42.72198,0
            -74.35479,42.72194,0
            -74.35489,42.72193,0
            -74.35612,42.72188,0
            -74.35613,42.72187,0
            -74.35641,42.72186,0
            -74.35662,42.72184,0
            -74.35699,42.72182,0
            -74.35711,42.7218,0
            -74.35755,42.72175,0
            -74.35759,42.72175,0
            -74.35779,42.72172,0
            -74.35925,42.72155,0
            -74.35928,42.72155,0
            -74.35997,42.72147,0
            -74.36001,42.72147,0
            -74.36021,42.72144,0
            -74.36025,42.72144,0
            -74.36098,42.72136,0
            -74.36118,42.72133,0
            -74.36131,42.72132,0
            -74.36166,42.72127,0
            -74.36183,42.72123,0
            -74.36424,42.72051,0
            -74.3661,42.71998,0
            -74.36625,42.71993,0
            -74.36655,42.71985,0
            -74.36693,42.71973,0
            -74.36724,42.71965,0
            -74.36789,42.71946,0
            -74.36807,42.7194,0
            -74.36842,42.71931,0
            -74.36853,42.71927,0
            -74.36918,42.71909,0
            -74.36956,42.71897,0
            -74.36995,42.71882,0
            -74.3703,42.71863,0
            -74.3707,42.71836,0
            -74.37097,42.71816,0
            -74.37099,42.71815,0
            -74.37117,42.71802,0
            -74.3714,42.71787,0
            -74.37165,42.71774,0
            -74.37174,42.7177,0
            -74.37175,42.7177,0
            -74.37182,42.71766,0
            -74.37196,42.71761,0
            -74.37197,42.71761,0
            -74.37204,42.71758,0
            -74.37418,42.71687,0
            -74.37419,42.71687,0
            -74.37442,42.7168,0
            -74.37464,42.71672,0
            -74.37581,42.71634,0
            -74.37597,42.71628,0
            -74.37693,42.71597,0
            -74.37715,42.71589,0
            -74.37729,42.71585,0
            -74.3776,42.71574,0
            -74.37761,42.71574,0
            -74.37772,42.7157,0
            -74.37803,42.71557,0
            -74.37807,42.71555,0
            -74.37824,42.71548,0
            -74.37827,42.71546,0
            -74.37839,42.7154,0
            -74.37844,42.71538,0
            -74.37861,42.71527,0
            -74.37863,42.71526,0
            -74.37879,42.71516,0
            -74.37881,42.71514,0
            -74.37934,42.71477,0
            -74.3794,42.71472,0
            -74.37982,42.71441,0
            -74.38019,42.71411,0
            -74.38036,42.71396,0
            -74.38063,42.71368,0
            -74.38064,42.71366,0
            -74.38256,42.71161,0
            -74.38312,42.71104,0
            -74.38324,42.71095,0
            -74.38331,42.71089,0
            -74.38348,42.71077,0
            -74.38368,42.71066,0
            -74.38382,42.7106,0
            -74.38402,42.71053,0
            -74.3842,42.71048,0
            -74.38422,42.71047,0
            -74.38442,42.71042,0
            -74.38443,42.71042,0
            -74.38514,42.71029,0
            -74.38591,42.71017,0
            -74.38609,42.71015,0
            -74.38736,42.70995,0
            -74.38904,42.70973,0
            -74.38913,42.70971,0
            -74.38953,42.70966,0
            -74.38974,42.70962,0
            -74.38975,42.70962,0
            -74.3901,42.70954,0
            -74.39035,42.70946,0
            -74.39044,42.70942,0
            -74.39075,42.7093,0
            -74.3909,42.70922,0
            -74.39101,42.70917,0
            -74.39127,42.70902,0
            -74.39129,42.709,0
            -74.39139,42.70912,0
            -74.39157,42.70919,0
            -74.39167,42.70924,0
            -74.39177,42.70931,0
            -74.39179,42.70933,0
            -74.3918,42.70935,0
            -74.3918,42.70937,0
            -74.39179,42.7094,0
            -74.39179,42.70942,0
            -74.39177,42.70944,0
            -74.39175,42.70948,0
            -74.39177,42.70944,0
            -74.39179,42.70942,0
            -74.39179,42.7094,0
            -74.3918,42.70937,0
            -74.3918,42.70935,0
            -74.39179,42.70933,0
            -74.39177,42.70931,0
            -74.39167,42.70924,0
            -74.39157,42.70919,0
            -74.39139,42.70912,0
            -74.39129,42.709,0
            -74.39153,42.70885,0
            -74.39182,42.70863,0
            -74.39212,42.70837,0
            -74.39213,42.70835,0
            -74.39221,42.70828,0
            -74.39287,42.70757,0
            -74.39312,42.70732,0
            -74.39328,42.70719,0
            -74.39348,42.70704,0
            -74.39399,42.70671,0
            -74.394,42.7067,0
            -74.39419,42.70659,0
            -74.39427,42.70653,0
            -74.39464,42.70632,0
            -74.39481,42.70624,0
            -74.39496,42.70616,0
            -74.39497,42.70616,0
            -74.39655,42.70542,0
            -74.39663,42.70539,0
            -74.39778,42.70486,0
            -74.39802,42.70474,0
            -74.3986,42.70441,0
            -74.39861,42.7044,0
            -74.39865,42.70437,0
            -74.39878,42.70429,0
            -74.3995,42.7038,0
            -74.40018,42.70337,0
            -74.40082,42.703,0
            -74.40119,42.70277,0
            -74.4012,42.70277,0
            -74.40128,42.70271,0
            -74.40157,42.70254,0
            -74.40201,42.70226,0
            -74.40221,42.70212,0
            -74.40246,42.70193,0
            -74.40247,42.70193,0
            -74.40274,42.70171,0
            -74.40315,42.70141,0
            -74.40321,42.70136,0
            -74.40331,42.70129,0
            -74.40332,42.70129,0
            -74.4035,42.70117,0
            -74.40351,42.70117,0
            -74.40356,42.70113,0
            -74.40357,42.70113,0
            -74.40368,42.70106,0
            -74.40369,42.70105,0
            -74.40375,42.70101,0
            -74.40387,42.70094,0
            -74.40388,42.70094,0
            -74.40388,42.70093,0
            -74.40394,42.7009,0
            -74.40445,42.7006,0
            -74.40446,42.7006,0
            -74.40448,42.70058,0
            -74.40452,42.70056,0
            -74.40463,42.70049,0
            -74.40463,42.70048,0
            -74.40467,42.70046,0
            -74.40496,42.70022,0
            -74.40497,42.70022,0
            -74.40502,42.70017,0
            -74.40504,42.70016,0
            -74.40518,42.70004,0
            -74.40521,42.70001,0
            -74.40523,42.7,0
            -74.40525,42.69997,0
            -74.40528,42.69995,0
            -74.40528,42.69994,0
            -74.40529,42.69994,0
            -74.40533,42.69989,0
            -74.40534,42.69989,0
            -74.40535,42.69988,0
            -74.40537,42.69985,0
            -74.40539,42.69983,0
            -74.40541,42.6998,0
            -74.40541,42.69979,0
            -74.40542,42.69979,0
            -74.40545,42.69974,0
            -74.40546,42.69973,0
            -74.40553,42.69964,0
            -74.40553,42.69963,0
            -74.40556,42.69958,0
            -74.40557,42.69958,0
            -74.40557,42.69957,0
            -74.4056,42.69953,0
            -74.40561,42.69952,0
            -74.40563,42.69948,0
            -74.40564,42.69947,0
            -74.40567,42.69941,0
            -74.40568,42.6994,0
            -74.40572,42.6993,0
            -74.40573,42.6993,0
            -74.40577,42.69919,0
            -74.40578,42.69914,0
            -74.40584,42.69895,0
            -74.40585,42.69888,0
            -74.40593,42.6986,0
            -74.40594,42.69854,0
            -74.40594,42.69853,0
            -74.40596,42.69849,0
            -74.40597,42.69843,0
            -74.40597,42.69842,0
            -74.40602,42.69825,0
            -74.40603,42.69818,0
            -74.40611,42.69789,0
            -74.40612,42.69787,0
            -74.40612,42.69786,0
            -74.40619,42.6977,0
            -74.40619,42.69769,0
            -74.40628,42.69753,0
            -74.40643,42.69729,0
            -74.40655,42.69715,0
            -74.40664,42.69706,0
            -74.40677,42.69695,0
            -74.40677,42.69694,0
            -74.40712,42.6967,0
            -74.40721,42.69662,0
            -74.40728,42.69658,0
            -74.40732,42.69654,0
            -74.40735,42.69652,0
            -74.40737,42.69651,0
            -74.40744,42.69645,0
            -74.40745,42.69643,0
            -74.40746,42.69643,0
            -74.40748,42.6964,0
            -74.40754,42.69634,0
            -74.40759,42.69627,0
            -74.40762,42.69624,0
            -74.40762,42.69623,0
            -74.40779,42.696,0
            -74.40783,42.69593,0
            -74.40793,42.6958,0
            -74.40819,42.69551,0
            -74.40877,42.69492,0
            -74.40887,42.69483,0
            -74.40889,42.69482,0
            -74.40901,42.69473,0
            -74.40904,42.6947,0
            -74.40911,42.69466,0
            -74.40933,42.6945,0
            -74.40944,42.69441,0
            -74.40959,42.69432,0
            -74.40979,42.69417,0
            -74.40987,42.6941,0
            -74.41005,42.69388,0
            -74.41009,42.69382,0
            -74.41019,42.69361,0
            -74.41024,42.69349,0
            -74.41029,42.69335,0
            -74.41039,42.69302,0
            -74.41048,42.69285,0
            -74.41048,42.69284,0
            -74.41069,42.69253,0
            -74.41078,42.69238,0
            -74.4109,42.6922,0
            -74.41113,42.69188,0
            -74.41114,42.69187,0
            -74.41115,42.69184,0
            -74.41134,42.69157,0
            -74.41117,42.69151,0
            -74.41112,42.6915,0
            -74.4108,42.69139,0
            -74.41072,42.69137,0
            -74.41058,42.69132,0
            -74.41052,42.69129,0
            -74.41051,42.69128,0
            -74.41042,42.69125,0
            -74.4103,42.69119,0
            -74.4103,42.69118,0
            -74.41014,42.69109,0
            -74.41011,42.69108,0
            -74.40954,42.69073,0
            -74.40944,42.69066,0
            -74.40929,42.69058,0
            -74.40916,42.69052,0
            -74.40915,42.69052,0
            -74.40907,42.69049,0
            -74.409,42.69047,0
            -74.40897,42.69047,0
            -74.40895,42.69046,0
            -74.40892,42.69046,0
            -74.40863,42.69043,0
            -74.40819,42.69044,0
            -74.40802,42.69046,0
            -74.408,42.69046,0
            -74.40753,42.69051,0
            -74.40741,42.69053,0
            -74.40731,42.69054,0
            -74.40727,42.69054,0
            -74.40709,42.69056,0
            -74.40703,42.69056,0
            -74.40696,42.69057,0
            -74.40683,42.69057,0
            -74.40671,42.69056,0
            -74.40658,42.69053,0
            -74.40649,42.6905,0
            -74.40632,42.69041,0
            -74.40629,42.69038,0
            -74.40623,42.69033,0
            -74.40619,42.69031,0
            -74.40618,42.69029,0
            -74.40611,42.69022,0
            -74.40607,42.69019,0
            -74.40591,42.69002,0
            -74.4059,42.69,0
            -74.40581,42.68988,0
            -74.4058,42.68987,0
            -74.4058,42.68986,0
            -74.40578,42.68984,0
            -74.40578,42.68983,0
            -74.40577,42.68979,0
            -74.40572,42.68968,0
            -74.4057,42.68962,0
            -74.40568,42.68952,0
            -74.40568,42.68949,0
            -74.40564,42.68934,0
            -74.40564,42.68931,0
            -74.4056,42.68917,0
            -74.4056,42.68916,0
            -74.40559,42.68913,0
            -74.4055,42.68877,0
            -74.40548,42.68873,0
            -74.40544,42.68853,0
            -74.40538,42.68831,0
            -74.40537,42.68829,0
            -74.40536,42.68828,0
            -74.40534,42.68823,0
            -74.40531,42.68817,0
            -74.40529,42.68814,0
            -74.40521,42.68806,0
            -74.40515,42.68801,0
            -74.40513,42.68801,0
            -74.4051,42.68798,0
            -74.40506,42.68797,0
            -74.405,42.68794,0
            -74.4049,42.6879,0
            -74.40469,42.68786,0
            -74.40468,42.68786,0
            -74.40465,42.68785,0
            -74.40454,42.68784,0
            -74.40445,42.68782,0
            -74.4044,42.68782,0
            -74.40396,42.68777,0
            -74.40371,42.68773,0
            -74.40363,42.6877,0
            -74.4034,42.68763,0
            -74.40302,42.68746,0
            -74.40284,42.68736,0
            -74.40279,42.68734,0
            -74.40256,42.6872,0
            -74.40236,42.68709,0
            -74.4023,42.68705,0
            -74.40226,42.68703,0
            -74.40216,42.68697,0
            -74.40211,42.68693,0
            -74.40198,42.68684,0
            -74.40194,42.6868,0
            -74.40191,42.68678,0
            -74.40189,42.68675,0
            -74.40185,42.68671,0
            -74.40172,42.68654,0
            -74.40157,42.6863,0
            -74.40155,42.68626,0
            -74.40145,42.68611,0
            -74.40144,42.6861,0
            -74.40135,42.68596,0
            -74.40121,42.6858,0
            -74.40113,42.68573,0
            -74.40107,42.68567,0
            -74.40095,42.68558,0
            -74.40091,42.68556,0
            -74.40086,42.68552,0
            -74.40002,42.68498,0
            -74.39992,42.68493,0
            -74.39991,42.68493,0
            -74.39983,42.68489,0
            -74.39971,42.68485,0
            -74.3997,42.68484,0
            -74.39963,42.68482,0
            -74.39927,42.68478,0
            -74.39904,42.68478,0
            -74.39898,42.68479,0
            -74.39896,42.68479,0
            -74.39884,42.68481,0
            -74.39882,42.68481,0
            -74.39853,42.68489,0
            -74.39851,42.6849,0
            -74.39806,42.68504,0
            -74.39804,42.68505,0
            -74.39785,42.68511,0
            -74.39767,42.68515,0
            -74.39726,42.6852,0
            -74.39693,42.6852,0
            -74.39687,42.68519,0
            -74.39681,42.68519,0
            -74.39663,42.68516,0
            -74.39656,42.68514,0
            -74.39654,42.68514,0
            -74.39646,42.68512,0
            -74.3964,42.6851,0
            -74.39638,42.6851,0
            -74.39619,42.68502,0
            -74.39598,42.68492,0
            -74.3958,42.68479,0
            -74.39579,42.68478,0
            -74.39575,42.68475,0
            -74.39565,42.68465,0
            -74.39562,42.68461,0
            -74.39552,42.6845,0
            -74.39549,42.68445,0
            -74.39548,42.68444,0
            -74.39543,42.68434,0
            -74.39542,42.68434,0
            -74.39538,42.68424,0
            -74.39532,42.68406,0
            -74.39529,42.68394,0
            -74.39521,42.68347,0
            -74.39521,42.68345,0
            -74.39518,42.6833,0
            -74.39518,42.68327,0
            -74.3951,42.6828,0
            -74.39512,42.6827,0
            -74.39519,42.68251,0
            -74.39524,42.68242,0
            -74.3954,42.6822,0
            -74.39646,42.68222,0
            -74.39693,42.68224,0
            -74.39736,42.68224,0
            -74.3976,42.68223,0
            -74.39781,42.68223,0
            -74.39799,42.68222,0
            -74.39815,42.6822,0
            -74.39879,42.68215,0
            -74.3989,42.68213,0
            -74.39911,42.68211,0
            -74.40058,42.6819,0
            -74.40075,42.68189,0
            -74.40096,42.68186,0
            -74.40097,42.68186,0
            -74.40167,42.68176,0
            -74.40168,42.68176,0
            -74.40407,42.68138,0
            -74.40416,42.68136,0
            -74.40453,42.68133,0
            -74.40527,42.68133,0
            -74.40684,42.6815,0
            -74.40728,42.68153,0
            -74.40762,42.68153,0
            -74.40791,42.68151,0
            -74.40916,42.68132,0
            -74.41002,42.68124,0
            -74.41206,42.68111,0
            -74.41215,42.68111,0
            -74.41328,42.68103,0
            -74.41339,42.68103,0
            -74.4141,42.68097,0
            -74.41419,42.68097,0
            -74.41425,42.68096,0
            -74.41474,42.68093,0
            -74.41483,42.68093,0
            -74.41522,42.6809,0
            -74.41532,42.6809,0
            -74.41557,42.68088,0
            -74.41664,42.68083,0
            -74.41669,42.68082,0
            -74.41718,42.68079,0
            -74.41784,42.68073,0
            -74.41794,42.68075,0
            -74.41995,42.6806,0
            -74.41994,42.68051,0
            -74.4198,42.68019,0
            -74.41979,42.68016,0
            -74.41965,42.6799,0
            -74.41949,42.67967,0
            -74.41927,42.67939,0
            -74.41946,42.67933,0
            -74.41954,42.67931,0
            -74.42094,42.67888,0
            -74.42114,42.67881,0
            -74.42172,42.67864,0
            -74.42182,42.6786,0
            -74.42194,42.67857,0
            -74.4227,42.67833,0
            -74.42285,42.67829,0
            -74.42346,42.6781,0
            -74.42365,42.67806,0
            -74.42388,42.678,0
            -74.42496,42.67777,0
            -74.42497,42.67776,0
            -74.42498,42.67776,0
            -74.42531,42.6777,0
            -74.42531,42.67769,0
            -74.4254,42.67762,0
            -74.42843,42.67703,0
            -74.42851,42.67702,0
            -74.42857,42.677,0
            -74.42885,42.67695,0
            -74.42887,42.67694,0
            -74.42912,42.6769,0
            -74.43403,42.67594,0
            -74.43476,42.67581,0
            -74.43864,42.67505,0
            -74.43883,42.67502,0
            -74.43936,42.67491,0
            -74.43965,42.67486,0
            -74.43993,42.6748,0
            -74.44096,42.67461,0
            -74.44102,42.67459,0
            -74.44137,42.67453,0
            -74.44194,42.67441,0
            -74.44223,42.67436,0
            -74.44266,42.67427,0
            -74.44295,42.67422,0
            -74.44338,42.67413,0
            -74.44367,42.67408,0
            -74.44424,42.67396,0
            -74.44453,42.67391,0
            -74.44625,42.67356,0
            -74.4474,42.67335,0
            -74.44799,42.67327,0
            -74.44828,42.67322,0
            -74.44857,42.67319,0
            -74.44886,42.67315,0
            -74.45004,42.67304,0
            -74.45108,42.67298,0
            -74.45212,42.67295,0
            -74.45316,42.67295,0
            -74.45404,42.67298,0
            -74.45537,42.67306,0
            -74.45554,42.67308,0
            -74.45557,42.67308,0
            -74.45646,42.67317,0
            -74.45704,42.67325,0
            -74.45733,42.67328,0
            -74.45792,42.67336,0
            -74.45796,42.67336,0
            -74.45965,42.67357,0
            -74.45967,42.67358,0
            -74.45989,42.6736,0
            -74.46055,42.67369,0
            -74.4629,42.67396,0
            -74.46349,42.674,0
            -74.46378,42.67403,0
            -74.46467,42.67408,0
            -74.46616,42.67413,0
            -74.46705,42.67414,0
            -74.46734,42.67413,0
            -74.46794,42.67413,0
            -74.46942,42.67408,0
            -74.47121,42.67396,0
            -74.47267,42.67381,0
            -74.47413,42.6736,0
            -74.47426,42.67357,0
            -74.47442,42.67355,0
            -74.475,42.67345,0
            -74.47528,42.67339,0
            -74.47557,42.67334,0
            -74.47614,42.67322,0
            -74.47629,42.6732,0
            -74.47657,42.67314,0
            -74.47672,42.6731,0
            -74.47755,42.67292,0
            -74.47797,42.67281,0
            -74.47812,42.67278,0
            -74.47813,42.67277,0
            -74.47827,42.67274,0
            -74.47872,42.67261,0
            -74.47883,42.67259,0
            -74.47967,42.67235,0
            -74.47981,42.6723,0
            -74.47986,42.67229,0
            -74.47994,42.67226,0
            -74.48062,42.67205,0
            -74.48081,42.67198,0
            -74.4809,42.67196,0
            -74.48121,42.67185,0
            -74.48123,42.67184,0
            -74.48128,42.67183,0
            -74.48165,42.6717,0
            -74.48172,42.67167,0
            -74.48237,42.67143,0
            -74.48241,42.67141,0
            -74.48303,42.67118,0
            -74.48407,42.67075,0
            -74.48413,42.67072,0
            -74.48458,42.67053,0
            -74.48534,42.67018,0
            -74.48681,42.66945,0
            -74.48753,42.66906,0
            -74.48776,42.66892,0
            -74.48835,42.66859,0
            -74.48921,42.66806,0
            -74.48979,42.66768,0
            -74.48983,42.66766,0
            -74.49,42.66755,0
            -74.49149,42.66648,0
            -74.49189,42.66617,0
            -74.4919,42.66616,0
            -74.49519,42.66364,0
            -74.49528,42.66358,0
            -74.49539,42.66349,0
            -74.49545,42.66345,0
            -74.49601,42.66301,0
            -74.49622,42.66286,0
            -74.49704,42.66222,0
            -74.49725,42.66207,0
            -74.49745,42.66191,0
            -74.49904,42.66076,0
            -74.49948,42.66046,0
            -74.49958,42.66038,0
            -74.4998,42.66024,0
            -74.49991,42.66016,0
            -74.50002,42.66009,0
            -74.50013,42.66001,0
            -74.50015,42.65999,0
            -74.50024,42.65994,0
            -74.50035,42.65986,0
            -74.50057,42.65972,0
            -74.50068,42.65964,0
            -74.5009,42.6595,0
            -74.50101,42.65942,0
            -74.5011,42.65937,0
            -74.50112,42.65935,0
            -74.50146,42.65914,0
            -74.50157,42.65906,0
            -74.50168,42.65899,0
            -74.50177,42.65894,0
            -74.50179,42.65892,0
            -74.50202,42.65878,0
            -74.50209,42.65873,0
            -74.50214,42.65871,0
            -74.50246,42.6585,0
            -74.50257,42.65844,0
            -74.503,42.65818,0
            -74.50311,42.6581,0
            -74.50323,42.65804,0
            -74.50392,42.65762,0
            -74.50404,42.65756,0
            -74.5042,42.65746,0
            -74.50451,42.65729,0
            -74.50497,42.65702,0
            -74.50511,42.65695,0
            -74.50533,42.65682,0
            -74.50595,42.65648,0
            -74.50598,42.65646,0
            -74.50684,42.65601,0
            -74.50733,42.65577,0
            -74.50757,42.65564,0
            -74.50904,42.65491,0
            -74.50918,42.65485,0
            -74.51,42.65445,0
            -74.51003,42.65444,0
            -74.51015,42.65438,0
            -74.51021,42.65436,0
            -74.51103,42.65398,0
            -74.51104,42.65398,0
            -74.51209,42.65352,0
            -74.51216,42.65348,0
            -74.51468,42.65244,0
            -74.51473,42.65243,0
            -74.51565,42.65207,0
            -74.51569,42.65206,0
            -74.51748,42.6514,0
            -74.51752,42.65139,0
            -74.5229,42.64952,0
            -74.52295,42.64951,0
            -74.52549,42.64863,0
            -74.52575,42.64853,0
            -74.52589,42.64849,0
            -74.52766,42.64787,0
            -74.52791,42.64779,0
            -74.52814,42.6477,0
            -74.52855,42.64757,0
            -74.52867,42.64752,0
            -74.52921,42.64734,0
            -74.52947,42.64724,0
            -74.53027,42.64697,0
            -74.53053,42.64687,0
            -74.53134,42.6466,0
            -74.5316,42.6465,0
            -74.53315,42.64597,0
            -74.53333,42.6459,0
            -74.53414,42.64563,0
            -74.5344,42.64553,0
            -74.53539,42.64519,0
            -74.53546,42.64516,0
            -74.53826,42.64419,0
            -74.53827,42.64419,0
            -74.53939,42.64381,0
            -74.53959,42.64373,0
            -74.54039,42.64345,0
            -74.54053,42.64341,0
            -74.54624,42.64142,0
            -74.54718,42.64111,0
            -74.54737,42.64104,0
            -74.54738,42.64104,0
            -74.54761,42.64098,0
            -74.54778,42.64091,0
            -74.55422,42.63866,0
            -74.55524,42.63833,0
            -74.5553,42.63832,0
            -74.55539,42.63829,0
            -74.55548,42.63827,0
            -74.55628,42.63804,0
            -74.55629,42.63804,0
            -74.5567,42.63793,0
            -74.55738,42.63777,0
            -74.55754,42.63774,0
            -74.55779,42.63768,0
            -74.55913,42.63743,0
            -74.55937,42.6374,0
            -74.55981,42.63733,0
            -74.56036,42.63726,0
            -74.56207,42.63711,0
            -74.56324,42.63707,0
            -74.56347,42.63707,0
            -74.56349,42.63706,0
            -74.56399,42.63706,0
            -74.56415,42.63707,0
            -74.56429,42.63707,0
            -74.5645,42.63708,0
            -74.5647,42.63708,0
            -74.5653,42.63711,0
            -74.56537,42.63712,0
            -74.5656,42.63713,0
            -74.56682,42.63724,0
            -74.56739,42.63732,0
            -74.5674,42.63732,0
            -74.56855,42.63751,0
            -74.5694,42.63769,0
            -74.57048,42.63796,0
            -74.57075,42.63804,0
            -74.57101,42.63813,0
            -74.57128,42.63821,0
            -74.57207,42.63849,0
            -74.57224,42.63856,0
            -74.57366,42.63908,0
            -74.57393,42.63919,0
            -74.57416,42.63927,0
            -74.57457,42.63943,0
            -74.57483,42.63952,0
            -74.57614,42.64002,0
            -74.57641,42.64011,0
            -74.57718,42.64041,0
            -74.57745,42.6405,0
            -74.5785,42.6409,0
            -74.57876,42.64099,0
            -74.5802,42.64154,0
            -74.58047,42.64163,0
            -74.58125,42.64193,0
            -74.58151,42.64202,0
            -74.58178,42.64213,0
            -74.58204,42.64222,0
            -74.58346,42.64276,0
            -74.58348,42.64276,0
            -74.5902,42.64527,0
            -74.59022,42.64528,0
            -74.59101,42.64558,0
            -74.59127,42.64567,0
            -74.59258,42.64617,0
            -74.59285,42.64626,0
            -74.59354,42.64654,0
            -74.596,42.64745,0
            -74.59612,42.6475,0
            -74.59683,42.64776,0
            -74.59728,42.64791,0
            -74.59813,42.64817,0
            -74.59818,42.64819,0
            -74.59827,42.64821,0
            -74.59868,42.64833,0
            -74.5991,42.64844,0
            -74.59938,42.6485,0
            -74.59956,42.64855,0
            -74.60022,42.64869,0
            -74.60137,42.6489,0
            -74.60152,42.64892,0
            -74.6018,42.64897,0
            -74.60238,42.64905,0
            -74.60311,42.64913,0
            -74.6034,42.64915,0
            -74.60355,42.64917,0
            -74.60442,42.64923,0
            -74.60472,42.64924,0
            -74.60484,42.64925,0
            -74.60516,42.64926,0
            -74.6056,42.64926,0
            -74.60575,42.64927,0
            -74.6068,42.64926,0
            -74.60707,42.64924,0
            -74.60751,42.64923,0
            -74.61044,42.64904,0
            -74.61074,42.64903,0
            -74.6108,42.64902,0
            -74.61107,42.64901,0
            -74.61206,42.64894,0
            -74.61249,42.64892,0
            -74.61253,42.64891,0
            -74.61262,42.64891,0
            -74.61302,42.64888,0
            -74.61397,42.64884,0
            -74.61528,42.64884,0
            -74.61543,42.64885,0
            -74.61558,42.64885,0
            -74.61572,42.64886,0
            -74.61586,42.64886,0
            -74.61601,42.64887,0
            -74.61616,42.64887,0
            -74.61719,42.64894,0
            -74.61733,42.64896,0
            -74.61748,42.64897,0
            -74.61762,42.64899,0
            -74.61777,42.649,0
            -74.61792,42.64902,0
            -74.61805,42.64903,0
            -74.62345,42.64982,0
            -74.62367,42.64986,0
            -74.62435,42.64996,0
            -74.62547,42.6501,0
            -74.62692,42.65021,0
            -74.62795,42.65024,0
            -74.62898,42.65024,0
            -74.62914,42.65023,0
            -74.62928,42.65023,0
            -74.63001,42.6502,0
            -74.63099,42.65013,0
            -74.63104,42.65012,0
            -74.6319,42.65003,0
            -74.63277,42.64991,0
            -74.63292,42.64988,0
            -74.63321,42.64984,0
            -74.63334,42.64981,0
            -74.63348,42.64979,0
            -74.63363,42.64976,0
            -74.63377,42.64974,0
            -74.6342,42.64965,0
            -74.63434,42.64963,0
            -74.63492,42.6495,0
            -74.63523,42.64944,0
            -74.63575,42.64931,0
            -74.63578,42.6493,0
            -74.63589,42.64928,0
            -74.63602,42.64924,0
            -74.63609,42.64923,0
            -74.63644,42.64913,0
            -74.63658,42.6491,0
            -74.63699,42.64899,0
            -74.63821,42.64862,0
            -74.63876,42.64844,0
            -74.63889,42.64839,0
            -74.63916,42.6483,0
            -74.63928,42.64825,0
            -74.63941,42.64821,0
            -74.64046,42.64781,0
            -74.64059,42.64775,0
            -74.64097,42.6476,0
            -74.6411,42.64754,0
            -74.64123,42.64749,0
            -74.64235,42.64697,0
            -74.64248,42.64692,0
            -74.6426,42.64685,0
            -74.64296,42.64668,0
            -74.64357,42.64636,0
            -74.64369,42.64629,0
            -74.64381,42.64623,0
            -74.64393,42.64616,0
            -74.64405,42.6461,0
            -74.64406,42.64609,0
            -74.64426,42.64598,0
            -74.64428,42.64596,0
            -74.64451,42.64583,0
            -74.64462,42.64576,0
            -74.64509,42.64549,0
            -74.64541,42.64529,0
            -74.64553,42.6452,0
            -74.64558,42.64518,0
            -74.64559,42.64517,0
            -74.6463,42.6447,0
            -74.647,42.64419,0
            -74.64701,42.64418,0
            -74.64717,42.64406,0
            -74.64718,42.64405,0
            -74.64735,42.64393,0
            -74.64735,42.64392,0
            -74.64755,42.64377,0
            -74.64805,42.64337,0
            -74.64814,42.64329,0
            -74.64834,42.64313,0
            -74.64863,42.64288,0
            -74.64868,42.64283,0
            -74.64947,42.64212,0
            -74.65019,42.64143,0
            -74.65036,42.64125,0
            -74.6504,42.64122,0
            -74.65105,42.64054,0
            -74.65114,42.64046,0
            -74.65352,42.63783,0
            -74.6536,42.63775,0
            -74.65363,42.63771,0
            -74.65376,42.63756,0
            -74.65401,42.6373,0
            -74.65409,42.6372,0
            -74.65524,42.63594,0
            -74.65531,42.63585,0
            -74.6554,42.63576,0
            -74.65575,42.63537,0
            -74.6558,42.63532,0
            -74.65605,42.63503,0
            -74.65614,42.63494,0
            -74.65737,42.63359,0
            -74.65738,42.63357,0
            -74.65769,42.63322,0
            -74.6577,42.63322,0
            -74.65794,42.63295,0
            -74.65803,42.63286,0
            -74.65827,42.63259,0
            -74.65833,42.63253,0
            -74.65835,42.6325,0
            -74.65851,42.63232,0
            -74.65857,42.63226,0
            -74.65859,42.63222,0
            -74.65867,42.63213,0
            -74.65869,42.6321,0
            -74.65875,42.63204,0
            -74.65882,42.63194,0
            -74.6589,42.63185,0
            -74.65904,42.63166,0
            -74.65909,42.6316,0
            -74.65918,42.63147,0
            -74.65925,42.63138,0
            -74.6596,42.63083,0
            -74.65962,42.63078,0
            -74.65985,42.63038,0
            -74.66,42.63007,0
            -74.66002,42.63002,0
            -74.66005,42.62997,0
            -74.66009,42.62986,0
            -74.6605,42.62894,0
            -74.66054,42.62883,0
            -74.66064,42.62863,0
            -74.66067,42.62854,0
            -74.66131,42.62709,0
            -74.66135,42.62698,0
            -74.66145,42.62678,0
            -74.66149,42.62668,0
            -74.66179,42.62606,0
            -74.66182,42.62602,0
            -74.66201,42.62566,0
            -74.66206,42.62555,0
            -74.66218,42.62535,0
            -74.66218,42.62534,0
            -74.66229,42.62516,0
            -74.66235,42.62505,0
            -74.66241,42.62496,0
            -74.66259,42.62466,0
            -74.66266,42.62456,0
            -74.66277,42.62438,0
            -74.66285,42.62427,0
            -74.66291,42.62417,0
            -74.66298,42.62407,0
            -74.66304,42.62397,0
            -74.66311,42.62388,0
            -74.66324,42.62369,0
            -74.66332,42.62359,0
            -74.6636,42.6232,0
            -74.66397,42.62274,0
            -74.66404,42.62264,0
            -74.66428,42.62237,0
            -74.6643,42.62234,0
            -74.66459,42.622,0
            -74.665,42.62155,0
            -74.66552,42.62102,0
            -74.6656,42.62093,0
            -74.6657,42.62084,0
            -74.66587,42.62067,0
            -74.66596,42.62059,0
            -74.66603,42.62052,0
            -74.66624,42.62033,0
            -74.66633,42.62024,0
            -74.66728,42.61942,0
            -74.66729,42.61942,0
            -74.66758,42.61918,0
            -74.6683,42.61863,0
            -74.66848,42.61851,0
            -74.66851,42.61848,0
            -74.66959,42.61774,0
            -74.67061,42.61711,0
            -74.67107,42.61684,0
            -74.67119,42.61678,0
            -74.6713,42.61671,0
            -74.67334,42.61564,0
            -74.67346,42.61557,0
            -74.67418,42.6152,0
            -74.67418,42.61519,0
            -74.67437,42.61509,0
            -74.67442,42.61507,0
            -74.67526,42.61463,0
            -74.6755,42.61449,0
            -74.67574,42.61437,0
            -74.67585,42.6143,0
            -74.67679,42.61377,0
            -74.67815,42.61293,0
            -74.67914,42.61228,0
            -74.68034,42.61144,0
            -74.68062,42.61123,0
            -74.68128,42.61078,0
            -74.68138,42.6107,0
            -74.68149,42.61063,0
            -74.68159,42.61055,0
            -74.6817,42.61048,0
            -74.68178,42.61041,0
            -74.68192,42.61032,0
            -74.68302,42.60954,0
            -74.68309,42.6095,0
            -74.68319,42.60942,0
            -74.68341,42.60927,0
            -74.68407,42.60885,0
            -74.68478,42.60846,0
            -74.6849,42.6084,0
            -74.68502,42.60833,0
            -74.68553,42.60809,0
            -74.68603,42.60787,0
            -74.68681,42.60757,0
            -74.68688,42.60755,0
            -74.68734,42.60739,0
            -74.68802,42.60719,0
            -74.68885,42.60698,0
            -74.69054,42.60661,0
            -74.69056,42.6066,0
            -74.69137,42.60642,0
            -74.69141,42.60642,0
            -74.69155,42.60638,0
            -74.69197,42.60629,0
            -74.69204,42.60627,0
            -74.69365,42.6059,0
            -74.69434,42.60571,0
            -74.69448,42.60568,0
            -74.69504,42.60552,0
            -74.69517,42.60547,0
            -74.69574,42.6053,0
            -74.69579,42.60528,0
            -74.69672,42.60497,0
            -74.69816,42.60442,0
            -74.69857,42.60424,0
            -74.69873,42.60418,0
            -74.69878,42.60415,0
            -74.69886,42.60412,0
            -74.69962,42.60378,0
            -74.70022,42.60349,0
            -74.70108,42.60305,0
            -74.70179,42.60265,0
            -74.70191,42.60259,0
            -74.70282,42.60204,0
            -74.70338,42.60168,0
            -74.70349,42.6016,0
            -74.70494,42.60063,0
            -74.70502,42.60057,0
            -74.70611,42.59984,0
            -74.70622,42.59976,0
            -74.70644,42.59962,0
            -74.70655,42.59954,0
            -74.70666,42.59947,0
            -74.70687,42.59932,0
            -74.70707,42.5992,0
            -74.70719,42.59911,0
            -74.7073,42.59904,0
            -74.70751,42.59889,0
            -74.70752,42.59888,0
            -74.70758,42.59884,0
            -74.70765,42.5988,0
            -74.70776,42.59872,0
            -74.7084,42.5983,0
            -74.70849,42.59825,0
            -74.70901,42.59793,0
            -74.70953,42.59763,0
            -74.70969,42.59755,0
            -74.70979,42.59749,0
            -74.71028,42.59724,0
            -74.71037,42.5972,0
            -74.71062,42.59707,0
            -74.71137,42.59672,0
            -74.71162,42.59662,0
            -74.71175,42.59656,0
            -74.71176,42.59656,0
            -74.71187,42.59651,0
            -74.71213,42.59641,0
            -74.71226,42.59635,0
            -74.71238,42.59631,0
            -74.71252,42.59625,0
            -74.71262,42.59622,0
            -74.71265,42.5962,0
            -74.71328,42.59598,0
            -74.71332,42.59596,0
            -74.71343,42.59593,0
            -74.7135,42.5959,0
            -74.71395,42.59576,0
            -74.714,42.59574,0
            -74.71439,42.59563,0
            -74.71467,42.59554,0
            -74.7151,42.59542,0
            -74.71537,42.59536,0
            -74.7155,42.59532,0
            -74.71578,42.59525,0
            -74.71691,42.59501,0
            -74.71705,42.59499,0
            -74.71719,42.59496,0
            -74.71734,42.59494,0
            -74.71748,42.59491,0
            -74.71763,42.59489,0
            -74.71778,42.59486,0
            -74.7182,42.5948,0
            -74.71836,42.59477,0
            -74.71849,42.59476,0
            -74.71908,42.59468,0
            -74.71922,42.59467,0
            -74.7198,42.5946,0
            -74.71996,42.59459,0
            -74.7201,42.59457,0
            -74.72024,42.59456,0
            -74.72038,42.59454,0
            -74.7218,42.59439,0
            -74.72199,42.59436,0
            -74.72203,42.59436,0
            -74.72235,42.59432,0
            -74.72241,42.59432,0
            -74.72286,42.59426,0
            -74.72299,42.59425,0
            -74.723,42.59424,0
            -74.72336,42.59419,0
            -74.72387,42.59409,0
            -74.724,42.59407,0
            -74.72484,42.59386,0
            -74.72511,42.59378,0
            -74.72525,42.59373,0
            -74.72551,42.59365,0
            -74.72615,42.59341,0
            -74.7263,42.59334,0
            -74.72669,42.59318,0
            -74.72784,42.59265,0
            -74.72793,42.59262,0
            -74.72951,42.59193,0
            -74.72959,42.59189,0
            -74.72978,42.59181,0
            -74.7299,42.59175,0
            -74.73028,42.59158,0
            -74.73041,42.59153,0
            -74.73206,42.59079,0
            -74.73346,42.59013,0
            -74.73481,42.58959,0
            -74.7355,42.58929,0
            -74.7363,42.5889,0
            -74.73664,42.58875,0
            -74.73755,42.58838,0
            -74.7384,42.58808,0
            -74.73859,42.58802,0
            -74.73945,42.58778,0
            -74.7403,42.58758,0
            -74.74118,42.58743,0
            -74.74216,42.5873,0
            -74.74756,42.58676,0
            -74.74773,42.58675,0
            -74.75138,42.58638,0
            -74.75166,42.58636,0
            -74.75213,42.58631,0
            -74.75308,42.58618,0
            -74.75428,42.58595,0
            -74.75454,42.58589,0
            -74.75468,42.58585,0
            -74.75494,42.58579,0
            -74.75531,42.58569,0
            -74.75532,42.58569,0
            -74.75599,42.5855,0
            -74.75606,42.58547,0
            -74.75631,42.5854,0
            -74.75658,42.58531,0
            -74.75707,42.58513,0
            -74.75714,42.58511,0
            -74.75715,42.5851,0
            -74.75763,42.58491,0
            -74.75767,42.5849,0
            -74.75859,42.5845,0
            -74.75864,42.58447,0
            -74.75889,42.58436,0
            -74.75903,42.58429,0
            -74.7591,42.58426,0
            -74.7594,42.5841,0
            -74.75944,42.58409,0
            -74.75957,42.58401,0
            -74.75982,42.58388,0
            -74.75988,42.58384,0
            -74.76018,42.58367,0
            -74.7611,42.58307,0
            -74.76119,42.583,0
            -74.76132,42.58292,0
            -74.76144,42.58283,0
            -74.76153,42.58277,0
            -74.76182,42.58254,0
            -74.76193,42.58246,0
            -74.76231,42.58215,0
            -74.76269,42.58182,0
            -74.76284,42.58167,0
            -74.76299,42.58154,0
            -74.76324,42.58128,0
            -74.76329,42.58124,0
            -74.76333,42.58119,0
            -74.76341,42.58112,0
            -74.76346,42.58106,0
            -74.7635,42.58102,0
            -74.7639,42.58057,0
            -74.76411,42.58031,0
            -74.7642,42.58021,0
            -74.76428,42.5801,0
            -74.76434,42.58003,0
            -74.76436,42.57999,0
            -74.76442,42.57992,0
            -74.76466,42.57957,0
            -74.76475,42.57945,0
            -74.76483,42.57933,0
            -74.76484,42.57932,0
            -74.76498,42.57908,0
            -74.76506,42.57896,0
            -74.76508,42.57892,0
            -74.76516,42.5788,0
            -74.76532,42.57852,0
            -74.76536,42.57843,0
            -74.76537,42.57842,0
            -74.76547,42.57821,0
            -74.76551,42.57814,0
            -74.76571,42.57772,0
            -74.76577,42.57758,0
            -74.76585,42.57742,0
            -74.766,42.57708,0
            -74.76617,42.57673,0
            -74.76624,42.57657,0
            -74.76629,42.57648,0
            -74.76634,42.57636,0
            -74.76649,42.57605,0
            -74.76651,42.57599,0
            -74.76653,42.57596,0
            -74.76672,42.57554,0
            -74.76682,42.57534,0
            -74.76686,42.57524,0
            -74.76706,42.57483,0
            -74.76712,42.57469,0
            -74.76716,42.57461,0
            -74.7672,42.57451,0
            -74.76725,42.57441,0
            -74.76729,42.57431,0
            -74.76734,42.57422,0
            -74.76763,42.57358,0
            -74.76768,42.57349,0
            -74.76772,42.57339,0
            -74.76811,42.57255,0
            -74.76816,42.57246,0
            -74.76835,42.57204,0
            -74.76865,42.57143,0
            -74.76871,42.57133,0
            -74.76892,42.57092,0
            -74.76915,42.57051,0
            -74.76921,42.57042,0
            -74.76926,42.57032,0
            -74.76943,42.57003,0
            -74.76981,42.56943,0
            -74.76983,42.56939,0
            -74.77,42.56914,0
            -74.77006,42.56904,0
            -74.7704,42.56856,0
            -74.77046,42.56846,0
            -74.77081,42.56799,0
            -74.77082,42.56798,0
            -74.77089,42.56788,0
            -74.77148,42.56713,0
            -74.77157,42.56703,0
            -74.77163,42.56695,0
            -74.77202,42.56649,0
            -74.7721,42.56641,0
            -74.77243,42.56604,0
            -74.77318,42.56525,0
            -74.77327,42.56517,0
            -74.77345,42.56499,0
            -74.77354,42.56491,0
            -74.77362,42.56482,0
            -74.77372,42.56473,0
            -74.77381,42.56464,0
            -74.77399,42.56448,0
            -74.77412,42.56435,0
            -74.77413,42.56435,0
            -74.77444,42.56407,0
            -74.77459,42.56392,0
            -74.77491,42.56364,0
            -74.77579,42.56291,0
            -74.7763,42.56251,0
            -74.77651,42.56236,0
            -74.77662,42.56227,0
            -74.77682,42.56213,0
            -74.77692,42.56205,0
            -74.77788,42.56136,0
            -74.77831,42.56107,0
            -74.77841,42.56101,0
            -74.77854,42.56091,0
            -74.77863,42.56086,0
            -74.77896,42.56064,0
            -74.77907,42.56056,0
            -74.77969,42.56016,0
            -74.77973,42.56014,0
            -74.78006,42.55993,0
            -74.78025,42.55982,0
            -74.78029,42.55979,0
            -74.7804,42.55973,0
            -74.78044,42.5597,0
            -74.78074,42.55952,0
            -74.78087,42.55945,0
            -74.78132,42.55918,0
            -74.78203,42.55878,0
            -74.78251,42.55853,0
            -74.78257,42.55849,0
            -74.78262,42.55847,0
            -74.78334,42.55809,0
            -74.7848,42.55737,0
            -74.7858,42.55691,0
            -74.78682,42.55647,0
            -74.78708,42.55637,0
            -74.78733,42.55626,0
            -74.78785,42.55606,0
            -74.7881,42.55595,0
            -74.78941,42.55546,0
            -74.79126,42.55482,0
            -74.79127,42.55481,0
            -74.79233,42.55445,0
            -74.79234,42.55444,0
            -74.79241,42.55442,0
            -74.79284,42.55427,0
            -74.79286,42.55426,0
            -74.79446,42.55371,0
            -74.79447,42.5537,0
            -74.79455,42.55368,0
            -74.79461,42.55366,0
            -74.79472,42.55361,0
            -74.79526,42.55343,0
            -74.79684,42.55286,0
            -74.79735,42.55266,0
            -74.79759,42.55258,0
            -74.79815,42.55235,0
            -74.7986,42.55218,0
            -74.79912,42.552,0
            -74.80252,42.55059,0
            -74.80389,42.55,0
            -74.80742,42.54841,0
            -74.80766,42.54829,0
            -74.80785,42.54821,0
            -74.80828,42.548,0
            -74.80833,42.54797,0
            -74.80858,42.54786,0
            -74.80876,42.54776,0
            -74.8091,42.5476,0
            -74.80929,42.5475,0
            -74.80952,42.5474,0
            -74.80968,42.54731,0
            -74.80988,42.54722,0
            -74.81025,42.54703,0
            -74.81047,42.54693,0
            -74.81158,42.54638,0
            -74.81195,42.54621,0
            -74.81302,42.54568,0
            -74.81333,42.54554,0
            -74.81673,42.54386,0
            -74.81676,42.54384,0
            -74.81704,42.54371,0
            -74.81709,42.54368,0
            -74.8192,42.54268,0
            -74.81975,42.54244,0
            -74.8201,42.5423,0
            -74.8202,42.54225,0
            -74.82046,42.54214,0
            -74.82071,42.54205,0
            -74.82082,42.542,0
            -74.82103,42.54192,0
            -74.82124,42.54183,0
            -74.82211,42.5415,0
            -74.82215,42.54149,0
            -74.82233,42.54142,0
            -74.82255,42.54135,0
            -74.82295,42.5412,0
            -74.82361,42.54098,0
            -74.82366,42.54096,0
            -74.8251,42.5405,0
            -74.82728,42.5399,0
            -74.8273,42.5399,0
            -74.82836,42.53964,0
            -74.8299,42.53931,0
            -74.83274,42.53876,0
            -74.83284,42.53875,0
            -74.83577,42.53819,0
            -74.83591,42.53817,0
            -74.83614,42.53812,0
            -74.83638,42.53808,0
            -74.83661,42.53803,0
            -74.83858,42.53766,0
            -74.83874,42.53762,0
            -74.84526,42.5364,0
            -74.84605,42.53623,0
            -74.84877,42.53571,0
            -74.84891,42.53569,0
            -74.84899,42.53567,0
            -74.8492,42.53563,0
            -74.84923,42.53563,0
            -74.84934,42.5356,0
            -74.84948,42.53558,0
            -74.84977,42.53552,0
            -74.84991,42.5355,0
            -74.8502,42.53544,0
            -74.85033,42.53542,0
            -74.85262,42.53498,0
            -74.85265,42.53497,0
            -74.85288,42.53493,0
            -74.8529,42.53493,0
            -74.8543,42.53466,0
            -74.85432,42.53466,0
            -74.85454,42.53461,0
            -74.85489,42.53455,0
            -74.85517,42.53449,0
            -74.8563,42.53428,0
            -74.85643,42.53425,0
            -74.85689,42.53417,0
            -74.85831,42.53389,0
            -74.85832,42.53389,0
            -74.85856,42.53385,0
            -74.85858,42.53384,0
            -74.85887,42.53379,0
            -74.85915,42.53373,0
            -74.86029,42.53352,0
            -74.86057,42.53346,0
            -74.86213,42.53317,0
            -74.86256,42.53308,0
            -74.86313,42.53298,0
            -74.86341,42.53292,0
            -74.8637,42.53287,0
            -74.86398,42.53281,0
            -74.86455,42.53271,0
            -74.86483,42.53265,0
            -74.86512,42.5326,0
            -74.86525,42.53257,0
            -74.87946,42.52986,0
            -74.88089,42.52954,0
            -74.88217,42.52922,0
            -74.88232,42.52919,0
            -74.88387,42.52876,0
            -74.88561,42.52822,0
            -74.88726,42.52765,0
            -74.88735,42.52761,0
            -74.88748,42.52757,0
            -74.88868,42.52711,0
            -74.89011,42.52652,0
            -74.89014,42.5265,0
            -74.89197,42.52567,0
            -74.89271,42.52531,0
            -74.89414,42.52456,0
            -74.89516,42.52399,0
            -74.89607,42.52345,0
            -74.89745,42.52258,0
            -74.89747,42.52256,0
            -74.89863,42.52177,0
            -74.89928,42.5213,0
            -74.89943,42.52118,0
            -74.89948,42.52115,0
            -74.90018,42.52061,0
            -74.90039,42.52046,0
            -74.90053,42.52034,0
            -74.90086,42.52008,0
            -74.90243,42.51873,0
            -74.90324,42.51798,0
            -74.90329,42.51792,0
            -74.90332,42.5179,0
            -74.90387,42.51736,0
            -74.90511,42.51605,0
            -74.90517,42.51597,0
            -74.90551,42.51559,0
            -74.90566,42.5154,0
            -74.90636,42.51457,0
            -74.90687,42.51392,0
            -74.9077,42.51277,0
            -74.90796,42.51238,0
            -74.90809,42.5122,0
            -74.9081,42.51217,0
            -74.90835,42.5118,0
            -74.90835,42.51179,0
            -74.90853,42.5115,0
            -74.90863,42.51136,0
            -74.90866,42.5113,0
            -74.90873,42.5112,0
            -74.90916,42.51052,0
            -74.90917,42.51051,0
            -74.90918,42.51048,0
            -74.91103,42.50755,0
            -74.91113,42.50738,0
            -74.91115,42.50736,0
            -74.91124,42.50722,0
            -74.91126,42.50718,0
            -74.91203,42.50597,0
            -74.91243,42.50538,0
            -74.91252,42.50523,0
            -74.91358,42.50379,0
            -74.91469,42.50243,0
            -74.9156,42.50141,0
            -74.91611,42.50087,0
            -74.91646,42.50052,0
            -74.91654,42.50043,0
            -74.91663,42.50035,0
            -74.9167,42.50027,0
            -74.91672,42.50026,0
            -74.91689,42.50009,0
            -74.91699,42.5,0
            -74.91725,42.49974,0
            -74.91734,42.49966,0
            -74.91743,42.49957,0
            -74.91752,42.49949,0
            -74.91761,42.4994,0
            -74.91771,42.49932,0
            -74.9178,42.49923,0
            -74.91799,42.49906,0
            -74.91807,42.49898,0
            -74.91817,42.4989,0
            -74.91826,42.49881,0
            -74.91873,42.4984,0
            -74.91883,42.49832,0
            -74.91903,42.49814,0
            -74.91922,42.49799,0
            -74.91931,42.4979,0
            -74.91941,42.49783,0
            -74.91951,42.49774,0
            -74.91961,42.49767,0
            -74.91981,42.49751,0
            -74.91991,42.49742,0
            -74.92001,42.49735,0
            -74.92046,42.49699,0
            -74.92051,42.49696,0
            -74.92111,42.4965,0
            -74.92261,42.49543,0
            -74.92403,42.49451,0
            -74.92461,42.49415,0
            -74.92597,42.49336,0
            -74.9274,42.49258,0
            -74.92862,42.49198,0
            -74.92864,42.49196,0
            -74.92897,42.49181,0
            -74.92923,42.49168,0
            -74.93068,42.49103,0
            -74.93167,42.49061,0
            -74.93323,42.49,0
            -74.93327,42.48999,0
            -74.93341,42.48993,0
            -74.93488,42.48941,0
            -74.93676,42.48881,0
            -74.93812,42.48842,0
            -74.93922,42.48813,0
            -74.94033,42.48786,0
            -74.94202,42.48749,0
            -74.94401,42.48712,0
            -74.94425,42.48709,0
            -74.94444,42.48705,0
            -74.94645,42.48676,0
            -74.94817,42.48656,0
            -74.94847,42.48654,0
            -74.94906,42.48648,0
            -74.94935,42.48646,0
            -74.94963,42.48643,0
            -74.9524,42.48622,0
            -74.95269,42.48619,0
            -74.95314,42.48616,0
            -74.95328,42.48614,0
            -74.95341,42.48613,0
            -74.95356,42.48611,0
            -74.9537,42.4861,0
            -74.95385,42.48608,0
            -74.954,42.48607,0
            -74.95486,42.48595,0
            -74.955,42.48592,0
            -74.95529,42.48588,0
            -74.95543,42.48585,0
            -74.95558,42.48583,0
            -74.95586,42.48577,0
            -74.956,42.48575,0
            -74.95671,42.4856,0
            -74.95686,42.48556,0
            -74.95727,42.48547,0
            -74.95741,42.48543,0
            -74.95755,42.4854,0
            -74.95757,42.48539,0
            -74.95769,42.48536,0
            -74.95782,42.48532,0
            -74.95795,42.48529,0
            -74.95823,42.48521,0
            -74.95837,42.48518,0
            -74.95886,42.48504,0
            -74.95892,42.48503,0
            -74.95975,42.4848,0
            -74.95989,42.48477,0
            -74.96016,42.48469,0
            -74.96029,42.48466,0
            -74.96071,42.48454,0
            -74.9608,42.48452,0
            -74.96086,42.4845,0
            -74.96373,42.48373,0
            -74.96389,42.48368,0
            -74.96456,42.4835,0
            -74.9647,42.48347,0
            -74.9667,42.48292,0
            -74.96676,42.48291,0
            -74.96773,42.48264,0
            -74.96787,42.48261,0
            -74.96844,42.48245,0
            -74.96846,42.48245,0
            -74.96899,42.4823,0
            -74.9692,42.48225,0
            -74.96947,42.48217,0
            -74.96953,42.48216,0
            -74.96975,42.4821,0
            -74.9698,42.48208,0
            -74.96989,42.48206,0
            -74.97003,42.48202,0
            -74.97008,42.48201,0
            -74.97036,42.48193,0
            -74.97072,42.48184,0
            -74.97091,42.48178,0
            -74.97098,42.48177,0
            -74.97118,42.48171,0
            -74.97138,42.48166,0
            -74.9714,42.48165,0
            -74.97146,42.48164,0
            -74.97154,42.48161,0
            -74.97209,42.48147,0
            -74.97222,42.48143,0
            -74.97235,42.4814,0
            -74.97237,42.48139,0
            -74.97254,42.48134,0
            -74.97264,42.48132,0
            -74.97276,42.48128,0
            -74.97279,42.48128,0
            -74.97291,42.48124,0
            -74.97305,42.48121,0
            -74.97346,42.48109,0
            -74.97386,42.48099,0
            -74.97396,42.48096,0
            -74.97401,42.48095,0
            -74.97421,42.48089,0
            -74.97512,42.48065,0
            -74.97525,42.48061,0
            -74.97538,42.48058,0
            -74.97539,42.48057,0
            -74.97553,42.48054,0
            -74.97594,42.48042,0
            -74.97608,42.48039,0
            -74.97613,42.48037,0
            -74.97635,42.48031,0
            -74.9764,42.4803,0
            -74.97649,42.48027,0
            -74.97663,42.48024,0
            -74.97691,42.48016,0
            -74.97704,42.48013,0
            -74.97732,42.48005,0
            -74.97745,42.48002,0
            -74.98049,42.47919,0
            -74.98062,42.47916,0
            -74.98076,42.47912,0
            -74.98081,42.47911,0
            -74.98089,42.47908,0
            -74.98102,42.47905,0
            -74.98144,42.47893,0
            -74.98157,42.4789,0
            -74.98163,42.47888,0
            -74.98172,42.47886,0
            -74.98185,42.47882,0
            -74.98199,42.47879,0
            -74.98219,42.47873,0
            -74.9824,42.47868,0
            -74.98254,42.47864,0
            -74.98263,42.47862,0
            -74.98282,42.47856,0
            -74.9833,42.47843,0
            -74.98337,42.47842,0
            -74.98351,42.47838,0
            -74.98356,42.47836,0
            -74.98378,42.47831,0
            -74.98384,42.47829,0
            -74.98392,42.47827,0
            -74.98411,42.47821,0
            -74.98433,42.47816,0
            -74.98474,42.47804,0
            -74.98488,42.47801,0
            -74.98514,42.47794,0
            -74.98521,42.47791,0
            -74.98543,42.47786,0
            -74.98549,42.47784,0
            -74.98558,42.47782,0
            -74.98571,42.47778,0
            -74.98584,42.47775,0
            -74.98584,42.47774,0
            -74.98598,42.47771,0
            -74.98604,42.47769,0
            -74.98624,42.47764,0
            -74.98626,42.47763,0
            -74.98631,42.47762,0
            -74.98696,42.47744,0
            -74.98713,42.4774,0
            -74.98722,42.47737,0
            -74.98735,42.47734,0
            -74.98763,42.47726,0
            -74.98768,42.47725,0
            -74.98777,42.47722,0
            -74.98791,42.47719,0
            -74.98818,42.47711,0
            -74.98824,42.4771,0
            -74.98832,42.47708,0
            -74.98844,42.47704,0
            -74.98873,42.47696,0
            -74.98875,42.47696,0
            -74.98958,42.47673,0
            -74.98968,42.47671,0
            -74.9898,42.47667,0
            -74.98998,42.47663,0
            -74.99006,42.4766,0
            -74.9902,42.47657,0
            -74.99047,42.47649,0
            -74.99061,42.47646,0
            -74.9921,42.47603,0
            -74.99243,42.4759,0
            -74.99253,42.47587,0
            -74.99304,42.47567,0
            -74.99312,42.47563,0
            -74.99323,42.47559,0
            -74.99333,42.47554,0
            -74.99346,42.47549,0
            -74.99356,42.47544,0
            -74.99359,42.47542,0
            -74.99363,42.47541,0
            -74.994,42.47523,0
            -74.99407,42.47519,0
            -74.99408,42.47518,0
            -74.99419,42.47513,0
            -74.99433,42.47505,0
            -74.99445,42.47499,0
            -74.99458,42.47491,0
            -74.99471,42.47484,0
            -74.99512,42.47459,0
            -74.99513,42.47458,0
            -74.99531,42.47446,0
            -74.99532,42.47445,0
            -74.99534,42.47444,0
            -74.99545,42.47436,0
            -74.99549,42.47434,0
            -74.99564,42.47422,0
            -74.99575,42.47415,0
            -74.99586,42.47406,0
            -74.99596,42.47399,0
            -74.99596,42.47398,0
            -74.99616,42.47383,0
            -74.99625,42.47375,0
            -74.99627,42.47374,0
            -74.99633,42.47369,0
            -74.99634,42.47367,0
            -74.99644,42.47359,0
            -74.99692,42.47316,0
            -74.99701,42.47307,0
            -74.99747,42.47265,0
            -74.99752,42.47261,0
            -74.99827,42.47193,0
            -74.9984,42.4718,0
            -74.99915,42.47112,0
            -74.99924,42.47105,0
            -74.9995,42.4708,0
            -74.9996,42.47072,0
            -75.00026,42.47012,0
            -75.00034,42.47004,0
            -75.00108,42.46938,0
            -75.0012,42.46926,0
            -75.00192,42.46862,0
            -75.00202,42.46852,0
            -75.00348,42.46719,0
            -75.00349,42.46719,0
            -75.00466,42.46613,0
            -75.00477,42.46602,0
            -75.00487,42.46594,0
            -75.00598,42.46493,0
            -75.00601,42.46489,0
            -75.00691,42.46408,0
            -75.00701,42.46398,0
            -75.00709,42.46392,0
            -75.00717,42.46384,0
            -75.00733,42.4637,0
            -75.00737,42.46367,0
            -75.00765,42.46342,0
            -75.00785,42.46326,0
            -75.00795,42.46317,0
            -75.00804,42.4631,0
            -75.00813,42.46302,0
            -75.00863,42.46262,0
            -75.00873,42.46253,0
            -75.00883,42.46246,0
            -75.00923,42.46214,0
            -75.00934,42.46207,0
            -75.00935,42.46205,0
            -75.00955,42.46191,0
            -75.00975,42.46175,0
            -75.01084,42.46097,0
            -75.01092,42.46092,0
            -75.01112,42.46078,0
            -75.01114,42.46076,0
            -75.01122,42.46071,0
            -75.01269,42.45968,0
            -75.01274,42.45965,0
            -75.0128,42.4596,0
            -75.01317,42.45934,0
            -75.01324,42.4593,0
            -75.01365,42.459,0
            -75.01379,42.45891,0
            -75.0139,42.45883,0
            -75.01412,42.45869,0
            -75.01423,42.45861,0
            -75.01433,42.45855,0
            -75.01443,42.45848,0
            -75.01455,42.45842,0
            -75.01463,42.45836,0
            -75.01526,42.45802,0
            -75.01552,42.4579,0
            -75.01553,42.45789,0
            -75.01576,42.45778,0
            -75.0159,42.45773,0
            -75.01602,42.45767,0
            -75.01607,42.45766,0
            -75.01615,42.45762,0
            -75.01656,42.45746,0
            -75.01681,42.45738,0
            -75.01691,42.45734,0
            -75.01755,42.45715,0
            -75.01765,42.45713,0
            -75.01816,42.457,0
            -75.01851,42.45693,0
            -75.01854,42.45692,0
            -75.01874,42.45689,0
            -75.01888,42.45686,0
            -75.01899,42.45685,0
            -75.01906,42.45683,0
            -75.01977,42.45674,0
            -75.02024,42.4567,0
            -75.0204,42.45668,0
            -75.02295,42.45647,0
            -75.0238,42.45637,0
            -75.02445,42.45627,0
            -75.0248,42.4562,0
            -75.02483,42.4562,0
            -75.02512,42.45614,0
            -75.02532,42.45609,0
            -75.02538,42.45608,0
            -75.02605,42.45591,0
            -75.02618,42.45587,0
            -75.02638,42.45582,0
            -75.02675,42.4557,0
            -75.02693,42.45565,0
            -75.02736,42.4555,0
            -75.02746,42.45546,0
            -75.02772,42.45537,0
            -75.02788,42.4553,0
            -75.02807,42.45523,0
            -75.02845,42.45507,0
            -75.02932,42.45473,0
            -75.02945,42.45467,0
            -75.02984,42.45452,0
            -75.02997,42.45446,0
            -75.03009,42.45442,0
            -75.0302,42.45437,0
            -75.03082,42.45412,0
            -75.03099,42.45406,0
            -75.03124,42.45395,0
            -75.03126,42.45395,0
            -75.03135,42.45391,0
            -75.03146,42.45387,0
            -75.03147,42.45386,0
            -75.03189,42.4537,0
            -75.032,42.45365,0
            -75.03254,42.45345,0
            -75.0335,42.45317,0
            -75.03393,42.45308,0
            -75.034,42.45306,0
            -75.03434,42.45299,0
            -75.03509,42.45287,0
            -75.03543,42.45283,0
            -75.03547,42.45282,0
            -75.03582,42.45278,0
            -75.03599,42.45275,0
            -75.03621,42.45273,0
            -75.03626,42.45272,0
            -75.03727,42.45259,0
            -75.03739,42.45258,0
            -75.0374,42.45257,0
            -75.03777,42.45253,0
            -75.03933,42.45232,0
            -75.03962,42.45229,0
            -75.04517,42.45157,0
            -75.04519,42.45157,0
            -75.04618,42.45144,0
            -75.04632,42.45143,0
            -75.0485,42.45114,0
            -75.04881,42.45111,0
            -75.05011,42.45092,0
            -75.05054,42.45083,0
            -75.05061,42.45082,0
            -75.05125,42.45068,0
            -75.05272,42.45025,0
            -75.05312,42.45011,0
            -75.05366,42.4499,0
            -75.05413,42.4497,0
            -75.05416,42.44968,0
            -75.05577,42.44897,0
            -75.0563,42.44875,0
            -75.05632,42.44875,0
            -75.05658,42.44865,0
            -75.05668,42.44862,0
            -75.05685,42.44855,0
            -75.05739,42.44837,0
            -75.05841,42.44808,0
            -75.05874,42.448,0
            -75.06106,42.44737,0
            -75.06115,42.44734,0
            -75.06117,42.44734,0
            -75.06119,42.44733,0
            -75.06167,42.44718,0
            -75.06224,42.44698,0
            -75.06285,42.44675,0
            -75.0637,42.4464,0
            -75.06384,42.44633,0
            -75.06392,42.4463,0
            -75.06459,42.44599,0
            -75.06568,42.44542,0
            -75.06605,42.44521,0
            -75.06616,42.44514,0
            -75.06627,42.44508,0
            -75.06651,42.44493,0
            -75.06662,42.44487,0
            -75.06673,42.44479,0
            -75.06708,42.44457,0
            -75.06719,42.44449,0
            -75.06737,42.44438,0
            -75.06738,42.44437,0
            -75.06792,42.44399,0
            -75.06803,42.44392,0
            -75.06856,42.44354,0
            -75.06867,42.44347,0
            -75.06953,42.44287,0
            -75.06964,42.4428,0
            -75.06975,42.44272,0
            -75.07021,42.44244,0
            -75.07034,42.44238,0
            -75.07046,42.44231,0
            -75.07083,42.44213,0
            -75.07096,42.44208,0
            -75.07096,42.44207,0
            -75.07162,42.44182,0
            -75.07175,42.44178,0
            -75.07188,42.44173,0
            -75.07216,42.44165,0
            -75.07278,42.4415,0
            -75.07331,42.44141,0
            -75.07374,42.44135,0
            -75.07448,42.4413,0
            -75.07522,42.4413,0
            -75.07552,42.44132,0
            -75.07558,42.44132,0
            -75.07566,42.44133,0
            -75.07596,42.44135,0
            -75.07625,42.44138,0
            -75.07654,42.44142,0
            -75.07658,42.44142,0
            -75.07845,42.44166,0
            -75.07859,42.44167,0
            -75.07888,42.44171,0
            -75.07917,42.44174,0
            -75.07975,42.44182,0
            -75.0799,42.44183,0
            -75.08049,42.44191,0
            -75.08063,42.44192,0
            -75.08092,42.44196,0
            -75.08122,42.44199,0
            -75.0815,42.44203,0
            -75.0818,42.44206,0
            -75.08238,42.44214,0
            -75.08252,42.44215,0
            -75.08311,42.44223,0
            -75.08325,42.44224,0
            -75.08384,42.44232,0
            -75.08399,42.44233,0
            -75.08498,42.44246,0
            -75.08513,42.44247,0
            -75.08556,42.44253,0
            -75.0857,42.44254,0
            -75.08979,42.44305,0
            -75.08994,42.44306,0
            -75.09021,42.4431,0
            -75.09023,42.4431,0
            -75.09038,42.44312,0
            -75.09052,42.44313,0
            -75.09501,42.44368,0
            -75.09505,42.44369,0
            -75.09519,42.44371,0
            -75.09532,42.44372,0
            -75.09563,42.44376,0
            -75.09565,42.44376,0
            -75.09576,42.44378,0
            -75.0965,42.44385,0
            -75.0972,42.44387,0
            -75.09726,42.44386,0
            -75.0974,42.44386,0
            -75.09758,42.44385,0
            -75.09773,42.44385,0
            -75.09829,42.44379,0
            -75.09835,42.44379,0
            -75.09841,42.44378,0
            -75.09843,42.44378,0
            -75.09871,42.44373,0
            -75.09873,42.44373,0
            -75.09886,42.4437,0
            -75.09898,42.44368,0
            -75.099,42.44368,0
            -75.09957,42.44355,0
            -75.09985,42.44347,0
            -75.09998,42.44342,0
            -75.10012,42.44338,0
            -75.10067,42.44317,0
            -75.10093,42.44305,0
            -75.10116,42.44293,0
            -75.10129,42.44287,0
            -75.10156,42.44272,0
            -75.10165,42.44266,0
            -75.10177,42.44259,0
            -75.10198,42.44245,0
            -75.102,42.44243,0
            -75.10219,42.4423,0
            -75.10249,42.44206,0
            -75.10268,42.44189,0
            -75.10278,42.44179,0
            -75.10287,42.44171,0
            -75.10295,42.44162,0
            -75.10304,42.44153,0
            -75.10328,42.44126,0
            -75.10335,42.44116,0
            -75.10371,42.44073,0
            -75.10373,42.4407,0
            -75.10404,42.44032,0
            -75.10412,42.44023,0
            -75.10422,42.4401,0
            -75.10428,42.44004,0
            -75.10449,42.43977,0
            -75.10458,42.43967,0
            -75.10465,42.43957,0
            -75.10473,42.43948,0
            -75.10504,42.4391,0
            -75.10512,42.43901,0
            -75.10534,42.43873,0
            -75.10542,42.43864,0
            -75.10557,42.43845,0
            -75.10565,42.43836,0
            -75.10588,42.43807,0
            -75.10611,42.4378,0
            -75.10626,42.43761,0
            -75.10634,42.43752,0
            -75.10748,42.43612,0
            -75.10757,42.43602,0
            -75.10773,42.43581,0
            -75.10781,42.43572,0
            -75.10865,42.43469,0
            -75.10881,42.43451,0
            -75.10888,42.43442,0
            -75.1093,42.43396,0
            -75.10933,42.43394,0
            -75.10939,42.43388,0
            -75.10947,42.43379,0
            -75.10984,42.43344,0
            -75.10986,42.43343,0
            -75.10993,42.43336,0
            -75.11003,42.43328,0
            -75.11013,42.43319,0
            -75.1108,42.43266,0
            -75.11159,42.43212,0
            -75.11172,42.43205,0
            -75.11206,42.43184,0
            -75.11292,42.43138,0
            -75.11323,42.43124,0
            -75.11329,42.4312,0
            -75.1133,42.4312,0
            -75.11351,42.4311,0
            -75.11364,42.43105,0
            -75.11377,42.43099,0
            -75.11429,42.43078,0
            -75.11442,42.43074,0
            -75.11482,42.43059,0
            -75.11536,42.43042,0
            -75.1155,42.43037,0
            -75.11564,42.43033,0
            -75.11577,42.4303,0
            -75.11613,42.4302,0
            -75.11619,42.43019,0
            -75.11633,42.43015,0
            -75.11647,42.43012,0
            -75.11661,42.43008,0
            -75.11718,42.42996,0
            -75.11732,42.42994,0
            -75.11754,42.42989,0
            -75.11761,42.42988,0
            -75.11775,42.42985,0
            -75.11803,42.42981,0
            -75.11832,42.42975,0
            -75.11847,42.42973,0
            -75.11861,42.4297,0
            -75.12149,42.42919,0
            -75.12163,42.42916,0
            -75.12178,42.42914,0
            -75.12192,42.42911,0
            -75.12206,42.42909,0
            -75.1222,42.42906,0
            -75.12234,42.42904,0
            -75.12263,42.42898,0
            -75.12277,42.42896,0
            -75.12292,42.42893,0
            -75.12306,42.42891,0
            -75.12327,42.42887,0
            -75.12335,42.42886,0
            -75.12364,42.4288,0
            -75.12378,42.42878,0
            -75.12392,42.42875,0
            -75.12406,42.42873,0
            -75.12421,42.4287,0
            -75.12423,42.4287,0
            -75.12464,42.42862,0
            -75.12478,42.4286,0
            -75.12492,42.42857,0
            -75.12507,42.42855,0
            -75.12606,42.42834,0
            -75.12648,42.42823,0
            -75.12662,42.4282,0
            -75.12704,42.42808,0
            -75.12717,42.42805,0
            -75.12731,42.42801,0
            -75.12745,42.42796,0
            -75.12772,42.42788,0
            -75.1284,42.42765,0
            -75.12918,42.42735,0
            -75.12931,42.42729,0
            -75.12944,42.42724,0
            -75.12957,42.42718,0
            -75.12959,42.42718,0
            -75.12982,42.42707,0
            -75.12995,42.42702,0
            -75.13045,42.42678,0
            -75.13057,42.42671,0
            -75.13072,42.42664,0
            -75.13105,42.42647,0
            -75.1314,42.42627,0
            -75.1322,42.42578,0
            -75.13285,42.42533,0
            -75.13299,42.42522,0
            -75.13316,42.4251,0
            -75.13377,42.42461,0
            -75.13424,42.4242,0
            -75.13469,42.42376,0
            -75.13477,42.42367,0
            -75.13493,42.42351,0
            -75.13527,42.42313,0
            -75.13535,42.42303,0
            -75.13543,42.42295,0
            -75.13551,42.42285,0
            -75.13558,42.42275,0
            -75.13587,42.42238,0
            -75.13641,42.4216,0
            -75.13677,42.421,0
            -75.13677,42.42099,0
            -75.137,42.42058,0
            -75.1371,42.42038,0
            -75.13716,42.42028,0
            -75.13721,42.42018,0
            -75.1373,42.41997,0
            -75.13733,42.41992,0
            -75.13744,42.41966,0
            -75.13749,42.41956,0
            -75.13758,42.41933,0
            -75.13761,42.41924,0
            -75.1377,42.41903,0
            -75.13773,42.41892,0
            -75.13788,42.4185,0
            -75.13795,42.41826,0
            -75.13796,42.41825,0
            -75.13807,42.41785,0
            -75.13809,42.41775,0
            -75.1381,42.41772,0
            -75.13816,42.41743,0
            -75.13819,42.41732,0
            -75.1383,42.4167,0
            -75.13831,42.41667,0
            -75.13833,42.41656,0
            -75.13834,42.41645,0
            -75.13836,42.41633,0
            -75.1384,42.41591,0
            -75.13841,42.41587,0
            -75.13841,42.4158,0
            -75.13842,42.41569,0
            -75.13842,42.41564,0
            -75.13843,42.41558,0
            -75.13843,42.41547,0
            -75.13844,42.41535,0
            -75.13844,42.41513,0
            -75.13845,42.41502,0
            -75.13845,42.4145,0
            -75.13842,42.41401,0
            -75.1384,42.41382,0
            -75.13839,42.41364,0
            -75.13838,42.4136,0
            -75.13836,42.41338,0
            -75.13833,42.41317,0
            -75.13827,42.41284,0
            -75.13824,42.41262,0
            -75.13821,42.41251,0
            -75.13814,42.41219,0
            -75.13794,42.41143,0
            -75.13784,42.41112,0
            -75.13732,42.40968,0
            -75.13726,42.40954,0
            -75.13699,42.40881,0
            -75.13698,42.40879,0
            -75.13683,42.40837,0
            -75.13671,42.40807,0
            -75.13643,42.40731,0
            -75.13636,42.4071,0
            -75.13584,42.40573,0
            -75.13583,42.40569,0
            -75.13569,42.40531,0
            -75.13566,42.40521,0
            -75.13562,42.4051,0
            -75.13556,42.40489,0
            -75.13555,42.40488,0
            -75.13553,42.40478,0
            -75.1355,42.40468,0
            -75.1354,42.40422,0
            -75.13533,42.40381,0
            -75.1353,42.40355,0
            -75.1353,42.40348,0
            -75.13528,42.40326,0
            -75.13528,42.40313,0
            -75.13527,42.40305,0
            -75.13527,42.40261,0
            -75.13528,42.4025,0
            -75.13528,42.40239,0
            -75.13531,42.40206,0
            -75.13531,42.40201,0
            -75.13532,42.40196,0
            -75.13533,42.40184,0
            -75.13535,42.40174,0
            -75.13536,42.40163,0
            -75.13544,42.4012,0
            -75.13549,42.40098,0
            -75.13564,42.40044,0
            -75.13568,42.40034,0
            -75.13571,42.40023,0
            -75.13575,42.40012,0
            -75.13576,42.40012,0
            -75.13583,42.39992,0
            -75.13588,42.39982,0
            -75.13592,42.39971,0
            -75.13606,42.3994,0
            -75.13621,42.3991,0
            -75.13638,42.39879,0
            -75.13662,42.3984,0
            -75.13695,42.39792,0
            -75.13696,42.39791,0
            -75.13718,42.39762,0
            -75.13749,42.39725,0
            -75.13782,42.39689,0
            -75.13817,42.39654,0
            -75.13864,42.39612,0
            -75.13883,42.39597,0
            -75.13892,42.39589,0
            -75.13934,42.39557,0
            -75.13936,42.39556,0
            -75.1394,42.39552,0
            -75.13944,42.3955,0
            -75.13955,42.39542,0
            -75.13966,42.39535,0
            -75.13968,42.39533,0
            -75.13987,42.3952,0
            -75.13991,42.39518,0
            -75.14007,42.39507,0
            -75.1401,42.39506,0
            -75.14055,42.39478,0
            -75.14067,42.39472,0
            -75.14069,42.3947,0
            -75.14105,42.39451,0
            -75.14113,42.39446,0
            -75.14122,42.39442,0
            -75.14141,42.39432,0
            -75.14146,42.3943,0
            -75.14199,42.39405,0
            -75.14205,42.39403,0
            -75.14227,42.39393,0
            -75.14268,42.39377,0
            -75.14272,42.39376,0
            -75.14281,42.39372,0
            -75.14366,42.39343,0
            -75.14367,42.39342,0
            -75.14379,42.39339,0
            -75.14418,42.39327,0
            -75.14431,42.39324,0
            -75.14444,42.3932,0
            -75.14545,42.39297,0
            -75.1457,42.39293,0
            -75.14582,42.3929,0
            -75.14586,42.3929,0
            -75.14614,42.39285,0
            -75.14629,42.39283,0
            -75.14639,42.39281,0
            -75.14644,42.39281,0
            -75.14714,42.39272,0
            -75.14717,42.39271,0
            -75.15323,42.39198,0
            -75.15326,42.39198,0
            -75.15486,42.39179,0
            -75.15505,42.39176,0
            -75.15545,42.39172,0
            -75.15596,42.39165,0
            -75.15598,42.39165,0
            -75.15645,42.39159,0
            -75.15658,42.39158,0
            -75.15761,42.39145,0
            -75.15766,42.39145,0
            -75.15933,42.39125,0
            -75.15936,42.39124,0
            -75.1608,42.39105,0
            -75.16128,42.39097,0
            -75.16153,42.39094,0
            -75.16168,42.39091,0
            -75.16267,42.39075,0
            -75.16292,42.3907,0
            -75.16309,42.39068,0
            -75.16327,42.39064,0
            -75.16341,42.39062,0
            -75.16354,42.39059,0
            -75.16358,42.39059,0
            -75.16398,42.39051,0
            -75.16412,42.39049,0
            -75.16598,42.39011,0
            -75.1671,42.38985,0
            -75.16721,42.38983,0
            -75.16752,42.38975,0
            -75.16767,42.38972,0
            -75.16837,42.38955,0
            -75.17004,42.3891,0
            -75.1702,42.38905,0
            -75.17047,42.38898,0
            -75.17055,42.38895,0
            -75.17075,42.3889,0
            -75.17087,42.38886,0
            -75.17102,42.38882,0
            -75.17113,42.38878,0
            -75.17116,42.38878,0
            -75.17192,42.38854,0
            -75.1721,42.38849,0
            -75.17318,42.38814,0
            -75.17343,42.38805,0
            -75.17344,42.38805,0
            -75.17386,42.38791,0
            -75.17395,42.38787,0
            -75.17427,42.38777,0
            -75.17428,42.38776,0
            -75.1744,42.38772,0
            -75.17447,42.38769,0
            -75.17453,42.38767,0
            -75.17461,42.38765,0
            -75.17478,42.38758,0
            -75.17524,42.38741,0
            -75.17528,42.3874,0
            -75.17572,42.38724,0
            -75.17583,42.38719,0
            -75.17612,42.38709,0
            -75.17689,42.38678,0
            -75.17716,42.38668,0
            -75.17731,42.38661,0
            -75.1786,42.38607,0
            -75.17954,42.38565,0
            -75.1798,42.38552,0
            -75.18002,42.38542,0
            -75.18005,42.38541,0
            -75.18024,42.38531,0
            -75.18096,42.38496,0
            -75.18178,42.38453,0
            -75.18191,42.38445,0
            -75.18198,42.38442,0
            -75.18224,42.38427,0
            -75.18234,42.38422,0
            -75.18385,42.38333,0
            -75.18467,42.38281,0
            -75.18467,42.3828,0
            -75.18486,42.38269,0
            -75.18648,42.38157,0
            -75.18659,42.3815,0
            -75.18712,42.38112,0
            -75.18723,42.38105,0
            -75.18756,42.38081,0
            -75.18777,42.38067,0
            -75.18809,42.38044,0
            -75.1883,42.3803,0
            -75.18872,42.38,0
            -75.18873,42.38,0
            -75.18889,42.37988,0
            -75.18894,42.37985,0
            -75.19022,42.37895,0
            -75.19028,42.3789,0
            -75.19034,42.37886,0
            -75.19036,42.37885,0
            -75.19044,42.37879,0
            -75.19054,42.37873,0
            -75.19056,42.37871,0
            -75.19076,42.37857,0
            -75.19081,42.37854,0
            -75.19087,42.37849,0
            -75.19172,42.37789,0
            -75.19195,42.37774,0
            -75.19215,42.37759,0
            -75.19495,42.37564,0
            -75.19502,42.37558,0
            -75.19515,42.3755,0
            -75.19521,42.37545,0
            -75.19526,42.37542,0
            -75.19569,42.37511,0
            -75.1958,42.37504,0
            -75.19907,42.37273,0
            -75.19918,42.37266,0
            -75.19996,42.37211,0
            -75.20007,42.37204,0
            -75.20039,42.37181,0
            -75.2005,42.37174,0
            -75.2006,42.37166,0
            -75.20071,42.37159,0
            -75.20103,42.37136,0
            -75.20114,42.37129,0
            -75.20178,42.37083,0
            -75.20189,42.37076,0
            -75.20311,42.36991,0
            -75.20317,42.36986,0
            -75.20518,42.36846,0
            -75.20587,42.36802,0
            -75.20594,42.36797,0
            -75.20598,42.36795,0
            -75.2063,42.36776,0
            -75.20643,42.36767,0
            -75.20678,42.36746,0
            -75.2069,42.3674,0
            -75.20803,42.36676,0
            -75.20843,42.36656,0
            -75.20866,42.36643,0
            -75.2088,42.36636,0
            -75.20896,42.36629,0
            -75.20903,42.36625,0
            -75.20965,42.36595,0
            -75.20977,42.3659,0
            -75.20982,42.36587,0
            -75.20991,42.36584,0
            -75.21027,42.36567,0
            -75.21138,42.36519,0
            -75.2116,42.36511,0
            -75.21183,42.36501,0
            -75.21281,42.36464,0
            -75.21288,42.36462,0
            -75.21341,42.36442,0
            -75.21449,42.36406,0
            -75.21544,42.36377,0
            -75.21627,42.36354,0
            -75.2164,42.36351,0
            -75.21652,42.36347,0
            -75.21779,42.36315,0
            -75.21822,42.36306,0
            -75.2185,42.36299,0
            -75.21857,42.36298,0
            -75.21934,42.36282,0
            -75.21942,42.36281,0
            -75.21991,42.36271,0
            -75.22106,42.36252,0
            -75.2228,42.36229,0
            -75.22295,42.36228,0
            -75.22317,42.36225,0
            -75.22454,42.36213,0
            -75.22493,42.36211,0
            -75.22515,42.36209,0
            -75.22521,42.36209,0
            -75.22544,42.36207,0
            -75.22558,42.36207,0
            -75.22587,42.36205,0
            -75.22691,42.36202,0
            -75.22754,42.36202,0
            -75.2278,42.36201,0
            -75.22808,42.36202,0
            -75.22853,42.36202,0
            -75.22875,42.36203,0
            -75.22913,42.36203,0
            -75.22941,42.36204,0
            -75.22971,42.36204,0
            -75.22986,42.36205,0
            -75.23015,42.36205,0
            -75.23075,42.36207,0
            -75.23104,42.36207,0
            -75.23119,42.36208,0
            -75.23207,42.36209,0
            -75.23222,42.3621,0
            -75.2325,42.3621,0
            -75.2331,42.36212,0
            -75.23339,42.36212,0
            -75.23398,42.36214,0
            -75.23428,42.36214,0
            -75.23457,42.36215,0
            -75.23486,42.36215,0
            -75.23501,42.36216,0
            -75.23635,42.36218,0
            -75.2365,42.36219,0
            -75.23748,42.3622,0
            -75.23755,42.36221,0
            -75.23802,42.36221,0
            -75.2381,42.36222,0
            -75.23841,42.36222,0
            -75.23869,42.36223,0
            -75.23913,42.36223,0
            -75.2393,42.36224,0
            -75.24104,42.36227,0
            -75.2412,42.36228,0
            -75.24209,42.36229,0
            -75.24222,42.3623,0
            -75.24289,42.3623,0
            -75.24296,42.36231,0
            -75.24355,42.36231,0
            -75.24371,42.3623,0
            -75.24399,42.3623,0
            -75.24415,42.36229,0
            -75.2443,42.36229,0
            -75.24459,42.36227,0
            -75.24488,42.36226,0
            -75.2457,42.36219,0
            -75.24591,42.36216,0
            -75.24606,42.36215,0
            -75.24707,42.36201,0
            -75.24757,42.36192,0
            -75.24765,42.3619,0
            -75.24779,42.36188,0
            -75.24851,42.36173,0
            -75.24893,42.36162,0
            -75.24908,42.36159,0
            -75.24948,42.36147,0
            -75.24976,42.3614,0
            -75.2503,42.36123,0
            -75.25137,42.36084,0
            -75.25144,42.36082,0
            -75.2519,42.36063,0
            -75.25251,42.36036,0
            -75.25264,42.36029,0
            -75.25338,42.35993,0
            -75.25431,42.3594,0
            -75.25466,42.35918,0
            -75.25482,42.35907,0
            -75.25498,42.35897,0
            -75.2552,42.35882,0
            -75.25604,42.35819,0
            -75.25689,42.35745,0
            -75.25707,42.35728,0
            -75.2576,42.35674,0
            -75.25868,42.3555,0
            -75.25935,42.3547,0
            -75.25942,42.35463,0
            -75.25974,42.35425,0
            -75.25979,42.3542,0
            -75.26005,42.35388,0
            -75.26053,42.35332,0
            -75.2606,42.35323,0
            -75.26071,42.35311,0
            -75.26299,42.35042,0
            -75.26306,42.35033,0
            -75.26383,42.34943,0
            -75.26386,42.34939,0
            -75.26517,42.34785,0
            -75.2652,42.34782,0
            -75.26763,42.34495,0
            -75.26787,42.34468,0
            -75.26878,42.3436,0
            -75.26882,42.34356,0
            -75.26912,42.3432,0
            -75.26929,42.34301,0
            -75.2696,42.34263,0
            -75.2713,42.34064,0
            -75.27167,42.34019,0
            -75.27194,42.33988,0
            -75.27202,42.33978,0
            -75.27211,42.33969,0
            -75.27269,42.33903,0
            -75.27387,42.3378,0
            -75.27403,42.33765,0
            -75.27431,42.33736,0
            -75.27524,42.33647,0
            -75.27537,42.33636,0
            -75.27583,42.33594,0
            -75.27591,42.33588,0
            -75.277,42.33494,0
            -75.27781,42.33429,0
            -75.27791,42.3342,0
            -75.27806,42.33409,0
            -75.27813,42.33403,0
            -75.27824,42.33395,0
            -75.27832,42.33388,0
            -75.27837,42.33385,0
            -75.27962,42.33291,0
            -75.28128,42.33177,0
            -75.28254,42.33096,0
            -75.28266,42.33089,0
            -75.28289,42.33074,0
            -75.28302,42.33067,0
            -75.28324,42.33053,0
            -75.28444,42.32983,0
            -75.28577,42.3291,0
            -75.28617,42.3289,0
            -75.28641,42.32877,0
            -75.28805,42.32796,0
            -75.28883,42.3276,0
            -75.29092,42.3267,0
            -75.29107,42.32665,0
            -75.2912,42.32659,0
            -75.29134,42.32654,0
            -75.29214,42.32622,0
            -75.29323,42.32581,0
            -75.29351,42.32572,0
            -75.29419,42.32547,0
            -75.29433,42.32543,0
            -75.29474,42.32528,0
            -75.29488,42.32524,0
            -75.29514,42.32515,0
            -75.29613,42.32484,0
            -75.29627,42.32479,0
            -75.2984,42.32418,0
            -75.30041,42.32367,0
            -75.301,42.32354,0
            -75.30114,42.3235,0
            -75.30244,42.32321,0
            -75.3026,42.32318,0
            -75.30825,42.32189,0
            -75.3084,42.32185,0
            -75.30846,42.32184,0
            -75.30859,42.3218,0
            -75.30897,42.3217,0
            -75.30941,42.32157,0
            -75.30943,42.32157,0
            -75.30957,42.32153,0
            -75.30971,42.32148,0
            -75.31025,42.32131,0
            -75.31103,42.32103,0
            -75.31107,42.32101,0
            -75.31148,42.32085,0
            -75.31251,42.3204,0
            -75.31266,42.32032,0
            -75.31276,42.32028,0
            -75.31301,42.32015,0
            -75.31308,42.32012,0
            -75.31388,42.31969,0
            -75.31399,42.31962,0
            -75.31424,42.31948,0
            -75.31481,42.31912,0
            -75.31487,42.31909,0
            -75.31502,42.31899,0
            -75.31504,42.31897,0
            -75.31507,42.31896,0
            -75.316,42.3183,0
            -75.31777,42.3169,0
            -75.31779,42.31688,0
            -75.3179,42.3168,0
            -75.31816,42.31659,0
            -75.31821,42.31656,0
            -75.31877,42.31612,0
            -75.31881,42.31608,0
            -75.31901,42.31594,0
            -75.31905,42.3159,0
            -75.31917,42.31582,0
            -75.31961,42.3155,0
            -75.31965,42.31548,0
            -75.31968,42.31545,0
            -75.31972,42.31543,0
            -75.31984,42.31535,0
            -75.31993,42.31528,0
            -75.32057,42.31486,0
            -75.32061,42.31483,0
            -75.32086,42.31468,0
            -75.32096,42.31461,0
            -75.32127,42.31443,0
            -75.32133,42.31439,0
            -75.32216,42.31391,0
            -75.32221,42.31389,0
            -75.32278,42.31358,0
            -75.32291,42.31352,0
            -75.32342,42.31326,0
            -75.32411,42.31293,0
            -75.32493,42.31257,0
            -75.32563,42.31229,0
            -75.32576,42.31223,0
            -75.3259,42.31218,0
            -75.32602,42.31213,0
            -75.32752,42.3116,0
            -75.32805,42.31144,0
            -75.32844,42.31131,0
            -75.32948,42.31103,0
            -75.32957,42.311,0
            -75.33003,42.31089,0
            -75.33009,42.31087,0
            -75.3301,42.31087,0
            -75.33039,42.3108,0
            -75.33042,42.31079,0
            -75.33049,42.31078,0
            -75.33068,42.31073,0
            -75.33076,42.31072,0
            -75.33083,42.3107,0
            -75.3318,42.3105,0
            -75.33218,42.31044,0
            -75.33293,42.3103,0
            -75.33316,42.31027,0
            -75.33344,42.31022,0
            -75.33403,42.31014,0
            -75.33432,42.31011,0
            -75.33461,42.31007,0
            -75.33505,42.31003,0
            -75.33519,42.31001,0
            -75.33579,42.30996,0
            -75.33741,42.30986,0
            -75.3377,42.30986,0
            -75.33814,42.30984,0
            -75.33933,42.30984,0
            -75.34081,42.30989,0
            -75.34147,42.30994,0
            -75.34153,42.30994,0
            -75.34227,42.31,0
            -75.34242,42.31002,0
            -75.34271,42.31004,0
            -75.34285,42.31006,0
            -75.34301,42.31007,0
            -75.34344,42.31013,0
            -75.34358,42.31014,0
            -75.3449,42.31033,0
            -75.34533,42.31041,0
            -75.34547,42.31043,0
            -75.34576,42.31049,0
            -75.34591,42.31051,0
            -75.34603,42.31054,0
            -75.34604,42.31054,0
            -75.34648,42.31063,0
            -75.34663,42.31065,0
            -75.34675,42.31068,0
            -75.34689,42.3107,0
            -75.34762,42.31085,0
            -75.34775,42.31087,0
            -75.34803,42.31093,0
            -75.34818,42.31095,0
            -75.35091,42.31147,0
            -75.35122,42.31152,0
            -75.35146,42.31155,0
            -75.35162,42.31158,0
            -75.35221,42.31166,0
            -75.35234,42.31167,0
            -75.35264,42.31171,0
            -75.35278,42.31172,0
            -75.3531,42.31176,0
            -75.35351,42.31179,0
            -75.35366,42.31181,0
            -75.35483,42.31189,0
            -75.355,42.31189,0
            -75.35524,42.31191,0
            -75.35542,42.31191,0
            -75.35557,42.31192,0
            -75.35572,42.31192,0
            -75.35587,42.31193,0
            -75.35631,42.31193,0
            -75.35645,42.31194,0
            -75.35675,42.31194,0
            -75.35691,42.31193,0
            -75.35751,42.31193,0
            -75.35795,42.31191,0
            -75.35808,42.31191,0
            -75.35837,42.31189,0
            -75.35853,42.31189,0
            -75.35863,42.31188,0
            -75.35867,42.31188,0
            -75.35957,42.31182,0
            -75.35972,42.3118,0
            -75.36001,42.31178,0
            -75.36015,42.31176,0
            -75.3603,42.31175,0
            -75.36045,42.31173,0
            -75.36059,42.31172,0
            -75.36088,42.31168,0
            -75.36102,42.31167,0
            -75.36105,42.31166,0
            -75.36117,42.31165,0
            -75.36129,42.31163,0
            -75.36132,42.31163,0
            -75.36204,42.31153,0
            -75.36219,42.3115,0
            -75.36277,42.31141,0
            -75.3629,42.31138,0
            -75.36305,42.31136,0
            -75.36445,42.31106,0
            -75.36452,42.31105,0
            -75.36575,42.31074,0
            -75.36668,42.31047,0
            -75.36775,42.31012,0
            -75.36818,42.30996,0
            -75.36839,42.30989,0
            -75.36897,42.30967,0
            -75.3691,42.30961,0
            -75.36987,42.3093,0
            -75.36988,42.30929,0
            -75.37001,42.30924,0
            -75.37008,42.3092,0
            -75.37038,42.30907,0
            -75.3705,42.30901,0
            -75.37076,42.3089,0
            -75.37113,42.30872,0
            -75.37126,42.30865,0
            -75.37138,42.3086,0
            -75.37162,42.30848,0
            -75.37187,42.30834,0
            -75.37199,42.30829,0
            -75.37231,42.30811,0
            -75.37234,42.30809,0
            -75.37246,42.30803,0
            -75.37251,42.308,0
            -75.37259,42.30796,0
            -75.3727,42.30789,0
            -75.37271,42.30789,0
            -75.37282,42.30783,0
            -75.37316,42.30762,0
            -75.37321,42.3076,0
            -75.37328,42.30755,0
            -75.37352,42.30741,0
            -75.37408,42.30706,0
            -75.37419,42.30698,0
            -75.3743,42.30691,0
            -75.37441,42.30683,0
            -75.37452,42.30676,0
            -75.37463,42.30668,0
            -75.37464,42.30668,0
            -75.37527,42.30623,0
            -75.37568,42.30592,0
            -75.37619,42.30551,0
            -75.37628,42.30543,0
            -75.37658,42.30519,0
            -75.37734,42.30451,0
            -75.37779,42.30407,0
            -75.37788,42.30399,0
            -75.37796,42.3039,0
            -75.37805,42.30382,0
            -75.37814,42.30372,0
            -75.37831,42.30355,0
            -75.37839,42.30346,0
            -75.37848,42.30337,0
            -75.37857,42.30327,0
            -75.37874,42.3031,0
            -75.37882,42.30301,0
            -75.37904,42.30279,0
            -75.37908,42.30274,0
            -75.37917,42.30265,0
            -75.37925,42.30256,0
            -75.37934,42.30247,0
            -75.37951,42.30228,0
            -75.37976,42.30203,0
            -75.38006,42.3017,0
            -75.38019,42.30158,0
            -75.38028,42.30148,0
            -75.38037,42.30139,0
            -75.38052,42.30122,0
            -75.38061,42.30113,0
            -75.3807,42.30103,0
            -75.38079,42.30095,0
            -75.38087,42.30086,0
            -75.38096,42.30077,0
            -75.38113,42.30058,0
            -75.38122,42.3005,0
            -75.3819,42.29977,0
            -75.38199,42.29969,0
            -75.38216,42.2995,0
            -75.38224,42.29942,0
            -75.38232,42.29933,0
            -75.38241,42.29924,0
            -75.38249,42.29915,0
            -75.38258,42.29906,0
            -75.38266,42.29897,0
            -75.38275,42.29888,0
            -75.38283,42.29879,0
            -75.38292,42.2987,0
            -75.383,42.29861,0
            -75.38309,42.29852,0
            -75.38317,42.29843,0
            -75.38335,42.29825,0
            -75.38341,42.2982,0
            -75.3837,42.29791,0
            -75.38426,42.29742,0
            -75.38458,42.29716,0
            -75.38468,42.29709,0
            -75.38478,42.297,0
            -75.3854,42.29656,0
            -75.38542,42.29654,0
            -75.38575,42.29632,0
            -75.38578,42.29631,0
            -75.38586,42.29625,0
            -75.38609,42.29611,0
            -75.3862,42.29605,0
            -75.38643,42.2959,0
            -75.38655,42.29584,0
            -75.38666,42.29577,0
            -75.38678,42.29571,0
            -75.3869,42.29564,0
            -75.38702,42.29558,0
            -75.38725,42.29545,0
            -75.38761,42.29527,0
            -75.38773,42.29522,0
            -75.38784,42.29516,0
            -75.38831,42.29495,0
            -75.38846,42.29489,0
            -75.38849,42.29487,0
            -75.38868,42.29479,0
            -75.38882,42.29474,0
            -75.38893,42.29469,0
            -75.38959,42.29444,0
            -75.38972,42.2944,0
            -75.38999,42.2943,0
            -75.39013,42.29426,0
            -75.39055,42.29412,0
            -75.39083,42.29404,0
            -75.39088,42.29403,0
            -75.3911,42.29396,0
            -75.39124,42.29393,0
            -75.39137,42.29389,0
            -75.39147,42.29387,0
            -75.39152,42.29385,0
            -75.39164,42.29382,0
            -75.39181,42.29379,0
            -75.39195,42.29375,0
            -75.39264,42.2936,0
            -75.39278,42.29358,0
            -75.39307,42.29352,0
            -75.39336,42.29348,0
            -75.39351,42.29345,0
            -75.39409,42.29337,0
            -75.39423,42.29336,0
            -75.39452,42.29332,0
            -75.39467,42.29331,0
            -75.39482,42.29329,0
            -75.39598,42.29321,0
            -75.39613,42.29321,0
            -75.39628,42.2932,0
            -75.39642,42.2932,0
            -75.39657,42.29319,0
            -75.39731,42.29319,0
            -75.39745,42.2932,0
            -75.39761,42.2932,0
            -75.39776,42.29321,0
            -75.39791,42.29321,0
            -75.39806,42.29322,0
            -75.3982,42.29322,0
            -75.40107,42.29341,0
            -75.40112,42.29341,0
            -75.40542,42.2937,0
            -75.40556,42.2937,0
            -75.40599,42.29373,0
            -75.40612,42.29373,0
            -75.40659,42.29376,0
            -75.40673,42.29376,0
            -75.40733,42.29379,0
            -75.40762,42.29379,0
            -75.40777,42.2938,0
            -75.40822,42.2938,0
            -75.40835,42.29381,0
            -75.40983,42.29381,0
            -75.40998,42.2938,0
            -75.41027,42.2938,0
            -75.41042,42.29379,0
            -75.41071,42.29379,0
            -75.41153,42.29376,0
            -75.41321,42.29366,0
            -75.41336,42.29364,0
            -75.41405,42.29359,0
            -75.4141,42.29358,0
            -75.41432,42.29356,0
            -75.4144,42.29356,0
            -75.41454,42.29354,0
            -75.41468,42.29353,0
            -75.41483,42.29351,0
            -75.41499,42.2935,0
            -75.41528,42.29347,0
            -75.41557,42.29343,0
            -75.41572,42.29342,0
            -75.41616,42.29336,0
            -75.4163,42.29335,0
            -75.4165,42.29332,0
            -75.41651,42.29332,0
            -75.4176,42.29317,0
            -75.41775,42.29314,0
            -75.41818,42.29308,0
            -75.41832,42.29305,0
            -75.41848,42.29303,0
            -75.41862,42.293,0
            -75.41876,42.29298,0
            -75.41889,42.29295,0
            -75.41904,42.29293,0
            -75.41918,42.2929,0
            -75.41932,42.29288,0
            -75.41991,42.29277,0
            -75.42004,42.29274,0
            -75.42019,42.29272,0
            -75.42047,42.29266,0
            -75.42061,42.29264,0
            -75.4209,42.29258,0
            -75.42104,42.29256,0
            -75.42169,42.29243,0
            -75.42177,42.29242,0
            -75.42291,42.2922,0
            -75.42306,42.29218,0
            -75.42335,42.29212,0
            -75.42349,42.2921,0
            -75.42393,42.29201,0
            -75.42407,42.29199,0
            -75.42435,42.29193,0
            -75.42448,42.29191,0
            -75.42492,42.29182,0
            -75.42506,42.2918,0
            -75.42535,42.29174,0
            -75.42549,42.29172,0
            -75.42593,42.29163,0
            -75.42607,42.29161,0
            -75.42621,42.29158,0
            -75.42636,42.29156,0
            -75.42664,42.2915,0
            -75.42671,42.29149,0
            -75.42679,42.29147,0
            -75.42692,42.29145,0
            -75.42722,42.29139,0
            -75.42735,42.29137,0
            -75.42764,42.29131,0
            -75.42778,42.29129,0
            -75.42807,42.29123,0
            -75.42821,42.29121,0
            -75.4285,42.29115,0
            -75.42865,42.29113,0
            -75.42893,42.29107,0
            -75.42907,42.29105,0
            -75.42936,42.29099,0
            -75.4295,42.29097,0
            -75.42994,42.29088,0
            -75.43007,42.29086,0
            -75.43035,42.2908,0
            -75.4305,42.29078,0
            -75.4308,42.29072,0
            -75.43093,42.2907,0
            -75.43121,42.29064,0
            -75.43136,42.29062,0
            -75.43164,42.29056,0
            -75.4319,42.29052,0
            -75.43192,42.29051,0
            -75.43207,42.29049,0
            -75.43221,42.29046,0
            -75.4325,42.29042,0
            -75.43266,42.29039,0
            -75.43352,42.29027,0
            -75.43367,42.29026,0
            -75.43395,42.29022,0
            -75.43401,42.29022,0
            -75.43424,42.29019,0
            -75.43447,42.29017,0
            -75.43455,42.29017,0
            -75.43469,42.29016,0
            -75.43482,42.29014,0
            -75.43512,42.29012,0
            -75.43527,42.29012,0
            -75.43571,42.29009,0
            -75.43586,42.29009,0
            -75.436,42.29008,0
            -75.43615,42.29008,0
            -75.4363,42.29007,0
            -75.43748,42.29007,0
            -75.43762,42.29008,0
            -75.43792,42.29008,0
            -75.43822,42.2901,0
            -75.43836,42.2901,0
            -75.43954,42.29018,0
            -75.43968,42.2902,0
            -75.43983,42.29021,0
            -75.44013,42.29025,0
            -75.44027,42.29026,0
            -75.44144,42.29042,0
            -75.44158,42.29045,0
            -75.44201,42.29052,0
            -75.44228,42.29058,0
            -75.44243,42.2906,0
            -75.443,42.29072,0
            -75.44314,42.29076,0
            -75.44356,42.29085,0
            -75.44482,42.29117,0
            -75.44496,42.2912,0
            -75.44566,42.29138,0
            -75.44567,42.29138,0
            -75.4458,42.29141,0
            -75.44593,42.29145,0
            -75.44607,42.29148,0
            -75.44621,42.29152,0
            -75.44635,42.29155,0
            -75.44664,42.29163,0
            -75.44692,42.29169,0
            -75.44706,42.29173,0
            -75.4472,42.29176,0
            -75.44748,42.29184,0
            -75.44776,42.2919,0
            -75.44797,42.29196,0
            -75.44803,42.29197,0
            -75.4482,42.29202,0
            -75.44846,42.29208,0
            -75.44859,42.29212,0
            -75.44873,42.29215,0
            -75.44887,42.29219,0
            -75.44901,42.29222,0
            -75.44915,42.29226,0
            -75.4493,42.29229,0
            -75.44971,42.2924,0
            -75.44998,42.29246,0
            -75.45027,42.29254,0
            -75.45041,42.29257,0
            -75.45083,42.29268,0
            -75.45097,42.29271,0
            -75.45119,42.29277,0
            -75.45125,42.29278,0
            -75.45139,42.29282,0
            -75.45153,42.29285,0
            -75.45167,42.29289,0
            -75.45181,42.29292,0
            -75.45195,42.29296,0
            -75.45208,42.29299,0
            -75.45222,42.29303,0
            -75.45237,42.29306,0
            -75.4525,42.2931,0
            -75.45264,42.29313,0
            -75.45282,42.29318,0
            -75.45357,42.29336,0
            -75.45366,42.29339,0
            -75.4538,42.29342,0
            -75.45554,42.29386,0
            -75.45564,42.29388,0
            -75.45565,42.29389,0
            -75.45581,42.29393,0
            -75.45596,42.29396,0
            -75.45721,42.29427,0
            -75.45841,42.2945,0
            -75.45894,42.29457,0
            -75.45909,42.29458,0
            -75.45923,42.2946,0
            -75.45938,42.29461,0
            -75.45953,42.29463,0
            -75.46012,42.29467,0
            -75.46027,42.29467,0
            -75.46042,42.29468,0
            -75.46073,42.29468,0
            -75.46088,42.29469,0
            -75.46119,42.29469,0
            -75.46134,42.29468,0
            -75.46149,42.29468,0
            -75.46162,42.29467,0
            -75.46177,42.29467,0
            -75.46251,42.29462,0
            -75.46267,42.2946,0
            -75.46282,42.29459,0
            -75.46369,42.29447,0
            -75.46414,42.29439,0
            -75.46475,42.29426,0
            -75.46524,42.29414,0
            -75.46597,42.29393,0
            -75.4661,42.29388,0
            -75.46612,42.29388,0
            -75.46671,42.29367,0
            -75.46689,42.29366,0
            -75.46709,42.2936,0
            -75.46788,42.29333,0
            -75.468,42.29328,0
            -75.46815,42.29323,0
            -75.46845,42.29311,0
            -75.46853,42.29307,0
            -75.46875,42.29299,0
            -75.4688,42.29296,0
            -75.46923,42.29277,0
            -75.46936,42.2927,0
            -75.46943,42.29267,0
            -75.47012,42.2923,0
            -75.47057,42.29203,0
            -75.47074,42.29192,0
            -75.47086,42.29185,0
            -75.47096,42.29177,0
            -75.47112,42.29167,0
            -75.47189,42.29109,0
            -75.47193,42.29105,0
            -75.47196,42.29103,0
            -75.47207,42.29093,0
            -75.47209,42.29092,0
            -75.4724,42.29065,0
            -75.47241,42.29065,0
            -75.47257,42.29053,0
            -75.47274,42.29038,0
            -75.47328,42.28994,0
            -75.47342,42.28984,0
            -75.47429,42.29043,0
            -75.47429,42.29044,0
            -75.47431,42.29046,0
            -75.47434,42.2905,0
            -75.47435,42.29052,0
            -75.47439,42.29056,0
            -75.4744,42.29059,0
            -75.47442,42.29063,0
            -75.47444,42.29066,0
            -75.47445,42.29069,0
            -75.47444,42.2907,0
            -75.47444,42.29076,0
            -75.47445,42.29077,0
            -75.47445,42.29078,0
            -75.47446,42.29079,0
            -75.47446,42.2908,0
            -75.47449,42.29083,0
            -75.4745,42.29083,0
            -75.47453,42.29086,0
            -75.47454,42.29086,0
            -75.47455,42.29087,0
            -75.47457,42.29087,0
            -75.47458,42.29088,0
            -75.47464,42.29088,0
            -75.47465,42.29089,0
            -75.47467,42.29088,0
            -75.4747,42.29088,0
            -75.47499,42.29094,0
            -75.47505,42.29096,0
            -75.47556,42.29127,0
            -75.47783,42.29257,0
            -75.47929,42.29345,0
            -75.47933,42.2935,0
            -75.47936,42.29357,0
            -75.47942,42.29364,0
            -75.47948,42.29369,0
            -75.47986,42.2939,0
            -75.48037,42.29415,0
            -75.48247,42.29525,0
            -75.48312,42.29557,0
            -75.48342,42.2957,0
            -75.48397,42.29596,0
            -75.48423,42.29607,0
            -75.48436,42.29614,0
            -75.48457,42.29623,0
            -75.48462,42.29626,0
            -75.48467,42.29628,0
            -75.48676,42.29729,0
            -75.4868,42.29732,0
            -75.48706,42.29747,0
            -75.48809,42.29822,0
            -75.48947,42.29926,0
            -75.49004,42.29967,0
            -75.4902,42.29977,0
            -75.4903,42.29984,0
            -75.49036,42.29987,0
            -75.49036,42.29988,0
            -75.49075,42.30009,0
            -75.49098,42.30018,0
            -75.49102,42.3002,0
            -75.49107,42.30022,0
            -75.49132,42.3003,0
            -75.49163,42.30037,0
            -75.49193,42.30042,0
            -75.49221,42.30045,0
            -75.49229,42.30045,0
            -75.49302,42.30051,0
            -75.49312,42.30051,0
            -75.49326,42.30052,0
            -75.49331,42.30053,0
            -75.49399,42.30057,0
            -75.49464,42.30064,0
            -75.49469,42.30064,0
            -75.49487,42.30068,0
            -75.49513,42.30072,0
            -75.49566,42.30088,0
            -75.49578,42.30093,0
            -75.49587,42.30096,0
            -75.49599,42.30102,0
            -75.49613,42.30107,0
            -75.4965,42.30124,0
            -75.49701,42.30144,0
            -75.49706,42.30145,0
            -75.49741,42.30155,0
            -75.49892,42.30186,0
            -75.49916,42.3019,0
            -75.50032,42.30215,0
            -75.5022,42.30259,0
            -75.50265,42.30268,0
            -75.50296,42.30273,0
            -75.50341,42.30277,0
            -75.50458,42.30281,0
            -75.50462,42.30282,0
            -75.50506,42.30287,0
            -75.50521,42.3029,0
            -75.50547,42.30297,0
            -75.50566,42.30303,0
            -75.50586,42.30311,0
            -75.5061,42.30322,0
            -75.50635,42.30337,0
            -75.50651,42.3035,0
            -75.50678,42.3037,0
            -75.50747,42.30424,0
            -75.50781,42.30447,0
            -75.50816,42.30465,0
            -75.50837,42.30474,0
            -75.50863,42.30483,0
            -75.50891,42.30489,0
            -75.50916,42.30493,0
            -75.51088,42.30505,0
            -75.51123,42.30511,0
            -75.51132,42.30512,0
            -75.5116,42.30518,0
            -75.51193,42.30528,0
            -75.51229,42.30542,0
            -75.51255,42.30555,0
            -75.51308,42.30586,0
            -75.51415,42.3066,0
            -75.51424,42.30667,0
            -75.51472,42.30697,0
            -75.51514,42.30719,0
            -75.51557,42.30735,0
            -75.51559,42.30735,0
            -75.51575,42.3074,0
            -75.51592,42.30744,0
            -75.51608,42.30747,0
            -75.5161,42.30748,0
            -75.51651,42.30753,0
            -75.51682,42.30758,0
            -75.51823,42.30775,0
            -75.52462,42.30868,0
            -75.5251,42.30873,0
            -75.5253,42.30876,0
            -75.52599,42.3088,0
            -75.52688,42.30882,0
            -75.52777,42.30878,0
            -75.52931,42.30866,0
            -75.52994,42.30865,0
            -75.53034,42.30869,0
            -75.53058,42.30874,0
            -75.5309,42.30883,0
            -75.53148,42.30907,0
            -75.53191,42.30942,0
            -75.53214,42.30965,0
            -75.53223,42.30976,0
            -75.53235,42.30993,0
            -75.53282,42.31066,0
            -75.53288,42.31074,0
            -75.53337,42.31149,0
            -75.53385,42.3121,0
            -75.53414,42.31242,0
            -75.53419,42.31246,0
            -75.53432,42.31259,0
            -75.53457,42.31282,0
            -75.53482,42.31301,0
            -75.5349,42.31306,0
            -75.53501,42.31312,0
            -75.53503,42.31314,0
            -75.53512,42.31319,0
            -75.53543,42.31334,0
            -75.53558,42.31339,0
            -75.5357,42.31344,0
            -75.53594,42.31352,0
            -75.53648,42.31365,0
            -75.53655,42.31366,0
            -75.53663,42.31368,0
            -75.53678,42.3137,0
            -75.53695,42.31371,0
            -75.53703,42.31372,0
            -75.53736,42.31373,0
            -75.53971,42.31371,0
            -75.54117,42.31374,0
            -75.54325,42.31382,0
            -75.54415,42.31383,0
            -75.54739,42.31379,0
            -75.54754,42.31378,0
            -75.54836,42.31379,0
            -75.54848,42.3138,0
            -75.5486,42.31382,0
            -75.54864,42.31382,0
            -75.5488,42.31384,0
            -75.54906,42.3139,0
            -75.54907,42.3139,0
            -75.54948,42.31401,0
            -75.5502,42.31424,0
            -75.55027,42.31427,0
            -75.55053,42.31436,0
            -75.55082,42.31448,0
            -75.55102,42.31458,0
            -75.55105,42.31459,0
            -75.55113,42.31464,0
            -75.55124,42.3147,0
            -75.55125,42.31471,0
            -75.55151,42.31489,0
            -75.55371,42.31658,0
            -75.55379,42.31663,0
            -75.5541,42.31685,0
            -75.55423,42.31693,0
            -75.55464,42.31714,0
            -75.55508,42.31734,0
            -75.55548,42.31749,0
            -75.55585,42.3176,0
            -75.55642,42.31775,0
            -75.56003,42.31854,0
            -75.56047,42.31865,0
            -75.56061,42.3187,0
            -75.5607,42.31872,0
            -75.5608,42.31875,0
            -75.56124,42.31894,0
            -75.56211,42.31942,0
            -75.56212,42.31942,0
            -75.56241,42.31957,0
            -75.56252,42.31961,0
            -75.56256,42.31963,0
            -75.56267,42.31967,0
            -75.56274,42.31969,0
            -75.56291,42.31975,0
            -75.5633,42.31983,0
            -75.56409,42.31992,0
            -75.56416,42.31992,0
            -75.56488,42.31997,0
            -75.56569,42.31998,0
            -75.56623,42.31995,0
            -75.56703,42.31988,0
            -75.56706,42.31987,0
            -75.56748,42.31983,0
            -75.56827,42.31973,0
            -75.56851,42.31971,0
            -75.56995,42.31953,0
            -75.57019,42.31951,0
            -75.57368,42.3191,0
            -75.57403,42.31904,0
            -75.57428,42.31901,0
            -75.57567,42.31879,0
            -75.57569,42.31878,0
            -75.57719,42.31854,0
            -75.5773,42.31851,0
            -75.57741,42.31849,0
            -75.57765,42.31842,0
            -75.578,42.3183,0
            -75.57826,42.31819,0
            -75.57839,42.31812,0
            -75.57858,42.318,0
            -75.57868,42.31795,0
            -75.57872,42.31792,0
            -75.57894,42.31778,0
            -75.57922,42.31758,0
            -75.57927,42.31755,0
            -75.57975,42.31721,0
            -75.57984,42.31714,0
            -75.58028,42.31685,0
            -75.5805,42.31672,0
            -75.58074,42.31659,0
            -75.58094,42.3165,0
            -75.5812,42.31641,0
            -75.58134,42.31637,0
            -75.58231,42.31616,0
            -75.58242,42.31613,0
            -75.58311,42.316,0
            -75.58349,42.31594,0
            -75.58353,42.31593,0
            -75.58377,42.31589,0
            -75.58773,42.31538,0
            -75.58947,42.31511,0
            -75.58949,42.3151,0
            -75.58971,42.31506,0
            -75.58972,42.31506,0
            -75.59067,42.31489,0
            -75.59068,42.31489,0
            -75.59231,42.3146,0
            -75.59233,42.3146,0
            -75.59372,42.31434,0
            -75.59374,42.31434,0
            -75.59392,42.3143,0
            -75.59421,42.31425,0
            -75.59537,42.31401,0
            -75.59539,42.31401,0
            -75.59608,42.31386,0
            -75.59609,42.31386,0
            -75.59672,42.31374,0
            -75.59679,42.31372,0
            -75.59703,42.31368,0
            -75.59714,42.31365,0
            -75.59737,42.31361,0
            -75.59739,42.31361,0
            -75.5975,42.31359,0
            -75.59752,42.31359,0
            -75.59822,42.31352,0
            -75.5992,42.31352,0
            -75.59946,42.31353,0
            -75.60078,42.31354,0
            -75.6009,42.31355,0
            -75.60251,42.31357,0
            -75.60257,42.31358,0
            -75.60299,42.31358,0
            -75.60371,42.31361,0
            -75.60442,42.31362,0
            -75.60452,42.31363,0
            -75.60819,42.31366,0
            -75.60941,42.31364,0
            -75.61057,42.31359,0
            -75.61062,42.31358,0
            -75.61184,42.31353,0
            -75.61232,42.31353,0
            -75.61264,42.31352,0
            -75.61576,42.31354,0
            -75.61597,42.31353,0
            -75.62113,42.31351,0
            -75.62157,42.31352,0
            -75.62188,42.31354,0
            -75.62199,42.31354,0
            -75.62218,42.31356,0
            -75.62243,42.31357,0
            -75.62278,42.3136,0
            -75.62285,42.3136,0
            -75.62361,42.31368,0
            -75.62373,42.3137,0
            -75.62513,42.31386,0
            -75.62518,42.31387,0
            -75.62686,42.31407,0
            -75.62689,42.31407,0
            -75.62825,42.31424,0
            -75.6283,42.31424,0
            -75.62833,42.31425,0
            -75.62851,42.31427,0
            -75.62854,42.31428,0
            -75.62875,42.3143,0
            -75.62898,42.31434,0
            -75.62902,42.31434,0
            -75.62918,42.31437,0
            -75.62926,42.31438,0
            -75.62928,42.31438,0
            -75.6295,42.31442,0
            -75.62953,42.31443,0
            -75.62968,42.31445,0
            -75.62976,42.31447,0
            -75.6298,42.31447,0
            -75.62995,42.3145,0
            -75.62997,42.3145,0
            -75.63021,42.31455,0
            -75.63023,42.31455,0
            -75.63044,42.31459,0
            -75.63047,42.3146,0
            -75.63068,42.31464,0
            -75.63071,42.31465,0
            -75.63093,42.31469,0
            -75.63253,42.31505,0
            -75.63256,42.31505,0
            -75.63359,42.31528,0
            -75.6336,42.31529,0
            -75.63406,42.31539,0
            -75.63407,42.31539,0
            -75.63424,42.31543,0
            -75.6343,42.31544,0
            -75.63441,42.31547,0
            -75.63453,42.31549,0
            -75.63465,42.31552,0
            -75.63487,42.31556,0
            -75.63499,42.31559,0
            -75.6355,42.31568,0
            -75.63617,42.31577,0
            -75.63619,42.31577,0
            -75.63956,42.31616,0
            -75.6396,42.31617,0
            -75.63982,42.31619,0
            -75.63984,42.3162,0
            -75.64102,42.31633,0
            -75.64105,42.31634,0
            -75.64113,42.31635,0
            -75.64129,42.31636,0
            -75.64556,42.31687,0
            -75.64568,42.31689,0
            -75.64592,42.31691,0
            -75.64664,42.317,0
            -75.64687,42.31702,0
            -75.64702,42.31704,0
            -75.64708,42.31704,0
            -75.6473,42.31707,0
            -75.64919,42.31723,0
            -75.64943,42.31724,0
            -75.64968,42.31726,0
            -75.64982,42.31726,0
            -75.65039,42.3173,0
            -75.65053,42.3173,0
            -75.6506,42.31731,0
            -75.65065,42.31731,0
            -75.65077,42.31732,0
            -75.65193,42.31735,0
            -75.65197,42.31736,0
            -75.65222,42.31736,0
            -75.65245,42.31737,0
            -75.65378,42.31737,0
            -75.65408,42.31736,0
            -75.65456,42.31736,0
            -75.65557,42.31732,0
            -75.65565,42.31731,0
            -75.65606,42.3173,0
            -75.66334,42.31692,0
            -75.66358,42.3169,0
            -75.66429,42.31687,0
            -75.66462,42.31687,0
            -75.66505,42.3169,0
            -75.66528,42.31693,0
            -75.66545,42.31696,0
            -75.66563,42.317,0
            -75.66575,42.31702,0
            -75.66581,42.31704,0
            -75.66611,42.31711,0
            -75.66915,42.31791,0
            -75.6692,42.31792,0
            -75.66938,42.31797,0
            -75.66943,42.31798,0
            -75.66961,42.31803,0
            -75.66966,42.31804,0
            -75.66984,42.31809,0
            -75.66989,42.3181,0
            -75.67007,42.31815,0
            -75.67012,42.31816,0
            -75.67056,42.31828,0
            -75.67058,42.31828,0
            -75.67299,42.31891,0
            -75.67308,42.31894,0
            -75.6731,42.31894,0
            -75.67368,42.31909,0
            -75.67373,42.31911,0
            -75.67374,42.31911,0
            -75.67379,42.31912,0
            -75.67422,42.31924,0
            -75.67431,42.31926,0
            -75.6744,42.31929,0
            -75.67442,42.31929,0
            -75.67455,42.31934,0
            -75.67465,42.31937,0
            -75.67473,42.3194,0
            -75.67486,42.31944,0
            -75.67518,42.31958,0
            -75.67528,42.31963,0
            -75.67533,42.31966,0
            -75.67545,42.31972,0
            -75.67548,42.31974,0
            -75.67563,42.31982,0
            -75.67608,42.32014,0
            -75.67657,42.32057,0
            -75.67665,42.32065,0
            -75.6768,42.32077,0
            -75.67694,42.3209,0
            -75.67715,42.32106,0
            -75.67723,42.32111,0
            -75.67733,42.32119,0
            -75.67743,42.32126,0
            -75.67751,42.3213,0
            -75.67768,42.32141,0
            -75.67769,42.32141,0
            -75.67799,42.32157,0
            -75.67837,42.32175,0
            -75.67861,42.32185,0
            -75.6787,42.3219,0
            -75.67906,42.32205,0
            -75.67912,42.32208,0
            -75.67948,42.32223,0
            -75.67954,42.32226,0
            -75.68018,42.32253,0
            -75.68039,42.32261,0
            -75.68046,42.32263,0
            -75.68066,42.32271,0
            -75.68074,42.32273,0
            -75.68109,42.32284,0
            -75.68128,42.32289,0
            -75.68129,42.32289,0
            -75.68152,42.32295,0
            -75.68202,42.32305,0
            -75.68219,42.32307,0
            -75.68222,42.32308,0
            -75.68247,42.32312,0
            -75.68262,42.32313,0
            -75.68286,42.32316,0
            -75.68343,42.32319,0
            -75.68401,42.32319,0
            -75.68444,42.32317,0
            -75.68464,42.32315,0
            -75.6847,42.32314,0
            -75.68488,42.32313,0
            -75.68489,42.32312,0
            -75.68504,42.32311,0
            -75.68512,42.32309,0
            -75.68515,42.32309,0
            -75.68536,42.32306,0
            -75.68542,42.32304,0
            -75.68562,42.32301,0
            -75.6858,42.32297,0
            -75.68583,42.32297,0
            -75.68962,42.32216,0
            -75.69086,42.32194,0
            -75.69135,42.32187,0
            -75.69225,42.32177,0
            -75.69317,42.32171,0
            -75.69514,42.32164,0
            -75.69542,42.32164,0
            -75.69593,42.32162,0
            -75.69679,42.32152,0
            -75.69682,42.32152,0
            -75.69751,42.32136,0
            -75.69785,42.32127,0
            -75.6981,42.32118,0
            -75.69967,42.32069,0
            -75.69968,42.32068,0
            -75.69989,42.32062,0
            -75.6999,42.32062,0
            -75.70012,42.32056,0
            -75.70013,42.32056,0
            -75.70033,42.3205,0
            -75.70035,42.3205,0
            -75.70052,42.32045,0
            -75.70105,42.32034,0
            -75.70176,42.32023,0
            -75.70181,42.32023,0
            -75.70248,42.32015,0
            -75.70321,42.32012,0
            -75.70598,42.32013,0
            -75.70613,42.32014,0
            -75.70731,42.32014,0
            -75.70759,42.32015,0
            -75.70851,42.32015,0
            -75.7092,42.32012,0
            -75.70962,42.32008,0
            -75.71013,42.32001,0
            -75.7103,42.31998,0
            -75.71089,42.31985,0
            -75.71215,42.31952,0
            -75.71242,42.31947,0
            -75.71244,42.31947,0
            -75.71248,42.31946,0
            -75.71285,42.3194,0
            -75.71338,42.31935,0
            -75.7135,42.31933,0
            -75.71386,42.31931,0
            -75.71389,42.3193,0
            -75.7141,42.31929,0
            -75.71429,42.31927,0
            -75.71544,42.3192,0
            -75.71672,42.31919,0
            -75.71761,42.31923,0
            -75.71781,42.31925,0
            -75.71802,42.31926,0
            -75.71985,42.31946,0
            -75.72107,42.31957,0
            -75.72139,42.31958,0
            -75.72169,42.3196,0
            -75.72189,42.3196,0
            -75.72214,42.31961,0
            -75.72301,42.3196,0
            -75.72392,42.31955,0
            -75.72398,42.31954,0
            -75.72458,42.31949,0
            -75.72536,42.31939,0
            -75.7317,42.31847,0
            -75.73253,42.31838,0
            -75.73258,42.31837,0
            -75.73277,42.31835,0
            -75.73307,42.31834,0
            -75.73335,42.31832,0
            -75.73421,42.31832,0
            -75.73434,42.31833,0
            -75.73451,42.31833,0
            -75.73472,42.31834,0
            -75.73496,42.31834,0
            -75.73632,42.3184,0
            -75.73656,42.31842,0
            -75.73694,42.31848,0
            -75.73721,42.31854,0
            -75.73756,42.31864,0
            -75.73793,42.3188,0
            -75.73807,42.31887,0
            -75.73839,42.31905,0
            -75.7384,42.31906,0
            -75.73895,42.31939,0
            -75.73926,42.31956,0
            -75.73956,42.31969,0
            -75.73957,42.3197,0
            -75.73971,42.31975,0
            -75.74012,42.31987,0
            -75.74033,42.31991,0
            -75.74087,42.31999,0
            -75.74298,42.32022,0
            -75.74304,42.32023,0
            -75.74321,42.32024,0
            -75.74322,42.32025,0
            -75.74537,42.32048,0
            -75.74539,42.32048,0
            -75.74587,42.32054,0
            -75.74611,42.32056,0
            -75.74617,42.32057,0
            -75.74658,42.32061,0
            -75.7468,42.32064,0
            -75.74682,42.32064,0
            -75.74728,42.3207,0
            -75.7474,42.32071,0
            -75.74766,42.32076,0
            -75.74797,42.32084,0
            -75.7481,42.32088,0
            -75.74812,42.32088,0
            -75.74814,42.32089,0
            -75.7483,42.32095,0
            -75.74834,42.32096,0
            -75.74845,42.32101,0
            -75.74858,42.32106,0
            -75.74866,42.32111,0
            -75.74874,42.32114,0
            -75.74878,42.32117,0
            -75.74887,42.32122,0
            -75.74901,42.32131,0
            -75.74919,42.32144,0
            -75.74929,42.32152,0
            -75.74946,42.32169,0
            -75.74952,42.32176,0
            -75.74954,42.32179,0
            -75.74959,42.32185,0
            -75.7497,42.322,0
            -75.74978,42.32214,0
            -75.74984,42.32223,0
            -75.74996,42.32251,0
            -75.74998,42.32259,0
            -75.75001,42.32268,0
            -75.75008,42.32303,0
            -75.7501,42.32317,0
            -75.75011,42.32321,0
            -75.75012,42.32329,0
            -75.75012,42.32336,0
            -75.75013,42.32342,0
            -75.75013,42.32357,0
            -75.75014,42.32375,0
            -75.75014,42.32388,0
            -75.75016,42.32411,0
            -75.75019,42.32429,0
            -75.75023,42.32447,0
            -75.75025,42.32454,0
            -75.75028,42.3246,0
            -75.75031,42.32468,0
            -75.75037,42.3248,0
            -75.75046,42.32493,0
            -75.75055,42.32504,0
            -75.75068,42.32522,0
            -75.75073,42.32527,0
            -75.75084,42.32536,0
            -75.75088,42.3254,0
            -75.75089,42.3254,0
            -75.75104,42.32552,0
            -75.75106,42.32553,0
            -75.75116,42.3256,0
            -75.7514,42.32574,0
            -75.75152,42.3258,0
            -75.75165,42.32585,0
            -75.75173,42.32589,0
            -75.75191,42.32596,0
            -75.75199,42.32598,0
            -75.75211,42.32602,0
            -75.75231,42.32607,0
            -75.75255,42.32611,0
            -75.75257,42.32611,0
            -75.75279,42.32614,0
            -75.75285,42.32614,0
            -75.75298,42.32615,0
            -75.7532,42.32615,0
            -75.75331,42.32614,0
            -75.75344,42.32614,0
            -75.75355,42.32613,0
            -75.75366,42.32611,0
            -75.75371,42.32611,0
            -75.75375,42.3261,0
            -75.75389,42.32608,0
            -75.75402,42.32605,0
            -75.75417,42.32603,0
            -75.75517,42.32583,0
            -75.75526,42.32582,0
            -75.75541,42.32579,0
            -75.75543,42.32579,0
            -75.7556,42.32576,0
            -75.75565,42.32576,0
            -75.75569,42.32575,0
            -75.75589,42.32573,0
            -75.75644,42.32573,0
            -75.75659,42.32575,0
            -75.75686,42.32577,0
            -75.75921,42.32607,0
            -75.75926,42.32607,0
            -75.76068,42.32625,0
            -75.7607,42.32625,0
            -75.76147,42.32636,0
            -75.76219,42.32644,0
            -75.76268,42.32644,0
            -75.76334,42.32641,0
            -75.7635,42.32641,0
            -75.76393,42.32644,0
            -75.76415,42.32647,0
            -75.76438,42.32652,0
            -75.76439,42.32652,0
            -75.7646,42.32658,0
            -75.76489,42.32668,0
            -75.7651,42.32677,0
            -75.76521,42.32683,0
            -75.76524,42.32684,0
            -75.76678,42.32767,0
            -75.76681,42.32769,0
            -75.76794,42.3283,0
            -75.76814,42.32842,0
            -75.76826,42.32848,0
            -75.76838,42.32855,0
            -75.76868,42.32879,0
            -75.76902,42.32899,0
            -75.77112,42.33012,0
            -75.77139,42.33024,0
            -75.77141,42.33024,0
            -75.77149,42.33025,0
            -75.77277,42.33097,0
            -75.77326,42.33123,0
            -75.77363,42.33147,0
            -75.77381,42.33161,0
            -75.77413,42.33194,0
            -75.77458,42.33261,0
            -75.77469,42.33276,0
            -75.7748,42.33293,0
            -75.77482,42.33297,0
            -75.77483,42.33298,0
            -75.77621,42.33499,0
            -75.7763,42.3351,0
            -75.77637,42.33517,0
            -75.77641,42.33522,0
            -75.77658,42.33539,0
            -75.77665,42.33545,0
            -75.7767,42.3355,0
            -75.77699,42.33572,0
            -75.77735,42.33595,0
            -75.77736,42.33596,0
            -75.7776,42.33609,0
            -75.77784,42.3362,0
            -75.77805,42.33628,0
            -75.77844,42.3364,0
            -75.77895,42.33652,0
            -75.78001,42.33673,0
            -75.78139,42.33703,0
            -75.78257,42.33726,0
            -75.78382,42.33754,0
            -75.78419,42.33764,0
            -75.7843,42.33766,0
            -75.78594,42.33811,0
            -75.78616,42.33818,0
            -75.78798,42.33869,0
            -75.78799,42.33869,0
            -75.78852,42.33885,0
            -75.78866,42.3389,0
            -75.7887,42.33891,0
            -75.78915,42.33907,0
            -75.78952,42.33922,0
            -75.78956,42.33924,0
            -75.78969,42.33929,0
            -75.78973,42.33931,0
            -75.78981,42.33934,0
            -75.78994,42.3394,0
            -75.79007,42.33947,0
            -75.79015,42.3395,0
            -75.79031,42.33959,0
            -75.79035,42.3396,0
            -75.79074,42.33981,0
            -75.79075,42.33982,0
            -75.79093,42.33993,0
            -75.79106,42.34,0
            -75.79134,42.34017,0
            -75.79148,42.34027,0
            -75.79149,42.34027,0
            -75.79158,42.34033,0
            -75.79167,42.3404,0
            -75.79169,42.34042,0
            -75.79199,42.34064,0
            -75.79244,42.34101,0
            -75.79365,42.3421,0
            -75.79452,42.34285,0
            -75.79456,42.34289,0
            -75.79468,42.34299,0
            -75.7947,42.343,0
            -75.79483,42.34311,0
            -75.79485,42.34312,0
            -75.79502,42.34325,0
            -75.79503,42.34325,0
            -75.79535,42.34348,0
            -75.79546,42.34354,0
            -75.79554,42.3436,0
            -75.79586,42.3438,0
            -75.79613,42.34395,0
            -75.79628,42.34402,0
            -75.79633,42.34405,0
            -75.79634,42.34406,0
            -75.79648,42.34413,0
            -75.79695,42.34434,0
            -75.79701,42.34436,0
            -75.79716,42.34443,0
            -75.79717,42.34443,0
            -75.79725,42.34447,0
            -75.79737,42.34452,0
            -75.79794,42.34473,0
            -75.79802,42.34475,0
            -75.79815,42.3448,0
            -75.80077,42.34569,0
            -75.80085,42.34573,0
            -75.8011,42.34582,0
            -75.80141,42.34595,0
            -75.80143,42.34595,0
            -75.80157,42.34601,0
            -75.80203,42.34623,0
            -75.80248,42.34647,0
            -75.80299,42.34677,0
            -75.80392,42.34737,0
            -75.80393,42.34738,0
            -75.80429,42.3476,0
            -75.80447,42.34772,0
            -75.80455,42.34776,0
            -75.8055,42.34839,0
            -75.80593,42.34865,0
            -75.80626,42.34882,0
            -75.80654,42.34895,0
            -75.80656,42.34895,0
            -75.80682,42.34906,0
            -75.80721,42.34919,0
            -75.80742,42.34925,0
            -75.80744,42.34925,0
            -75.80749,42.34926,0
            -75.80767,42.34931,0
            -75.80809,42.34939,0
            -75.80813,42.34939,0
            -75.80825,42.34941,0
            -75.80838,42.34942,0
            -75.8084,42.34943,0
            -75.80857,42.34944,0
            -75.80875,42.34946,0
            -75.80893,42.34946,0
            -75.80914,42.34947,0
            -75.80982,42.34946,0
            -75.8103,42.34943,0
            -75.812,42.34937,0
            -75.81221,42.34937,0
            -75.81391,42.3493,0
            -75.81405,42.3493,0
            -75.8169,42.34919,0
            -75.8177,42.34918,0
            -75.81784,42.34917,0
            -75.81823,42.34917,0
            -75.8185,42.34918,0
            -75.81881,42.34918,0
            -75.81898,42.34919,0
            -75.81924,42.34919,0
            -75.81976,42.34921,0
            -75.82155,42.34936,0
            -75.82161,42.34937,0
            -75.82596,42.34974,0
            -75.8262,42.34977,0
            -75.82641,42.34978,0
            -75.82741,42.34987,0
            -75.82765,42.3499,0
            -75.82786,42.34991,0
            -75.82789,42.34992,0
            -75.82855,42.34997,0
            -75.82862,42.34997,0
            -75.82869,42.34998,0
            -75.82907,42.35,0
            -75.82959,42.35001,0
            -75.82972,42.35,0
            -75.82986,42.35,0
            -75.83022,42.34998,0
            -75.83056,42.34994,0
            -75.83057,42.34993,0
            -75.83086,42.34989,0
            -75.83127,42.34982,0
            -75.8313,42.34981,0
            -75.8315,42.34977,0
            -75.83157,42.34975,0
            -75.83382,42.34925,0
            -75.83452,42.34907,0
            -75.83459,42.34906,0
            -75.83474,42.34901,0
            -75.83508,42.34892,0
            -75.83588,42.34863,0
            -75.83929,42.34724,0
            -75.83949,42.34717,0
            -75.83956,42.34714,0
            -75.83993,42.34705,0
            -75.83994,42.34704,0
            -75.84002,42.34702,0
            -75.8404,42.34696,0
            -75.84041,42.34695,0
            -75.84396,42.34646,0
            -75.844,42.34646,0
            -75.84448,42.34639,0
            -75.8445,42.34639,0
            -75.84652,42.3461,0
            -75.84724,42.34601,0
            -75.84756,42.34596,0
            -75.84762,42.34596,0
            -75.84772,42.34594,0
            -75.84816,42.34589,0
            -75.8482,42.34588,0
            -75.84847,42.34585,0
            -75.84852,42.34584,0
            -75.84864,42.34583,0
            -75.84868,42.34583,0
            -75.84912,42.34578,0
            -75.84916,42.34577,0
            -75.84924,42.34577,0
            -75.8494,42.34575,0
            -75.84944,42.34574,0
            -75.84972,42.34571,0
            -75.84984,42.34569,0
            -75.84988,42.34569,0
            -75.85043,42.3456,0
            -75.85059,42.34558,0
            -75.85127,42.34546,0
            -75.85131,42.34546,0
            -75.85139,42.34544,0
            -75.8517,42.34539,0
            -75.85178,42.34537,0
            -75.85209,42.34532,0
            -75.8521,42.34532,0
            -75.85256,42.34524,0
            -75.85259,42.34524,0
            -75.8534,42.34509,0
            -75.85343,42.34508,0
            -75.85344,42.34508,0
            -75.85387,42.34501,0
            -75.85395,42.34499,0
            -75.85398,42.34499,0
            -75.8551,42.34479,0
            -75.85512,42.34479,0
            -75.85572,42.3447,0
            -75.85581,42.34468,0
            -75.85745,42.34447,0
            -75.85749,42.34447,0
            -75.85841,42.34435,0
            -75.85845,42.34435,0
            -75.85985,42.34418,0
            -75.85989,42.34417,0
            -75.86121,42.34398,0
            -75.86124,42.34398,0
            -75.86128,42.34397,0
            -75.86132,42.34397,0
            -75.8621,42.34386,0
            -75.86224,42.34385,0
            -75.86228,42.34384,0
            -75.86249,42.34381,0
            -75.86252,42.34381,0
            -75.86296,42.34375,0
            -75.863,42.34375,0
            -75.86324,42.34372,0
            -75.86368,42.34365,0
            -75.86372,42.34365,0
            -75.86504,42.34341,0
            -75.86531,42.34335,0
            -75.86541,42.34332,0
            -75.86561,42.34328,0
            -75.86578,42.34323,0
            -75.86606,42.34317,0
            -75.86649,42.34306,0
            -75.86737,42.3428,0
            -75.86739,42.34279,0
            -75.8676,42.34273,0
            -75.86916,42.34222,0
            -75.86921,42.3422,0
            -75.86938,42.34215,0
            -75.86984,42.34199,0
            -75.87005,42.34193,0
            -75.87021,42.34187,0
            -75.87027,42.34186,0
            -75.87049,42.34179,0
            -75.87072,42.34173,0
            -75.87073,42.34173,0
            -75.87077,42.34172,0
            -75.87077,42.34171,0
            -75.87095,42.34167,0
            -75.87096,42.34167,0
            -75.87123,42.34161,0
            -75.87143,42.34158,0
            -75.87145,42.34158,0
            -75.87148,42.34157,0
            -75.87163,42.34155,0
            -75.87166,42.34154,0
            -75.872,42.3415,0
            -75.87375,42.34136,0
            -75.87384,42.34136,0
            -75.87408,42.34134,0
            -75.87413,42.34133,0
            -75.87433,42.34132,0
            -75.87441,42.34131,0
            -75.87456,42.3413,0
            -75.8748,42.34127,0
            -75.87486,42.34127,0
            -75.87508,42.34124,0
            -75.87521,42.34121,0
            -75.87528,42.3412,0
            -75.87529,42.3412,0
            -75.87534,42.34119,0
            -75.87535,42.34119,0
            -75.87549,42.34116,0
            -75.87552,42.34115,0
            -75.8757,42.34111,0
            -75.87688,42.34077,0
            -75.87689,42.34077,0
            -75.87757,42.34058,0
            -75.87762,42.34057,0
            -75.87848,42.34033,0
            -75.87854,42.34032,0
            -75.8786,42.3403,0
            -75.87904,42.34018,0
            -75.87947,42.34005,0
            -75.88053,42.33976,0
            -75.88135,42.33961,0
            -75.88234,42.33951,0
            -75.88247,42.33949,0
            -75.88279,42.33946,0
            -75.88285,42.33946,0
            -75.88386,42.33934,0
            -75.88876,42.33836,0
            -75.88877,42.33836,0
            -75.89063,42.3381,0
            -75.89093,42.33808,0
            -75.89122,42.33808,0
            -75.89162,42.3381,0
            -75.89193,42.33814,0
            -75.8924,42.33824,0
            -75.89292,42.3384,0
            -75.89293,42.3384,0
            -75.89305,42.33844,0
            -75.89313,42.33848,0
            -75.89319,42.3385,0
            -75.89331,42.33855,0
            -75.89334,42.33857,0
            -75.89393,42.33889,0
            -75.8955,42.33984,0
            -75.89567,42.33993,0
            -75.8958,42.34001,0
            -75.89606,42.34014,0
            -75.89612,42.34018,0
            -75.89646,42.34032,0
            -75.89647,42.34033,0
            -75.89686,42.34049,0
            -75.89756,42.34074,0
            -75.89791,42.34084,0
            -75.89841,42.34096,0
            -75.89848,42.34097,0
            -75.90175,42.34166,0
            -75.90223,42.34174,0
            -75.90295,42.34184,0
            -75.90345,42.34189,0
            -75.90385,42.34191,0
            -75.90391,42.34192,0
            -75.90475,42.34193,0
            -75.90542,42.34191,0
            -75.90601,42.34186,0
            -75.90663,42.34178,0
            -75.90672,42.34176,0
            -75.90719,42.34168,0
            -75.90772,42.34157,0
            -75.90854,42.34138,0
            -75.90896,42.34127,0
            -75.91433,42.33998,0
            -75.91479,42.33989,0
            -75.9148,42.33989,0
            -75.91504,42.33985,0
            -75.91528,42.33982,0
            -75.91552,42.3398,0
            -75.91601,42.3398,0
            -75.91624,42.33981,0
            -75.91673,42.33987,0
            -75.917,42.33992,0
            -75.91713,42.33995,0
            -75.91768,42.34012,0
            -75.91797,42.34023,0
            -75.91799,42.34024,0
            -75.91963,42.34088,0
            -75.9199,42.34097,0
            -75.91994,42.34098,0
            -75.92017,42.34106,0
            -75.92059,42.34118,0
            -75.92138,42.34137,0
            -75.92215,42.3415,0
            -75.92226,42.34151,0
            -75.92247,42.34154,0
            -75.9225,42.34154,0
            -75.92282,42.34158,0
            -75.92298,42.34159,0
            -75.92305,42.3416,0
            -75.92322,42.34161,0
            -75.92329,42.34162,0
            -75.92371,42.34164,0
            -75.92419,42.34164,0
            -75.92434,42.34165,0
            -75.92444,42.34164,0
            -75.92468,42.34164,0
            -75.92492,42.34163,0
            -75.92541,42.34159,0
            -75.92552,42.34159,0
            -75.92565,42.34157,0
            -75.92595,42.34154,0
            -75.92638,42.34148,0
            -75.92715,42.34134,0
            -75.93092,42.3404,0
            -75.93103,42.34038,0
            -75.93149,42.34026,0
            -75.9315,42.34026,0
            -75.93537,42.33933,0
            -75.93575,42.33921,0
            -75.9361,42.33907,0
            -75.93639,42.33893,0
            -75.93667,42.33876,0
            -75.93693,42.33858,0
            -75.93703,42.33849,0
            -75.93734,42.33824,0
            -75.93738,42.3382,0
            -75.93772,42.3379,0
            -75.9378,42.33782,0
            -75.93891,42.33687,0
            -75.93896,42.33682,0
            -75.93964,42.33622,0
            -75.93984,42.33603,0
            -75.93991,42.33597,0
            -75.94029,42.33561,0
            -75.94029,42.3356,0
            -75.94058,42.33532,0
            -75.94073,42.33516,0
            -75.94131,42.33458,0
            -75.94139,42.33449,0
            -75.94144,42.33445,0
            -75.94173,42.33417,0
            -75.94174,42.33417,0
            -75.94204,42.33388,0
            -75.94235,42.33361,0
            -75.9424,42.33356,0
            -75.94286,42.33316,0
            -75.94367,42.3325,0
            -75.94412,42.33207,0
            -75.94421,42.33197,0
            -75.94441,42.33172,0
            -75.9445,42.33159,0
            -75.94457,42.33147,0
            -75.94458,42.33144,0
            -75.94468,42.33128,0
            -75.94477,42.33111,0
            -75.94487,42.33095,0
            -75.94498,42.33079,0
            -75.94499,42.33078,0
            -75.9451,42.33063,0
            -75.94511,42.33063,0
            -75.94519,42.33054,0
            -75.94525,42.33049,0
            -75.94531,42.33042,0
            -75.94539,42.33034,0
            -75.94576,42.33003,0
            -75.94588,42.32994,0
            -75.94589,42.32993,0
            -75.94605,42.32981,0
            -75.94641,42.32957,0
            -75.94645,42.32955,0
            -75.94672,42.32938,0
            -75.94724,42.32913,0
            -75.94741,42.32906,0
            -75.94785,42.32891,0
            -75.94803,42.32887,0
            -75.94808,42.32885,0
            -75.94847,42.32878,0
            -75.9488,42.32874,0
            -75.94895,42.32873,0
            -75.94904,42.32873,0
            -75.94915,42.32872,0
            -75.94953,42.32872,0
            -75.95002,42.32876,0
            -75.95033,42.32881,0
            -75.9506,42.32887,0
            -75.9511,42.32901,0
            -75.95159,42.3292,0
            -75.95167,42.32924,0
            -75.95222,42.32947,0
            -75.95225,42.32949,0
            -75.95232,42.32952,0
            -75.95236,42.32953,0
            -75.95243,42.32956,0
            -75.95258,42.32961,0
            -75.95269,42.32964,0
            -75.9528,42.32968,0
            -75.95287,42.3297,0
            -75.95288,42.3297,0
            -75.95313,42.32976,0
            -75.95345,42.32982,0
            -75.95382,42.32987,0
            -75.95385,42.32987,0
            -75.95394,42.32988,0
            -75.95419,42.32988,0
            -75.95422,42.32989,0
            -75.95425,42.32989,0
            -75.95431,42.32988,0
            -75.95448,42.32988,0
            -75.95486,42.32986,0
            -75.95492,42.32985,0
            -75.95495,42.32985,0
            -75.95564,42.32979,0
            -75.9557,42.32979,0
            -75.95576,42.32978,0
            -75.95597,42.32977,0
            -75.95665,42.32971,0
            -75.95669,42.32971,0
            -75.9593,42.3295,0
            -75.95934,42.32949,0
            -75.95979,42.32946,0
            -75.95983,42.32945,0
            -75.96038,42.32942,0
            -75.96061,42.3294,0
            -75.9614,42.32937,0
            -75.96152,42.32936,0
            -75.96225,42.32936,0
            -75.96247,42.32937,0
            -75.96319,42.32938,0
            -75.96348,42.32937,0
            -75.96405,42.32933,0
            -75.96409,42.32933,0
            -75.96422,42.32931,0
            -75.96424,42.32931,0
            -75.96433,42.3293,0
            -75.96434,42.32929,0
            -75.96446,42.32927,0
            -75.96448,42.32927,0
            -75.96495,42.32921,0
            -75.96511,42.32918,0
            -75.96534,42.32915,0
            -75.96544,42.32915,0
            -75.96549,42.32914,0
            -75.96551,42.32913,0
            -75.96575,42.3291,0
            -75.96697,42.33024,0
            -75.96859,42.33181,0
            -75.97037,42.33345,0
            -75.9706,42.33364,0
            -75.9709,42.33387,0
            -75.97184,42.33467,0
            -75.9724,42.3351,0
            -75.97245,42.33513,0
            -75.9731,42.33559,0
            -75.97432,42.33634,0
            -75.97434,42.33636,0
            -75.97437,42.33637,0
            -75.97442,42.33641,0
            -75.97459,42.3365,0
            -75.97497,42.33673,0
            -75.97531,42.33692,0
            -75.97557,42.33705,0
            -75.97709,42.33775,0
            -75.97751,42.33793,0
            -75.97792,42.33813,0
            -75.978,42.33816,0
            -75.97813,42.33822,0
            -75.97816,42.33824,0
            -75.97906,42.33867,0
            -75.9866,42.34286,0
            -75.9868,42.34296,0
            -75.9877,42.34346,0
            -75.98837,42.34381,0
            -75.98845,42.34384,0
            -75.98878,42.344,0
            -75.98888,42.34404,0
            -75.98949,42.34433,0
            -75.99083,42.34492,0
            -75.99095,42.34498,0
            -75.99345,42.34609,0
            -75.99348,42.3461,0
            -75.99386,42.34628,0
            -75.99407,42.34637,0
            -75.99412,42.3464,0
            -75.99491,42.3468,0
            -75.99496,42.34683,0
            -75.99507,42.34688,0
            -75.99516,42.34693,0
            -75.99531,42.347,0
            -75.99585,42.3473,0
            -75.99586,42.3473,0
            -75.99605,42.34742,0
            -75.99614,42.34747,0
            -75.99615,42.34747,0
            -75.99632,42.34759,0
            -75.9966,42.34777,0
            -75.99674,42.34787,0
            -75.99678,42.34789,0
            -75.99685,42.34795,0
            -75.9969,42.34798,0
            -75.99694,42.34802,0
            -75.99695,42.34802,0
            -75.99733,42.3483,0
            -75.99797,42.3488,0
            -75.99819,42.34895,0
            -75.99867,42.34925,0
            -75.999,42.34941,0
            -75.99914,42.34947,0
            -75.99939,42.34956,0
            -75.99985,42.3497,0
            -76.00094,42.34996,0
            -76.00115,42.35003,0
            -76.00117,42.35003,0
            -76.00143,42.35014,0
            -76.00165,42.35025,0
            -76.0017,42.35028,0
            -76.00221,42.35054,0
            -76.00226,42.35057,0
            -76.00282,42.35085,0
            -76.00285,42.35087,0
            -76.00347,42.35119,0
            -76.00356,42.35123,0
            -76.00658,42.35279,0
            -76.00677,42.35288,0
            -76.00689,42.35293,0
            -76.00722,42.35305,0
            -76.00742,42.35311,0
            -76.00781,42.35321,0
            -76.00804,42.35325,0
            -76.00828,42.35328,0
            -76.00864,42.35331,0
            -76.00911,42.35332,0
            -76.00927,42.3533,0
            -76.00945,42.35329,0
            -76.00951,42.35328,0
            -76.00991,42.35324,0
            -76.00999,42.35322,0
            -76.01023,42.35318,0
            -76.01034,42.35317,0
            -76.01219,42.35287,0
            -76.01268,42.35284,0
            -76.01304,42.35284,0
            -76.01333,42.35286,0
            -76.01347,42.35288,0
            -76.0136,42.35289,0
            -76.01381,42.35293,0
            -76.01395,42.35295,0
            -76.01411,42.35299,0
            -76.01418,42.353,0
            -76.01465,42.35314,0
            -76.01474,42.35318,0
            -76.01487,42.35322,0
            -76.01564,42.35354,0
            -76.0157,42.35356,0
            -76.01848,42.3547,0
            -76.01863,42.35475,0
            -76.01919,42.35497,0
            -76.01936,42.35503,0
            -76.0196,42.3551,0
            -76.02018,42.35523,0
            -76.02043,42.35527,0
            -76.02047,42.35527,0
            -76.02076,42.35531,0
            -76.0213,42.35534,0
            -76.02149,42.35534,0
            -76.02384,42.35525,0
            -76.02402,42.35525,0
            -76.02463,42.35528,0
            -76.02481,42.3553,0
            -76.02489,42.3553,0
            -76.02553,42.35536,0
            -76.02559,42.35536,0
            -76.02578,42.35538,0
            -76.02611,42.3554,0
            -76.02686,42.35548,0
            -76.02746,42.35556,0
            -76.02748,42.35557,0
            -76.02855,42.35573,0
            -76.02876,42.35577,0
            -76.02949,42.35587,0
            -76.02997,42.35591,0
            -76.03038,42.35592,0
            -76.03512,42.35574,0
            -76.03524,42.35574,0
            -76.03612,42.3557,0
            -76.03635,42.3557,0
            -76.03653,42.35569,0
            -76.03673,42.3557,0
            -76.03691,42.3557,0
            -76.03708,42.35571,0
            -76.03862,42.35587,0
            -76.03875,42.35589,0
            -76.04252,42.35629,0
            -76.04289,42.35634,0
            -76.0434,42.35644,0
            -76.0436,42.35649,0
            -76.04398,42.3566,0
            -76.04413,42.35665,0
            -76.04417,42.35666,0
            -76.04592,42.35734,0
            -76.04626,42.35744,0
            -76.05059,42.35859,0
            -76.05078,42.35863,0
            -76.05093,42.35867,0
            -76.05102,42.35868,0
            -76.05117,42.35871,0
            -76.05164,42.35878,0
            -76.05344,42.359,0
            -76.0537,42.35904,0
            -76.05491,42.35919,0
            -76.05535,42.35923,0
            -76.05587,42.35921,0
            -76.05629,42.35917,0
            -76.05643,42.35914,0
            -76.05656,42.35912,0
            -76.05659,42.35911,0
            -76.05675,42.35908,0
            -76.05696,42.35902,0
            -76.05709,42.35899,0
            -76.05718,42.35896,0
            -76.0588,42.35857,0
            -76.05891,42.35855,0
            -76.06059,42.35814,0
            -76.06133,42.358,0
            -76.06177,42.35795,0
            -76.06181,42.35795,0
            -76.06205,42.35793,0
            -76.06215,42.35793,0
            -76.0625,42.35791,0
            -76.06278,42.35791,0
            -76.06311,42.35793,0
            -76.06359,42.35794,0
            -76.06651,42.35807,0
            -76.06724,42.35808,0
            -76.06739,42.35809,0
            -76.06772,42.35809,0
            -76.06967,42.35801,0
            -76.06978,42.358,0
            -76.06991,42.358,0
            -76.07064,42.35796,0
            -76.07072,42.35796,0
            -76.07088,42.35795,0
            -76.07113,42.35795,0
            -76.07155,42.35793,0
            -76.07264,42.35791,0
            -76.07787,42.35792,0
            -76.07839,42.35794,0
            -76.07959,42.35804,0
            -76.08088,42.35821,0
            -76.08632,42.35912,0
            -76.08652,42.35916,0
            -76.08831,42.35946,0
            -76.08967,42.35972,0
            -76.08983,42.35976,0
            -76.09004,42.3598,0
            -76.09084,42.36001,0
            -76.09121,42.36012,0
            -76.09188,42.36034,0
            -76.09261,42.36061,0
            -76.09282,42.3607,0
            -76.09505,42.36157,0
            -76.09576,42.36182,0
            -76.09644,42.36204,0
            -76.0969,42.36216,0
            -76.09721,42.36223,0
            -76.09735,42.36227,0
            -76.10025,42.36288,0
            -76.1022,42.36325,0
            -76.103,42.36334,0
            -76.10364,42.36338,0
            -76.10653,42.36342,0
            -76.10683,42.36344,0
            -76.10705,42.36347,0
            -76.10807,42.36356,0
            -76.10921,42.36374,0
            -76.10924,42.36375,0
            -76.11063,42.36398,0
            -76.11159,42.36412,0
            -76.11233,42.3642,0
            -76.11369,42.36426,0
            -76.1143,42.36424,0
            -76.11471,42.36424,0
            -76.12315,42.36404,0
            -76.12388,42.36409,0
            -76.12446,42.36418,0
            -76.13999,42.368,0
            -76.14009,42.36802,0
            -76.14242,42.36859,0
            -76.14253,42.36861,0
            -76.14585,42.36943,0
            -76.146,42.36946,0
            -76.15203,42.37094,0
            -76.15252,42.37101,0
            -76.15436,42.37146,0
            -76.15469,42.37153,0
            -76.15538,42.37171,0
            -76.15584,42.37179,0
            -76.15586,42.37179,0
            -76.15606,42.37182,0
            -76.1561,42.37182,0
            -76.15627,42.37184,0
            -76.15675,42.37186,0
            -76.15716,42.37185,0
            -76.15773,42.37179,0
            -76.15826,42.37169,0
            -76.15851,42.37166,0
            -76.15874,42.37159,0
            -76.15894,42.37151,0
            -76.159,42.37149,0
            -76.15928,42.37137,0
            -76.1597,42.37114,0
            -76.15986,42.37104,0
            -76.16011,42.37087,0
            -76.16033,42.37069,0
            -76.16352,42.36775,0
            -76.16373,42.36754,0
            -76.16384,42.36745,0
            -76.16392,42.36737,0
            -76.16535,42.36607,0
            -76.16565,42.36577,0
            -76.16652,42.36498,0
            -76.1667,42.36483,0
            -76.16676,42.36477,0
            -76.16687,42.36468,0
            -76.16745,42.36425,0
            -76.16789,42.36396,0
            -76.16803,42.36388,0
            -76.16825,42.36374,0
            -76.16852,42.36359,0
            -76.16913,42.36329,0
            -76.16935,42.3632,0
            -76.16966,42.36306,0
            -76.17079,42.36267,0
            -76.1709,42.36264,0
            -76.17098,42.36261,0
            -76.17137,42.36252,0
            -76.17151,42.36248,0
            -76.17165,42.36246,0
            -76.172,42.36239,0
            -76.17307,42.36223,0
            -76.17371,42.36217,0
            -76.17431,42.36214,0
            -76.17492,42.36214,0
            -76.17559,42.36217,0
            -76.17605,42.36221,0
            -76.17655,42.36227,0
            -76.17694,42.36233,0
            -76.17703,42.36235,0
            -76.17719,42.36237,0
            -76.17734,42.3624,0
            -76.17744,42.36243,0
            -76.17773,42.36249,0
            -76.17777,42.36249,0
            -76.17837,42.36264,0
            -76.17843,42.36265,0
            -76.17866,42.36271,0
            -76.17941,42.36288,0
            -76.17959,42.36293,0
            -76.17982,42.36298,0
            -76.18074,42.36322,0
            -76.18259,42.36366,0
            -76.18265,42.36367,0
            -76.18352,42.36388,0
            -76.18353,42.36388,0
            -76.18653,42.36461,0
            -76.18681,42.36467,0
            -76.18699,42.36472,0
            -76.18766,42.36484,0
            -76.18811,42.36488,0
            -76.18854,42.36489,0
            -76.18942,42.36487,0
            -76.1897,42.36485,0
            -76.18999,42.36481,0
            -76.19013,42.36478,0
            -76.19032,42.36475,0
            -76.19045,42.36472,0
            -76.19046,42.36472,0
            -76.19068,42.36467,0
            -76.1907,42.36467,0
            -76.19086,42.36462,0
            -76.19091,42.36461,0
            -76.19107,42.36456,0
            -76.19115,42.36453,0
            -76.19128,42.36449,0
            -76.19136,42.36446,0
            -76.19137,42.36446,0
            -76.19174,42.36431,0
            -76.19178,42.36429,0
            -76.19179,42.36428,0
            -76.1919,42.36424,0
            -76.19199,42.36419,0
            -76.19206,42.36416,0
            -76.19219,42.36409,0
            -76.1922,42.36408,0
            -76.19223,42.36407,0
            -76.19247,42.36394,0
            -76.19281,42.36372,0
            -76.19293,42.36363,0
            -76.19312,42.3635,0
            -76.19328,42.36336,0
            -76.19334,42.36332,0
            -76.19365,42.36303,0
            -76.19387,42.36279,0
            -76.19402,42.3626,0
            -76.1942,42.36232,0
            -76.19421,42.36231,0
            -76.19433,42.3621,0
            -76.19447,42.36181,0
            -76.19466,42.36131,0
            -76.19467,42.36129,0
            -76.19469,42.36122,0
            -76.19473,42.36112,0
            -76.19515,42.35992,0
            -76.19516,42.3599,0
            -76.19519,42.35979,0
            -76.19526,42.35959,0
            -76.19527,42.35954,0
            -76.19529,42.3595,0
            -76.19554,42.35886,0
            -76.19564,42.35864,0
            -76.19584,42.35832,0
            -76.19586,42.3583,0
            -76.19596,42.35817,0
            -76.19612,42.35799,0
            -76.19628,42.35784,0
            -76.19637,42.35777,0
            -76.19645,42.35769,0
            -76.1966,42.35759,0
            -76.19675,42.35748,0
            -76.197,42.35733,0
            -76.19742,42.35716,0
            -76.19787,42.35701,0
            -76.1983,42.3569,0
            -76.19855,42.35685,0
            -76.20068,42.35635,0
            -76.20109,42.35627,0
            -76.20123,42.35623,0
            -76.20132,42.35622,0
            -76.20135,42.35621,0
            -76.20216,42.35603,0
            -76.20218,42.35602,0
            -76.20249,42.35597,0
            -76.20265,42.35596,0
            -76.20274,42.35596,0
            -76.20306,42.35599,0
            -76.20336,42.35604,0
            -76.20378,42.35621,0
            -76.20397,42.35633,0
            -76.20408,42.35641,0
            -76.20414,42.35646,0
            -76.20422,42.35654,0
            -76.20433,42.35667,0
            -76.20442,42.35676,0
            -76.20448,42.35683,0
            -76.20454,42.35691,0
            -76.20455,42.35691,0
            -76.20463,42.357,0
            -76.2047,42.35707,0
            -76.20493,42.35725,0
            -76.20521,42.35742,0
            -76.2054,42.35752,0
            -76.2058,42.35771,0
            -76.20583,42.35773,0
            -76.20585,42.35774,0
            -76.20591,42.35778,0
            -76.20649,42.35807,0
            -76.20651,42.35809,0
            -76.20824,42.35898,0
            -76.20831,42.35901,0
            -76.20917,42.35947,0
            -76.20943,42.35963,0
            -76.21,42.36004,0
            -76.2103,42.36032,0
            -76.21035,42.36036,0
            -76.2106,42.3606,0
            -76.21069,42.3607,0
            -76.21104,42.36103,0
            -76.21108,42.36108,0
            -76.21123,42.36121,0
            -76.212,42.36181,0
            -76.21202,42.36183,0
            -76.21213,42.36192,0
            -76.21219,42.36196,0
            -76.21221,42.36198,0
            -76.2156,42.3646,0
            -76.21609,42.36494,0
            -76.2163,42.36507,0
            -76.2164,42.36512,0
            -76.21643,42.36513,0
            -76.21656,42.36521,0
            -76.21686,42.36536,0
            -76.21693,42.3654,0
            -76.21721,42.36552,0
            -76.21722,42.36553,0
            -76.21728,42.36555,0
            -76.21752,42.36565,0
            -76.2182,42.36586,0
            -76.21855,42.36595,0
            -76.21901,42.36605,0
            -76.21945,42.36612,0
            -76.21949,42.36612,0
            -76.21992,42.36617,0
            -76.22033,42.36619,0
            -76.22106,42.36619,0
            -76.22167,42.36614,0
            -76.22191,42.36611,0
            -76.22204,42.3661,0
            -76.22263,42.366,0
            -76.22296,42.36593,0
            -76.2231,42.36591,0
            -76.22339,42.36585,0
            -76.22359,42.36582,0
            -76.2242,42.36577,0
            -76.2245,42.36577,0
            -76.22603,42.36585,0
            -76.22609,42.36586,0
            -76.22826,42.36598,0
            -76.22902,42.36598,0
            -76.22918,42.36597,0
            -76.23,42.36587,0
            -76.2303,42.3658,0
            -76.23063,42.36571,0
            -76.23106,42.36555,0
            -76.2311,42.36553,0
            -76.23123,42.36548,0
            -76.23141,42.3654,0
            -76.23163,42.36529,0
            -76.23194,42.36511,0
            -76.23205,42.36503,0
            -76.23221,42.36493,0
            -76.23223,42.36491,0
            -76.23252,42.36471,0
            -76.2338,42.36378,0
            -76.2338,42.36377,0
            -76.23588,42.36228,0
            -76.23601,42.3622,0
            -76.23612,42.36214,0
            -76.23628,42.36207,0
            -76.2367,42.36193,0
            -76.23693,42.3619,0
            -76.23721,42.36185,0
            -76.23754,42.36188,0
            -76.23771,42.36188,0
            -76.23811,42.36195,0
            -76.23825,42.36199,0
            -76.23832,42.36202,0
            -76.23844,42.36206,0
            -76.2386,42.36213,0
            -76.23873,42.3622,0
            -76.23894,42.36234,0
            -76.2391,42.36246,0
            -76.23955,42.36286,0
            -76.2397,42.36298,0
            -76.23972,42.36299,0
            -76.2398,42.36306,0
            -76.24004,42.36321,0
            -76.24008,42.36324,0
            -76.24018,42.36329,0
            -76.24024,42.36333,0
            -76.24028,42.36334,0
            -76.24059,42.36348,0
            -76.24064,42.36351,0
            -76.24104,42.36368,0
            -76.24147,42.36384,0
            -76.24199,42.36408,0
            -76.24254,42.36439,0
            -76.243,42.36469,0
            -76.24302,42.3647,0
            -76.24309,42.36475,0
            -76.24515,42.36601,0
            -76.24525,42.36608,0
            -76.24527,42.36609,0
            -76.24533,42.36613,0
            -76.24544,42.36619,0
            -76.24562,42.36631,0
            -76.24571,42.36636,0
            -76.24581,42.36643,0
            -76.24641,42.36678,0
            -76.24646,42.36682,0
            -76.24665,42.36693,0
            -76.24675,42.367,0
            -76.24677,42.367,0
            -76.2468,42.36702,0
            -76.24683,42.36705,0
            -76.24694,42.36711,0
            -76.2472,42.36727,0
            -76.24721,42.36728,0
            -76.24757,42.36753,0
            -76.248,42.36786,0
            -76.24801,42.36786,0
            -76.24818,42.36798,0
            -76.24825,42.36804,0
            -76.24867,42.36835,0
            -76.24869,42.36837,0
            -76.24952,42.36903,0
            -76.24958,42.36907,0
            -76.2499,42.36933,0
            -76.24992,42.36934,0
            -76.25002,42.36942,0
            -76.25011,42.36948,0
            -76.25097,42.37011,0
            -76.25144,42.37042,0
            -76.25219,42.37087,0
            -76.25277,42.3712,0
            -76.25285,42.37124,0
            -76.25296,42.37131,0
            -76.25298,42.37131,0
            -76.25375,42.37173,0
            -76.25377,42.37175,0
            -76.25435,42.37203,0
            -76.25436,42.37203,0
            -76.25448,42.37209,0
            -76.25456,42.37212,0
            -76.25457,42.37212,0
            -76.25478,42.3722,0
            -76.25478,42.37221,0
            -76.25499,42.37229,0
            -76.255,42.37229,0
            -76.25521,42.37236,0
            -76.25522,42.37236,0
            -76.25566,42.37252,0
            -76.25588,42.37259,0
            -76.25766,42.37323,0
            -76.25805,42.37339,0
            -76.25806,42.3734,0
            -76.25814,42.37343,0
            -76.25897,42.37386,0
            -76.25942,42.37413,0
            -76.25943,42.37414,0
            -76.25958,42.37424,0
            -76.25961,42.37425,0
            -76.25962,42.37426,0
            -76.26001,42.37447,0
            -76.26003,42.37449,0
            -76.26041,42.37469,0
            -76.26097,42.37494,0
            -76.26101,42.37495,0
            -76.26103,42.37496,0
            -76.26211,42.37536,0
            -76.26212,42.37536,0
            -76.26232,42.37543,0
            -76.26254,42.37552,0
            -76.26255,42.37552,0
            -76.26275,42.3756,0
            -76.26277,42.3756,0
            -76.26362,42.37592,0
            -76.26364,42.37593,0
            -76.26427,42.37616,0
            -76.26429,42.37617,0
            -76.2647,42.37633,0
            -76.26473,42.37633,0
            -76.26492,42.37641,0
            -76.26581,42.37674,0
            -76.266,42.37682,0
            -76.26622,42.3769,0
            -76.26689,42.37717,0
            -76.26815,42.37771,0
            -76.26838,42.3778,0
            -76.26899,42.37807,0
            -76.26918,42.37814,0
            -76.2692,42.37816,0
            -76.26991,42.37846,0
            -76.27017,42.37856,0
            -76.27055,42.37869,0
            -76.271,42.3788,0
            -76.27141,42.37888,0
            -76.27194,42.37893,0
            -76.27239,42.37895,0
            -76.27549,42.37886,0
            -76.27587,42.37881,0
            -76.27628,42.37874,0
            -76.27651,42.37869,0
            -76.27674,42.37863,0
            -76.27681,42.3786,0
            -76.27825,42.37815,0
            -76.27838,42.37812,0
            -76.27911,42.37789,0
            -76.27979,42.37771,0
            -76.28018,42.37764,0
            -76.28021,42.37763,0
            -76.28094,42.37754,0
            -76.28137,42.37751,0
            -76.28148,42.37751,0
            -76.28161,42.3775,0
            -76.28458,42.3775,0
            -76.28623,42.37754,0
            -76.28717,42.37761,0
            -76.30253,42.37902,0
            -76.30261,42.37902,0
            -76.30494,42.37924,0
            -76.30496,42.37924,0
            -76.30518,42.37927,0
            -76.30577,42.37937,0
            -76.30636,42.3795,0
            -76.30682,42.37964,0
            -76.30699,42.3797,0
            -76.30703,42.37972,0
            -76.30726,42.3798,0
            -76.30763,42.37996,0
            -76.30819,42.38022,0
            -76.3207,42.38647,0
            -76.32075,42.3865,0
            -76.32116,42.38669,0
            -76.32188,42.38705,0
            -76.32294,42.38752,0
            -76.32395,42.38791,0
            -76.32541,42.38844,0
            -76.32563,42.38851,0
            -76.32585,42.38859,0
            -76.32647,42.38878,0
            -76.32653,42.38879,0
            -76.32673,42.38885,0
            -76.33785,42.39153,0
            -76.33801,42.39158,0
            -76.33861,42.39174,0
            -76.34029,42.39227,0
            -76.34066,42.39237,0
            -76.34072,42.39239,0
            -76.34191,42.39266,0
            -76.34214,42.39272,0
            -76.34263,42.39287,0
            -76.34481,42.39376,0
            -76.34486,42.39377,0
            -76.34507,42.39385,0
            -76.3454,42.39394,0
            -76.34556,42.39397,0
            -76.3457,42.39398,0
            -76.34585,42.394,0
            -76.34602,42.39401,0
            -76.35501,42.39383,0
            -76.35515,42.39382,0
            -76.35988,42.39375,0
            -76.36235,42.3938,0
            -76.36284,42.3938,0
            -76.36308,42.39381,0
            -76.36336,42.3938,0
            -76.36362,42.3938,0
            -76.3643,42.39377,0
            -76.36554,42.39368,0
            -76.36648,42.39364,0
            -76.36724,42.39364,0
            -76.36887,42.39374,0
            -76.36893,42.39375,0
            -76.37313,42.39403,0
            -76.37344,42.39406,0
            -76.37376,42.39411,0
            -76.37389,42.39412,0
            -76.37591,42.39453,0
            -76.37592,42.39453,0
            -76.37596,42.39454,0
            -76.37597,42.39454,0
            -76.37694,42.39474,0
            -76.37757,42.39485,0
            -76.37762,42.39485,0
            -76.3778,42.39488,0
            -76.37781,42.39488,0
            -76.3781,42.39493,0
            -76.379,42.39505,0
            -76.37901,42.39505,0
            -76.37912,42.39507,0
            -76.37918,42.39507,0
            -76.38044,42.39525,0
            -76.38056,42.39526,0
            -76.38084,42.3953,0
            -76.38163,42.39538,0
            -76.38223,42.39542,0
            -76.38636,42.39551,0
            -76.38735,42.39551,0
            -76.38812,42.39548,0
            -76.38903,42.39542,0
            -76.38941,42.39538,0
            -76.39036,42.39531,0
            -76.39086,42.39526,0
            -76.39095,42.39526,0
            -76.39111,42.39524,0
            -76.39175,42.3952,0
            -76.39181,42.39519,0
            -76.39208,42.39518,0
            -76.39269,42.39518,0
            -76.39284,42.39519,0
            -76.39324,42.3952,0
            -76.39527,42.39532,0
            -76.39548,42.39534,0
            -76.39637,42.39539,0
            -76.39669,42.39542,0
            -76.39674,42.39542,0
            -76.39795,42.3955,0
            -76.39849,42.39555,0
            -76.39898,42.39558,0
            -76.39964,42.39564,0
            -76.39988,42.39565,0
            -76.40085,42.39573,0
            -76.4011,42.39574,0
            -76.40151,42.39578,0
            -76.40182,42.3958,0
            -76.40255,42.39587,0
            -76.40273,42.39588,0
            -76.40279,42.39589,0
            -76.40309,42.39591,0
            -76.40313,42.39592,0
            -76.40323,42.39592,0
            -76.40327,42.39593,0
            -76.40339,42.39593,0
            -76.40358,42.39595,0
            -76.40372,42.39595,0
            -76.40376,42.39596,0
            -76.40455,42.39599,0
            -76.40456,42.396,0
            -76.40698,42.39606,0
            -76.40706,42.39607,0
            -76.40817,42.39611,0
            -76.40844,42.39611,0
            -76.4089,42.39613,0
            -76.40914,42.39615,0
            -76.40919,42.39615,0
            -76.40939,42.39617,0
            -76.40948,42.39617,0
            -76.40963,42.39619,0
            -76.40968,42.39619,0
            -76.40987,42.39622,0
            -76.4099,42.39622,0
            -76.41011,42.39626,0
            -76.41013,42.39626,0
            -76.41054,42.39635,0
            -76.41059,42.39637,0
            -76.41086,42.39644,0
            -76.4113,42.39659,0
            -76.4117,42.39676,0
            -76.41202,42.39692,0
            -76.41243,42.39714,0
            -76.41252,42.39718,0
            -76.41271,42.39729,0
            -76.41358,42.39775,0
            -76.41377,42.39786,0
            -76.41486,42.39844,0
            -76.41565,42.39883,0
            -76.41744,42.39966,0
            -76.41747,42.39968,0
            -76.42456,42.40299,0
            -76.42477,42.4031,0
            -76.42746,42.40441,0
            -76.42751,42.40444,0
            -76.42944,42.40536,0
            -76.43021,42.40575,0
            -76.43041,42.40586,0
            -76.43195,42.40663,0
            -76.43199,42.40664,0
            -76.43208,42.40669,0
            -76.43443,42.40782,0
            -76.43452,42.40787,0
            -76.43456,42.40788,0
            -76.43554,42.40836,0
            -76.43565,42.40842,0
            -76.43707,42.40911,0
            -76.43716,42.40916,0
            -76.43728,42.40921,0
            -76.43737,42.40926,0
            -76.43879,42.40995,0
            -76.4389,42.41001,0
            -76.43953,42.41029,0
            -76.43983,42.4104,0
            -76.44073,42.41068,0
            -76.44108,42.41081,0
            -76.4415,42.41099,0
            -76.44156,42.41101,0
            -76.44161,42.41104,0
            -76.44171,42.41108,0
            -76.44294,42.41166,0
            -76.44314,42.41174,0
            -76.44378,42.41203,0
            -76.44398,42.41213,0
            -76.44412,42.41219,0
            -76.44606,42.41318,0
            -76.44671,42.41353,0
            -76.45092,42.41592,0
            -76.45268,42.41688,0
            -76.45512,42.41827,0
            -76.45529,42.41838,0
            -76.45624,42.41894,0
            -76.45625,42.41894,0
            -76.45637,42.41902,0
            -76.45775,42.41985,0
            -76.45784,42.41991,0
            -76.45949,42.42091,0
            -76.46031,42.42146,0
            -76.46309,42.42347,0
            -76.46311,42.42349,0
            -76.46314,42.4235,0
            -76.46365,42.42386,0
            -76.46367,42.42387,0
            -76.46382,42.42398,0
            -76.46561,42.42517,0
            -76.46841,42.42694,0
            -76.46937,42.42757,0
            -76.47034,42.42817,0
            -76.47056,42.42829,0
            -76.47083,42.42846,0
            -76.47094,42.42852,0
            -76.47138,42.42882,0
            -76.47143,42.42885,0
            -76.47326,42.43013,0
            -76.47407,42.43066,0
            -76.47424,42.43078,0
            -76.4745,42.43093,0
            -76.47462,42.43101,0
            -76.47498,42.43122,0
            -76.47525,42.43136,0
            -76.47543,42.43144,0
            -76.47546,42.43146,0
            -76.47595,42.43167,0
            -76.47596,42.43167,0
            -76.47606,42.43172,0
            -76.47898,42.43302,0
            -76.47913,42.4331,0
            -76.47918,42.43312,0
            -76.47931,42.43319,0
            -76.47935,42.43322,0
            -76.47956,42.43335,0
            -76.47992,42.43367,0
            -76.48013,42.43382,0
            -76.48052,42.43405,0
            -76.48067,42.43413,0
            -76.48072,42.43415,0
            -76.48105,42.43433,0
            -76.48134,42.43447,0
            -76.48141,42.43451,0
            -76.4815,42.43455,0
            -76.48162,42.43459,0
            -76.48205,42.43477,0
            -76.48213,42.43481,0
            -76.48234,42.4349,0
            -76.48237,42.43491,0
            -76.4826,42.43503,0
            -76.48269,42.43509,0
            -76.48286,42.43518,0
            -76.48395,42.43586,0
            -76.48413,42.43598,0
            -76.48436,42.43612,0
            -76.4845,42.43622,0
            -76.48452,42.43623,0
            -76.48608,42.43728,0
            -76.48585,42.4374,0
            -76.48504,42.43764,0
            -76.48507,42.43788,0
            -76.4851,42.43835,0
            -76.48518,42.44023,0
            -76.48519,42.44031,0
            -76.48524,42.44152,0
            -76.48525,42.44161,0
            -76.48528,42.44258,0
            -76.48526,42.44265,0
            -76.48525,42.4427,0
            -76.48522,42.44277,0
            -76.48522,42.44281,0
            -76.48521,42.44289,0
            -76.48521,42.44294,0
            -76.48523,42.443,0
            -76.48526,42.44316,0
            -76.48531,42.44336,0
            -76.48536,42.44351,0
            -76.48536,42.44353,0
            -76.48534,42.44371,0
            -76.48533,42.44372,0
          </coordinates>
        </LineString>
      </Placemark>
      <Placemark>
        <name>Brauer Geologic Field Station</name>
        <styleUrl>#icon-1899-DB4436-nodesc</styleUrl>
        <Point>
          <coordinates>
            -73.8662068,42.5424194,0
          </coordinates>
        </Point>
      </Placemark>
      <Placemark>
        <name>Abandoned quarry</name>
        <styleUrl>#icon-1899-DB4436-nodesc</styleUrl>
        <Point>
          <coordinates>
            -73.8624161,42.5580398,0
          </coordinates>
        </Point>
      </Placemark>
      <Placemark>
        <name>Joralemon Memorial Park</name>
        <styleUrl>#icon-1899-DB4436-nodesc</styleUrl>
        <Point>
          <coordinates>
            -73.8675074,42.4729698,0
          </coordinates>
        </Point>
      </Placemark>
      <Placemark>
        <name>Indian Ladder Trail</name>
        <styleUrl>#icon-1899-DB4436-nodesc</styleUrl>
        <Point>
          <coordinates>
            -74.0179096,42.6549251,0
          </coordinates>
        </Point>
      </Placemark>
      <Placemark>
        <name>Secret Caverns</name>
        <styleUrl>#icon-1899-DB4436-nodesc</styleUrl>
        <Point>
          <coordinates>
            -74.3917474,42.7094777,0
          </coordinates>
        </Point>
      </Placemark>
      <Placemark>
        <name>Snee Hall</name>
        <styleUrl>#icon-1899-DB4436-nodesc</styleUrl>
        <Point>
          <coordinates>
            -76.4853336,42.4437223,0
          </coordinates>
        </Point>
      </Placemark>
    </Folder>
    <Folder>
      <name>Untitled layer</name>
      <Placemark>
        <name>Albany clay</name>
        <styleUrl>#icon-1899-0288D1-nodesc</styleUrl>
        <Point>
          <coordinates>
            -73.6606423,42.8250131,0
          </coordinates>
        </Point>
      </Placemark>
    </Folder>
  </Document>
</kml>
